CONSTRUCTOR::create (V) | option pane (N) ++ :: AbstractOptionPane (N) :: abstractoptionpane (N) ::AbstractOptionPane_AbstractOptionPane_AbstractOptionPane__String__
SPECIAL::get (V) | name (N) ++ :: String (N) :: abstractoptionpane (N) ::AbstractOptionPane_String_getName____
SPECIAL::get (V) | component (N) ++ :: Component (N) :: abstractoptionpane (N) ::AbstractOptionPane_Component_getComponent____
BASE_VERB::init (V) | value (N) ++ :: void (N) :: abstractoptionpane (N) ::AbstractOptionPane_void_init____
BASE_VERB::save (V) | value (N) ++ :: void (N) :: abstractoptionpane (N) ::AbstractOptionPane_void_save____
BASE_VERB::new (V) | label (N) ++ :: JLabel (N) :: abstractoptionpane (N) ::AbstractOptionPane_JLabel_newLabel__String-Component__
BASE_VERB::add (V) | component (N) ++ :: void (N) :: abstractoptionpane (N) ::AbstractOptionPane_void_addComponent__String-Component__
BASE_VERB::add (V) | component (N) ++ :: void (N) :: abstractoptionpane (N) ::AbstractOptionPane_void_addComponent__String-Component-int__
BASE_VERB::add (V) | component (N) ++ :: void (N) :: abstractoptionpane (N) ::AbstractOptionPane_void_addComponent__Component-Component__
BASE_VERB::add (V) | component (N) ++ :: void (N) :: abstractoptionpane (N) ::AbstractOptionPane_void_addComponent__Component-Component-int__
BASE_VERB::add (V) | component (N) ++ :: void (N) :: abstractoptionpane (N) ::AbstractOptionPane_void_addComponent__Component__
BASE_VERB::add (V) | component (N) ++ :: void (N) :: abstractoptionpane (N) ::AbstractOptionPane_void_addComponent__Component-int__
BASE_VERB::copy (V) | tool tips (N) ++ :: void (N) :: abstractoptionpane (N) ::AbstractOptionPane_void_copyToolTips__Component-Component__
BASE_VERB::add (V) | separator (N) ++ :: void (N) :: abstractoptionpane (N) ::AbstractOptionPane_void_addSeparator____
BASE_VERB::add (V) | separator (N) ++ :: void (N) :: abstractoptionpane (N) ::AbstractOptionPane_void_addSeparator__String__
BASE_VERB::init (V) | value (N) ++ :: void (N) :: abstractoptionpane (N) ::AbstractOptionPane_void__init____
BASE_VERB::save (V) | value (N) ++ :: void (N) :: abstractoptionpane (N) ::AbstractOptionPane_void__save____
CONSTRUCTOR::create (V) | set (N) ++ :: ActionSet (N) :: actionset (N) ::ActionSet_ActionSet_ActionSet____
CONSTRUCTOR::create (V) | set (N) ++ :: ActionSet (N) :: actionset (N) ::ActionSet_ActionSet_ActionSet__PluginJAR-StringArray-booleanArray-URL__
BASE_VERB::add (V) | action (N) ++ :: void (N) :: actionset (N) ::ActionSet_void_addAction__EditAction__
SPECIAL::get (V) | array (N) ++ :: EditActionArray (N) :: actionset (N) ::ActionSet_EditActionArray_getArray__int__
SPECIAL::get (V) | actions (N) ++ :: EditActionArray (N) :: actionset (N) ::ActionSet_EditActionArray_getActions____
CONSTRUCTOR::create (V) | set (N) ++ :: ActionSet (N) :: actionset (N) ::ActionSet_ActionSet_ActionSet__String__
SPECIAL::get (V) | label (N) ++ :: String (N) :: actionset (N) ::ActionSet_String_getLabel____
SPECIAL::set (V) | label (N) ++ :: void (N) :: actionset (N) ::ActionSet_void_setLabel__String__
SPECIAL::get (V) | plugin jar (N) ++ :: PluginJAR (N) :: actionset (N) ::ActionSet_PluginJAR_getPluginJAR____
SPECIAL::get (V) | cacheable action names (N) ++ :: StringArray (N) :: actionset (N) ::ActionSet_StringArray_getCacheableActionNames____
SPECIAL::get (V) | property (N) ++ :: String (N) :: actionset (N) ::ActionSet_String_getProperty__String__
SPECIAL::get (V) | input handler (N) ++ :: AbstractInputHandler (N) :: actionset (N) ::ActionSet_AbstractInputHandler_getInputHandler____
BASE_VERB::compare (V) | to (N) ++ :: int (N) :: actionset (N) ::ActionSet_int_compareTo__Object__
BASE_VERB::to (V) | string (N) ++ :: String (N) :: actionset (N) ::ActionSet_String_toString____
BASE_VERB::create (V) | bean shell action (N) ++ :: EditAction (N) :: actionset (N) ::ActionSet_EditAction_createBeanShellAction__String-String-String-boolean-boolean-boolean__
CONSTRUCTOR::create (V) | shell facade (N) ++ :: BeanShellFacade (N) :: beanshellfacade (N) ::BeanShellFacade_BeanShellFacade_BeanShellFacade____
BASE_VERB::init (V) | value (N) ++ :: void (N) :: beanshellfacade (N) ::BeanShellFacade_void_init____
BASE_VERB::eval (V) | selection (N) ++ :: void (N) :: beanshellfacade (N) ::BeanShellFacade_void_evalSelection__T-TextArea__
BASE_VERB::eval (V) | value (N) ++ :: Object (N) :: beanshellfacade (N) ::BeanShellFacade_Object_eval__T-String__
BASE_VERB::eval (V) | value (N) ++ :: Object (N) :: beanshellfacade (N) ::BeanShellFacade_Object_eval__T-NameSpace-String__
BASE_VERB::eval (V) | value (N) ++ :: Object (N) :: beanshellfacade (N) ::BeanShellFacade_Object__eval__T-NameSpace-String__
BASE_VERB::cache (V) | block (N) ++ :: BshMethod (N) :: beanshellfacade (N) ::BeanShellFacade_BshMethod_cacheBlock__String-String-boolean__
BASE_VERB::run (V) | cached block (N) ++ :: Object (N) :: beanshellfacade (N) ::BeanShellFacade_Object_runCachedBlock__BshMethod-T-NameSpace__
SPECIAL::get (V) | name space (N) ++ :: NameSpace (N) :: beanshellfacade (N) ::BeanShellFacade_NameSpace_getNameSpace____
BASE_VERB::reset (V) | class manager (N) ++ :: void (N) :: beanshellfacade (N) ::BeanShellFacade_void_resetClassManager____
SPECIAL::set (V) | variable (N) ++ :: void (N) :: beanshellfacade (N) ::BeanShellFacade_void_setVariable__NameSpace-String-Object__
SPECIAL::setup (V) | default variables (N) ++ :: void (N) :: beanshellfacade (N) ::BeanShellFacade_void_setupDefaultVariables__NameSpace-T__
BASE_VERB::reset (V) | default variables (N) ++ :: void (N) :: beanshellfacade (N) ::BeanShellFacade_void_resetDefaultVariables__NameSpace__
BASE_VERB::handle (V) | exception (N) ++ :: void (N) :: beanshellfacade (N) ::BeanShellFacade_void_handleException__T-String-Throwable__
BASE_VERB::create (V) | interpreter (N) ++ :: Interpreter (N) :: beanshellfacade (N) ::BeanShellFacade_Interpreter_createInterpreter__NameSpace__
BASE_VERB::unwrap (V) | exception (N) ++ :: void (N) :: beanshellfacade (N) ::BeanShellFacade_void_unwrapException__Exception__
BASE_VERB::reload (V) | value (N) ++ :: void (N) :: buffer (N) ::Buffer_void_reload__View__
BASE_VERB::run (V) | value (N) ++ :: void (N) :: buffer (N) ::Buffer_void_run____
BASE_VERB::load (V) | value (N) ++ :: boolean (N) :: buffer (N) ::Buffer_boolean_load__View-boolean__
BASE_VERB::insert (V) | file (N) ++ :: boolean (N) :: buffer (N) ::Buffer_boolean_insertFile__View-String__
BASE_VERB::autosave (V) | value (N) ++ :: void (N) :: buffer (N) ::Buffer_void_autosave____
BASE_VERB::save (V) | as (N) ++ :: boolean (N) :: buffer (N) ::Buffer_boolean_saveAs__View-boolean__
BASE_VERB::save (V) | value (N) ++ :: boolean (N) :: buffer (N) ::Buffer_boolean_save__View-String__
BASE_VERB::save (V) | value (N) ++ :: boolean (N) :: buffer (N) ::Buffer_boolean_save__View-String-boolean__
BASE_VERB::run (V) | value (N) ++ :: void (N) :: buffer (N) ::Buffer_void_run____
BASE_VERB::save (V) | value (N) ++ :: boolean (N) :: buffer (N) ::Buffer_boolean_save__View-String-boolean-boolean__
BASE_VERB::check (V) | file status (N) ++ :: int (N) :: buffer (N) ::Buffer_int_checkFileStatus__View__
SPECIAL::get (V) | last modified (N) ++ :: long (N) :: buffer (N) ::Buffer_long_getLastModified____
SPECIAL::set (V) | last modified (N) ++ :: void (N) :: buffer (N) ::Buffer_void_setLastModified__long__
SPECIAL::get (V) | auto reload (N) ++ :: boolean (N) :: buffer (N) ::Buffer_boolean_getAutoReload____
SPECIAL::set (V) | auto reload (N) ++ :: void (N) :: buffer (N) ::Buffer_void_setAutoReload__boolean__
SPECIAL::get (V) | auto reload dialog (N) ++ :: boolean (N) :: buffer (N) ::Buffer_boolean_getAutoReloadDialog____
SPECIAL::set (V) | auto reload dialog (N) ++ :: void (N) :: buffer (N) ::Buffer_void_setAutoReloadDialog__boolean__
SPECIAL::get (V) | vfs (N) ++ :: VFS (N) :: buffer (N) ::Buffer_VFS_getVFS____
SPECIAL::get (V) | autosave file (N) ++ :: File (N) :: buffer (N) ::Buffer_File_getAutosaveFile____
BASE_VERB::remove (V) | autosave file (N) ++ :: void (N) :: buffer (N) ::Buffer_void_removeAutosaveFile____
SPECIAL::get (V) | name (N) ++ :: String (N) :: buffer (N) ::Buffer_String_getName____
SPECIAL::get (V) | path (N) ++ :: String (N) :: buffer (N) ::Buffer_String_getPath____
SPECIAL::get (V) | path (N) ++ :: String (N) :: buffer (N) ::Buffer_String_getPath__Boolean__
SPECIAL::get (V) | symlink path (N) ++ :: String (N) :: buffer (N) ::Buffer_String_getSymlinkPath____
SPECIAL::get (V) | directory (N) ++ :: String (N) :: buffer (N) ::Buffer_String_getDirectory____
SPECIAL::is (V) | closed (N) ++ :: boolean (N) :: buffer (N) ::Buffer_boolean_isClosed____
SPECIAL::is (V) | loaded (N) ++ :: boolean (N) :: buffer (N) ::Buffer_boolean_isLoaded____
SPECIAL::is (V) | new file (N) ++ :: boolean (N) :: buffer (N) ::Buffer_boolean_isNewFile____
SPECIAL::set (V) | new file (N) ++ :: void (N) :: buffer (N) ::Buffer_void_setNewFile__boolean__
SPECIAL::is (V) | untitled (N) ++ :: boolean (N) :: buffer (N) ::Buffer_boolean_isUntitled____
SPECIAL::set (V) | dirty (N) ++ :: void (N) :: buffer (N) ::Buffer_void_setDirty__boolean__
SPECIAL::is (V) | temporary (N) ++ :: boolean (N) :: buffer (N) ::Buffer_boolean_isTemporary____
SPECIAL::get (V) | icon (N) ++ :: Icon (N) :: buffer (N) ::Buffer_Icon_getIcon____
BASE_VERB::properties (V) | changed (N) ++ :: void (N) :: buffer (N) ::Buffer_void_propertiesChanged____
SPECIAL::get (V) | default property (N) ++ :: Object (N) :: buffer (N) ::Buffer_Object_getDefaultProperty__String__
BASE_VERB::toggle (V) | word wrap (N) ++ :: void (N) :: buffer (N) ::Buffer_void_toggleWordWrap__View__
BASE_VERB::toggle (V) | auto indent (N) ++ :: void (N) :: buffer (N) ::Buffer_void_toggleAutoIndent__View__
BASE_VERB::toggle (V) | line separator (N) ++ :: void (N) :: buffer (N) ::Buffer_void_toggleLineSeparator__View__
SPECIAL::get (V) | context sensitive property (N) ++ :: String (N) :: buffer (N) ::Buffer_String_getContextSensitiveProperty__int-String__
SPECIAL::set (V) | mode (N) ++ :: void (N) :: buffer (N) ::Buffer_void_setMode____
SPECIAL::get (V) | default mode (N) ++ :: Mode (N) :: buffer (N) ::Buffer_Mode_getDefaultMode____
SPECIAL::get (V) | file (N) ++ :: File (N) :: buffer (N) ::Buffer_File_getFile____
SPECIAL::get (V) | markers (N) ++ :: VectorMarker (N) :: buffer (N) ::Buffer_VectorMarker_getMarkers____
SPECIAL::get (V) | marker status prompt (N) ++ :: String (N) :: buffer (N) ::Buffer_String_getMarkerStatusPrompt__String__
SPECIAL::get (V) | marker name string (N) ++ :: String (N) :: buffer (N) ::Buffer_String_getMarkerNameString____
BASE_VERB::add (V) | or remove marker (N) ++ :: void (N) :: buffer (N) ::Buffer_void_addOrRemoveMarker__char-int__
BASE_VERB::add (V) | marker (N) ++ :: void (N) :: buffer (N) ::Buffer_void_addMarker__char-int__
SPECIAL::get (V) | marker in range (N) ++ :: Marker (N) :: buffer (N) ::Buffer_Marker_getMarkerInRange__int-int__
SPECIAL::get (V) | marker at line (N) ++ :: Marker (N) :: buffer (N) ::Buffer_Marker_getMarkerAtLine__int__
BASE_VERB::remove (V) | marker (N) ++ :: void (N) :: buffer (N) ::Buffer_void_removeMarker__int__
BASE_VERB::remove (V) | all markers (N) ++ :: void (N) :: buffer (N) ::Buffer_void_removeAllMarkers____
SPECIAL::get (V) | marker (N) ++ :: Marker (N) :: buffer (N) ::Buffer_Marker_getMarker__char__
SPECIAL::get (V) | markers path (N) ++ :: String (N) :: buffer (N) ::Buffer_String_getMarkersPath__VFS-String__
BASE_VERB::update (V) | markers file (N) ++ :: boolean (N) :: buffer (N) ::Buffer_boolean_updateMarkersFile__View__
BASE_VERB::markers (V) | changed (N) ++ :: boolean (N) :: buffer (N) ::Buffer_boolean_markersChanged____
SPECIAL::set (V) | markers changed (N) ++ :: void (N) :: buffer (N) ::Buffer_void_setMarkersChanged__boolean__
SPECIAL::set (V) | wait socket (N) ++ :: void (N) :: buffer (N) ::Buffer_void_setWaitSocket__Socket__
SPECIAL::get (V) | next (N) ++ :: Buffer (N) :: buffer (N) ::Buffer_Buffer_getNext____
SPECIAL::get (V) | prev (N) ++ :: Buffer (N) :: buffer (N) ::Buffer_Buffer_getPrev____
SPECIAL::get (V) | index (N) ++ :: int (N) :: buffer (N) ::Buffer_int_getIndex____
BASE_VERB::to (V) | string (N) ++ :: String (N) :: buffer (N) ::Buffer_String_toString____
BASE_VERB::add (V) | buffer undo listener (N) ++ :: void (N) :: buffer (N) ::Buffer_void_addBufferUndoListener__BufferUndoListener__
BASE_VERB::remove (V) | buffer undo listener (N) ++ :: void (N) :: buffer (N) ::Buffer_void_removeBufferUndoListener__BufferUndoListener__
CONSTRUCTOR::create (V) | value (N) ++ :: Buffer (N) :: buffer (N) ::Buffer_Buffer_Buffer__String-boolean-boolean-Map__
BASE_VERB::commit (V) | temporary (N) ++ :: void (N) :: buffer (N) ::Buffer_void_commitTemporary____
BASE_VERB::close (V) | value (N) ++ :: void (N) :: buffer (N) ::Buffer_void_close____
BASE_VERB::mark (V) | tokens (N) ++ :: TokenMarker.LineContext (N) :: buffer (N) ::Buffer_TokenMarker.LineContext_markTokens__Segment-TokenMarker.LineContext-TokenHandler__
BASE_VERB::fire (V) | begin undo (N) ++ :: void (N) :: buffer (N) ::Buffer_void_fireBeginUndo____
BASE_VERB::fire (V) | end undo (N) ++ :: void (N) :: buffer (N) ::Buffer_void_fireEndUndo____
BASE_VERB::fire (V) | begin redo (N) ++ :: void (N) :: buffer (N) ::Buffer_void_fireBeginRedo____
BASE_VERB::fire (V) | end redo (N) ++ :: void (N) :: buffer (N) ::Buffer_void_fireEndRedo____
SPECIAL::set (V) | flag (N) ++ :: void (N) :: buffer (N) ::Buffer_void_setFlag__int-boolean__
SPECIAL::get (V) | flag (N) ++ :: boolean (N) :: buffer (N) ::Buffer_boolean_getFlag__int__
SPECIAL::is (V) | autoreload property overriden (N) ++ :: boolean (N) :: buffer (N) ::Buffer_boolean_isAutoreloadPropertyOverriden____
BASE_VERB::visit (V) | value (N) ++ :: void (N) :: buffer (N) ::Buffer_void_visit__EditPane__
SPECIAL::set (V) | path (N) ++ :: void (N) :: buffer (N) ::Buffer_void_setPath__String__
BASE_VERB::run (V) | value (N) ++ :: void (N) :: buffer (N) ::Buffer_void_run____
BASE_VERB::recover (V) | autosave (N) ++ :: boolean (N) :: buffer (N) ::Buffer_boolean_recoverAutosave__View__
BASE_VERB::check (V) | file for load (N) ++ :: boolean (N) :: buffer (N) ::Buffer_boolean_checkFileForLoad__View-VFS-String__
BASE_VERB::check (V) | file for save (N) ++ :: boolean (N) :: buffer (N) ::Buffer_boolean_checkFileForSave__View-VFS-String__
BASE_VERB::calculate (V) | hash (N) ++ :: byteArray (N) :: buffer (N) ::Buffer_byteArray_calculateHash____
BASE_VERB::update (V) | hash (N) ++ :: void (N) :: buffer (N) ::Buffer_void_updateHash____
BASE_VERB::finish (V) | loading (N) ++ :: void (N) :: buffer (N) ::Buffer_void_finishLoading____
BASE_VERB::visit (V) | value (N) ++ :: void (N) :: buffer (N) ::Buffer_void_visit__EditPane__
BASE_VERB::finish (V) | saving (N) ++ :: void (N) :: buffer (N) ::Buffer_void_finishSaving__View-String-String-String-boolean-boolean__
CONSTRUCTOR::create (V) | action (N) ++ :: EditAction (N) :: editaction (N) ::EditAction_EditAction_EditAction__String__
CONSTRUCTOR::create (V) | action (N) ++ :: EditAction (N) :: editaction (N) ::EditAction_EditAction_EditAction__String-ObjectArray__
SPECIAL::get (V) | label (N) ++ :: String (N) :: editaction (N) ::EditAction_String_getLabel____
SPECIAL::get (V) | mouse over text (N) ++ :: String (N) :: editaction (N) ::EditAction_String_getMouseOverText____
BASE_VERB::invoke (V) | value (N) ++ :: void (N) :: editaction (N) ::EditAction_void_invoke__View__
SPECIAL::is (V) | toggle (N) ++ :: boolean (N) :: editaction (N) ::EditAction_boolean_isToggle____
SPECIAL::is (V) | selected (N) ++ :: boolean (N) :: editaction (N) ::EditAction_boolean_isSelected__Component__
BASE_VERB::no (V) | repeat (N) ++ :: boolean (N) :: editaction (N) ::EditAction_boolean_noRepeat____
BASE_VERB::no (V) | record (N) ++ :: boolean (N) :: editaction (N) ::EditAction_boolean_noRecord____
BASE_VERB::no (V) | remember last (N) ++ :: boolean (N) :: editaction (N) ::EditAction_boolean_noRememberLast____
SPECIAL::get (V) | code (N) ++ :: String (N) :: editaction (N) ::EditAction_String_getCode____
CONSTRUCTOR::create (V) | value (N) ++ :: EditAction (N) :: editaction (N) ::EditAction_EditAction_Wrapper__ActionContext-String__
BASE_VERB::action (V) | performed (N) ++ :: void (N) :: editaction (N) ::EditAction_void_actionPerformed__ActionEvent__
SPECIAL::get (V) | view (N) ++ :: View (N) :: editpane (N) ::EditPane_View_getView____
SPECIAL::get (V) | value (N) ++ :: EditPane (N) :: editpane (N) ::EditPane_EditPane_get__TextArea__
SPECIAL::get (V) | buffer (N) ++ :: Buffer (N) :: editpane (N) ::EditPane_Buffer_getBuffer____
SPECIAL::set (V) | buffer (N) ++ :: void (N) :: editpane (N) ::EditPane_void_setBuffer__Buffer__
BASE_VERB::run (V) | value (N) ++ :: void (N) :: editpane (N) ::EditPane_void_run____
BASE_VERB::run (V) | value (N) ++ :: void (N) :: editpane (N) ::EditPane_void_run____
SPECIAL::set (V) | buffer (N) ++ :: void (N) :: editpane (N) ::EditPane_void_setBuffer__Buffer-boolean__
BASE_VERB::prev (V) | buffer (N) ++ :: void (N) :: editpane (N) ::EditPane_void_prevBuffer____
BASE_VERB::next (V) | buffer (N) ++ :: void (N) :: editpane (N) ::EditPane_void_nextBuffer____
BASE_VERB::recent (V) | buffer (N) ++ :: void (N) :: editpane (N) ::EditPane_void_recentBuffer____
BASE_VERB::run (V) | value (N) ++ :: void (N) :: editpane (N) ::EditPane_void_run____
BASE_VERB::focus (V) | on text area (N) ++ :: void (N) :: editpane (N) ::EditPane_void_focusOnTextArea____
SPECIAL::get (V) | text area (N) ++ :: JEditTextArea (N) :: editpane (N) ::EditPane_JEditTextArea_getTextArea____
SPECIAL::get (V) | buffer switcher (N) ++ :: BufferSwitcher (N) :: editpane (N) ::EditPane_BufferSwitcher_getBufferSwitcher____
BASE_VERB::run (V) | value (N) ++ :: void (N) :: editpane (N) ::EditPane_void_run____
BASE_VERB::focus (V) | buffer switcher (N) ++ :: void (N) :: editpane (N) ::EditPane_void_focusBufferSwitcher____
BASE_VERB::save (V) | caret info (N) ++ :: void (N) :: editpane (N) ::EditPane_void_saveCaretInfo____
BASE_VERB::load (V) | caret info (N) ++ :: void (N) :: editpane (N) ::EditPane_void_loadCaretInfo____
BASE_VERB::buffer (V) | renamed (N) ++ :: void (N) :: editpane (N) ::EditPane_void_bufferRenamed__String-String__
BASE_VERB::go (V) | to next marker (N) ++ :: void (N) :: editpane (N) ::EditPane_void_goToNextMarker__boolean__
BASE_VERB::go (V) | to prev marker (N) ++ :: void (N) :: editpane (N) ::EditPane_void_goToPrevMarker__boolean__
BASE_VERB::go (V) | to marker (N) ++ :: void (N) :: editpane (N) ::EditPane_void_goToMarker__char-boolean__
BASE_VERB::add (V) | marker (N) ++ :: void (N) :: editpane (N) ::EditPane_void_addMarker____
BASE_VERB::swap (V) | marker and caret (N) ++ :: void (N) :: editpane (N) ::EditPane_void_swapMarkerAndCaret__char__
BASE_VERB::handle (V) | properties changed (N) ++ :: void (N) :: editpane (N) ::EditPane_void_handlePropertiesChanged__PropertiesChanged__
SPECIAL::get (V) | minimum size (N) ++ :: Dimension (N) :: editpane (N) ::EditPane_Dimension_getMinimumSize____
SPECIAL::get (V) | buffer set (N) ++ :: BufferSet (N) :: editpane (N) ::EditPane_BufferSet_getBufferSet____
BASE_VERB::buffer (V) | added (N) ++ :: void (N) :: editpane (N) ::EditPane_void_bufferAdded__Buffer-int__
BASE_VERB::buffer (V) | removed (N) ++ :: void (N) :: editpane (N) ::EditPane_void_bufferRemoved__Buffer-int__
BASE_VERB::buffer (V) | moved (N) ++ :: void (N) :: editpane (N) ::EditPane_void_bufferMoved__Buffer-int-int__
BASE_VERB::buffer (V) | set sorted (N) ++ :: void (N) :: editpane (N) ::EditPane_void_bufferSetSorted____
BASE_VERB::to (V) | string (N) ++ :: String (N) :: editpane (N) ::EditPane_String_toString____
BASE_VERB::handle (V) | popup (N) ++ :: void (N) :: editpane (N) ::EditPane_void_handlePopup__int-int-int__
CONSTRUCTOR::create (V) | pane (N) ++ :: EditPane (N) :: editpane (N) ::EditPane_EditPane_EditPane__View-BufferSet-Buffer__
BASE_VERB::close (V) | value (N) ++ :: void (N) :: editpane (N) ::EditPane_void_close____
BASE_VERB::properties (V) | changed (N) ++ :: void (N) :: editpane (N) ::EditPane_void_propertiesChanged____
BASE_VERB::init (V) | painter (N) ++ :: void (N) :: editpane (N) ::EditPane_void_initPainter__TextAreaPainter__
BASE_VERB::load (V) | buffer switcher (N) ++ :: void (N) :: editpane (N) ::EditPane_void_loadBufferSwitcher____
BASE_VERB::handle (V) | buffer update (N) ++ :: void (N) :: editpane (N) ::EditPane_void_handleBufferUpdate__BufferUpdate__
BASE_VERB::status (V) | changed (N) ++ :: void (N) :: editpane (N) ::EditPane_void_statusChanged__org.gjt.sp.jedit.textarea.TextArea-int-boolean__
BASE_VERB::bracket (V) | selected (N) ++ :: void (N) :: editpane (N) ::EditPane_void_bracketSelected__org.gjt.sp.jedit.textarea.TextArea-int-String__
BASE_VERB::narrow (V) | active (N) ++ :: void (N) :: editpane (N) ::EditPane_void_narrowActive__org.gjt.sp.jedit.textarea.TextArea__
SPECIAL::get (V) | marker highlight color (N) ++ :: Color (N) :: editpane (N) ::EditPane_Color_getMarkerHighlightColor____
SPECIAL::set (V) | marker highlight color (N) ++ :: void (N) :: editpane (N) ::EditPane_void_setMarkerHighlightColor__Color__
SPECIAL::is (V) | marker highlight enabled (N) ++ :: boolean (N) :: editpane (N) ::EditPane_boolean_isMarkerHighlightEnabled____
SPECIAL::set (V) | marker highlight enabled (N) ++ :: void (N) :: editpane (N) ::EditPane_void_setMarkerHighlightEnabled__boolean__
BASE_VERB::paint (V) | valid line (N) ++ :: void (N) :: editpane (N) ::EditPane_void_paintValidLine__Graphics2D-int-int-int-int-int__
SPECIAL::get (V) | tool tip text (N) ++ :: String (N) :: editpane (N) ::EditPane_String_getToolTipText__int-int__
BASE_VERB::start (V) | value (N) ++ :: void (N) :: editplugin (N) ::EditPlugin_void_start____
BASE_VERB::stop (V) | value (N) ++ :: void (N) :: editplugin (N) ::EditPlugin_void_stop____
SPECIAL::get (V) | plugin home (N) ++ :: File (N) :: editplugin (N) ::EditPlugin_File_getPluginHome____
SPECIAL::get (V) | plugin home (N) ++ :: File (N) :: editplugin (N) ::EditPlugin_File_getPluginHome__Class extends EditPlugin__
SPECIAL::get (V) | plugin home (N) ++ :: File (N) :: editplugin (N) ::EditPlugin_File_getPluginHome__EditPlugin__
SPECIAL::get (V) | plugin home (N) ++ :: File (N) :: editplugin (N) ::EditPlugin_File_getPluginHome__String__
SPECIAL::get (V) | resource as stream (N) ++ :: InputStream (N) :: editplugin (N) ::EditPlugin_InputStream_getResourceAsStream__Class extends EditPlugin-String__
SPECIAL::get (V) | resource as stream (N) ++ :: InputStream (N) :: editplugin (N) ::EditPlugin_InputStream_getResourceAsStream__EditPlugin-String__
SPECIAL::get (V) | resource as stream (N) ++ :: InputStream (N) :: editplugin (N) ::EditPlugin_InputStream_getResourceAsStream__String-String__
SPECIAL::get (V) | resource as output stream (N) ++ :: OutputStream (N) :: editplugin (N) ::EditPlugin_OutputStream_getResourceAsOutputStream__Class extends EditPlugin-String__
SPECIAL::get (V) | resource as output stream (N) ++ :: OutputStream (N) :: editplugin (N) ::EditPlugin_OutputStream_getResourceAsOutputStream__EditPlugin-String__
SPECIAL::get (V) | resource as output stream (N) ++ :: OutputStream (N) :: editplugin (N) ::EditPlugin_OutputStream_getResourceAsOutputStream__String-String__
SPECIAL::get (V) | resource path (N) ++ :: File (N) :: editplugin (N) ::EditPlugin_File_getResourcePath__Class extends EditPlugin-String__
SPECIAL::get (V) | resource path (N) ++ :: File (N) :: editplugin (N) ::EditPlugin_File_getResourcePath__EditPlugin-String__
SPECIAL::get (V) | resource path (N) ++ :: File (N) :: editplugin (N) ::EditPlugin_File_getResourcePath__String-String__
SPECIAL::get (V) | class name (N) ++ :: String (N) :: editplugin (N) ::EditPlugin_String_getClassName____
SPECIAL::get (V) | plugin jar (N) ++ :: PluginJAR (N) :: editplugin (N) ::EditPlugin_PluginJAR_getPluginJAR____
BASE_VERB::create (V) | menu items (N) ++ :: JMenuItem (N) :: editplugin (N) ::EditPlugin_JMenuItem_createMenuItems____
BASE_VERB::create (V) | browser menu items (N) ++ :: JMenuItem (N) :: editplugin (N) ::EditPlugin_JMenuItem_createBrowserMenuItems____
SPECIAL::get (V) | class name (N) ++ :: String (N) :: editplugin (N) ::EditPlugin_String_getClassName____
CONSTRUCTOR::create (V) | value (N) ++ :: EditPlugin (N) :: editplugin (N) ::EditPlugin_EditPlugin_Broken__PluginJAR-String__
SPECIAL::get (V) | class name (N) ++ :: String (N) :: editplugin (N) ::EditPlugin_String_getClassName____
CONSTRUCTOR::create (V) | value (N) ++ :: EditPlugin (N) :: editplugin (N) ::EditPlugin_EditPlugin_Deferred__PluginJAR-String__
BASE_VERB::load (V) | plugin class (N) ++ :: EditPlugin (N) :: editplugin (N) ::EditPlugin_EditPlugin_loadPluginClass____
BASE_VERB::to (V) | string (N) ++ :: String (N) :: editplugin (N) ::EditPlugin_String_toString____
CONSTRUCTOR::create (V) | loader (N) ++ :: JARClassLoader (N) :: jarclassloader (N) ::JARClassLoader_JARClassLoader_JARClassLoader____
CONSTRUCTOR::create (V) | loader (N) ++ :: JARClassLoader (N) :: jarclassloader (N) ::JARClassLoader_JARClassLoader_JARClassLoader__boolean__
BASE_VERB::load (V) | class (N) ++ :: Class (N) :: jarclassloader (N) ::JARClassLoader_Class_loadClass__String-boolean__
SPECIAL::get (V) | resource as stream (N) ++ :: InputStream (N) :: jarclassloader (N) ::JARClassLoader_InputStream_getResourceAsStream__String__
SPECIAL::get (V) | resource (N) ++ :: URL (N) :: jarclassloader (N) ::JARClassLoader_URL_getResource__String__
SPECIAL::get (V) | resource as path (N) ++ :: String (N) :: jarclassloader (N) ::JARClassLoader_String_getResourceAsPath__String__
BASE_VERB::dump (V) | value (N) ++ :: void (N) :: jarclassloader (N) ::JARClassLoader_void_dump____
BASE_VERB::to (V) | string (N) ++ :: String (N) :: jarclassloader (N) ::JARClassLoader_String_toString____
CONSTRUCTOR::create (V) | element enumeration (N) ++ :: JARClassLoader (N) :: jarclassloader (N) ::JARClassLoader_JARClassLoader_SingleElementEnumeration__Object__
BASE_VERB::has (V) | more elements (N) ++ :: boolean (N) :: jarclassloader (N) ::JARClassLoader_boolean_hasMoreElements____
BASE_VERB::next (V) | element (N) ++ :: Object (N) :: jarclassloader (N) ::JARClassLoader_Object_nextElement____
SPECIAL::get (V) | resources (N) ++ :: Enumeration (N) :: jarclassloader (N) ::JARClassLoader_Enumeration_getResources__String__
BASE_VERB::finalize (V) | value (N) ++ :: void (N) :: jarclassloader (N) ::JARClassLoader_void_finalize____
CONSTRUCTOR::create (V) | loader (N) ++ :: JARClassLoader (N) :: jarclassloader (N) ::JARClassLoader_JARClassLoader_JARClassLoader__PluginJAR__
BASE_VERB::activate (V) | value (N) ++ :: void (N) :: jarclassloader (N) ::JARClassLoader_void_activate____
BASE_VERB::deactivate (V) | value (N) ++ :: void (N) :: jarclassloader (N) ::JARClassLoader_void_deactivate____
BASE_VERB::load (V) | class (N) ++ :: Class (N) :: jarclassloader (N) ::JARClassLoader_Class__loadClass__String-boolean__
BASE_VERB::define (V) | package (N) ++ :: void (N) :: jarclassloader (N) ::JARClassLoader_void_definePackage__String__
SPECIAL::get (V) | mf value (N) ++ :: String (N) :: jarclassloader (N) ::JARClassLoader_String_getMfValue__Attributes-Attributes-Attributes.Name__
BASE_VERB::define (V) | package (N) ++ :: void (N) :: jarclassloader (N) ::JARClassLoader_void_definePackage__String-Manifest__
BASE_VERB::load (V) | from parent (N) ++ :: Class (N) :: jarclassloader (N) ::JARClassLoader_Class_loadFromParent__String__
CONSTRUCTOR::create (V) | abstract edit action (N) ++ :: JEditAbstractEditAction (N) :: jeditabstracteditaction (N) ::JEditAbstractEditAction_JEditAbstractEditAction_JEditAbstractEditAction__String__
CONSTRUCTOR::create (V) | abstract edit action (N) ++ :: JEditAbstractEditAction (N) :: jeditabstracteditaction (N) ::JEditAbstractEditAction_JEditAbstractEditAction_JEditAbstractEditAction__String-ObjectArray__
SPECIAL::get (V) | name (N) ++ :: String (N) :: jeditabstracteditaction (N) ::JEditAbstractEditAction_String_getName____
SPECIAL::set (V) | name (N) ++ :: void (N) :: jeditabstracteditaction (N) ::JEditAbstractEditAction_void_setName__String__
BASE_VERB::invoke (V) | value (N) ++ :: void (N) :: jeditabstracteditaction (N) ::JEditAbstractEditAction_void_invoke__E__
BASE_VERB::invoke (V) | value (N) ++ :: void (N) :: jeditabstracteditaction (N) ::JEditAbstractEditAction_void_invoke__E-ObjectArray__
BASE_VERB::to (V) | string (N) ++ :: String (N) :: jeditabstracteditaction (N) ::JEditAbstractEditAction_String_toString____
CONSTRUCTOR::create (V) | action set (N) ++ :: JEditActionSet (N) :: jeditactionset (N) ::JEditActionSet_JEditActionSet_JEditActionSet____
CONSTRUCTOR::create (V) | action set (N) ++ :: JEditActionSet (N) :: jeditactionset (N) ::JEditActionSet_JEditActionSet_JEditActionSet__StringArray-URL__
BASE_VERB::add (V) | action (N) ++ :: void (N) :: jeditactionset (N) ::JEditActionSet_void_addAction__E__
BASE_VERB::remove (V) | action (N) ++ :: void (N) :: jeditactionset (N) ::JEditActionSet_void_removeAction__String__
BASE_VERB::remove (V) | all actions (N) ++ :: void (N) :: jeditactionset (N) ::JEditActionSet_void_removeAllActions____
SPECIAL::get (V) | action (N) ++ :: E (N) :: jeditactionset (N) ::JEditActionSet_E_getAction__String__
SPECIAL::get (V) | action count (N) ++ :: int (N) :: jeditactionset (N) ::JEditActionSet_int_getActionCount____
SPECIAL::get (V) | action names (N) ++ :: StringArray (N) :: jeditactionset (N) ::JEditActionSet_StringArray_getActionNames____
SPECIAL::get (V) | cacheable action names (N) ++ :: StringArray (N) :: jeditactionset (N) ::JEditActionSet_StringArray_getCacheableActionNames____
SPECIAL::get (V) | array (N) ++ :: EArray (N) :: jeditactionset (N) ::JEditActionSet_EArray_getArray__int__
SPECIAL::get (V) | actions (N) ++ :: EArray (N) :: jeditactionset (N) ::JEditActionSet_EArray_getActions____
BASE_VERB::contains (V) | value (N) ++ :: boolean (N) :: jeditactionset (N) ::JEditActionSet_boolean_contains__String__
BASE_VERB::size (V) | value (N) ++ :: int (N) :: jeditactionset (N) ::JEditActionSet_int_size____
BASE_VERB::load (V) | value (N) ++ :: void (N) :: jeditactionset (N) ::JEditActionSet_void_load____
BASE_VERB::create (V) | bean shell action (N) ++ :: JEditAbstractEditAction (N) :: jeditactionset (N) ::JEditActionSet_JEditAbstractEditAction_createBeanShellAction__String-String-String-boolean-boolean-boolean__
BASE_VERB::init (V) | key bindings (N) ++ :: void (N) :: jeditactionset (N) ::JEditActionSet_void_initKeyBindings____
SPECIAL::get (V) | property (N) ++ :: String (N) :: jeditactionset (N) ::JEditActionSet_String_getProperty__String__
SPECIAL::get (V) | action names (N) ++ :: void (N) :: jeditactionset (N) ::JEditActionSet_void_getActionNames__ListString__
CONSTRUCTOR::create (V) | value (N) ++ :: Mode (N) :: mode (N) ::Mode_Mode_Mode__String__
BASE_VERB::init (V) | value (N) ++ :: void (N) :: mode (N) ::Mode_void_init____
SPECIAL::get (V) | token marker (N) ++ :: TokenMarker (N) :: mode (N) ::Mode_TokenMarker_getTokenMarker____
SPECIAL::set (V) | token marker (N) ++ :: void (N) :: mode (N) ::Mode_void_setTokenMarker__TokenMarker__
BASE_VERB::load (V) | if necessary (N) ++ :: void (N) :: mode (N) ::Mode_void_loadIfNecessary____
SPECIAL::get (V) | property (N) ++ :: Object (N) :: mode (N) ::Mode_Object_getProperty__String__
SPECIAL::get (V) | boolean property (N) ++ :: boolean (N) :: mode (N) ::Mode_boolean_getBooleanProperty__String__
SPECIAL::set (V) | property (N) ++ :: void (N) :: mode (N) ::Mode_void_setProperty__String-Object__
BASE_VERB::unset (V) | property (N) ++ :: void (N) :: mode (N) ::Mode_void_unsetProperty__String__
SPECIAL::set (V) | properties (N) ++ :: void (N) :: mode (N) ::Mode_void_setProperties__Map__
BASE_VERB::accept (V) | value (N) ++ :: boolean (N) :: mode (N) ::Mode_boolean_accept__String-String__
BASE_VERB::accept (V) | value (N) ++ :: boolean (N) :: mode (N) ::Mode_boolean_accept__String-String-String__
BASE_VERB::accept (V) | filename (N) ++ :: boolean (N) :: mode (N) ::Mode_boolean_acceptFilename__String__
BASE_VERB::accept (V) | file (N) ++ :: boolean (N) :: mode (N) ::Mode_boolean_acceptFile__String-String__
BASE_VERB::accept (V) | filename identical (N) ++ :: boolean (N) :: mode (N) ::Mode_boolean_acceptFilenameIdentical__String__
BASE_VERB::accept (V) | identical (N) ++ :: boolean (N) :: mode (N) ::Mode_boolean_acceptIdentical__String-String__
BASE_VERB::accept (V) | first line (N) ++ :: boolean (N) :: mode (N) ::Mode_boolean_acceptFirstLine__String__
SPECIAL::get (V) | name (N) ++ :: String (N) :: mode (N) ::Mode_String_getName____
BASE_VERB::to (V) | string (N) ++ :: String (N) :: mode (N) ::Mode_String_toString____
SPECIAL::get (V) | ignore whitespace (N) ++ :: boolean (N) :: mode (N) ::Mode_boolean_getIgnoreWhitespace____
SPECIAL::get (V) | indent rules (N) ++ :: ListIndentRule (N) :: mode (N) ::Mode_ListIndentRule_getIndentRules____
SPECIAL::is (V) | electric key (N) ++ :: boolean (N) :: mode (N) ::Mode_boolean_isElectricKey__char__
BASE_VERB::init (V) | indent rules (N) ++ :: void (N) :: mode (N) ::Mode_void_initIndentRules____
BASE_VERB::create (V) | regexp indent rule (N) ++ :: IndentRule (N) :: mode (N) ::Mode_IndentRule_createRegexpIndentRule__String__
BASE_VERB::create (V) | bracket indent rules (N) ++ :: void (N) :: mode (N) ::Mode_void_createBracketIndentRules__String-ListIndentRule__
CONSTRUCTOR::create (V) | group (N) ++ :: OptionGroup (N) :: optiongroup (N) ::OptionGroup_OptionGroup_OptionGroup__String__
CONSTRUCTOR::create (V) | group (N) ++ :: OptionGroup (N) :: optiongroup (N) ::OptionGroup_OptionGroup_OptionGroup__String-String-String__
SPECIAL::get (V) | name (N) ++ :: String (N) :: optiongroup (N) ::OptionGroup_String_getName____
SPECIAL::get (V) | label (N) ++ :: String (N) :: optiongroup (N) ::OptionGroup_String_getLabel____
BASE_VERB::add (V) | option group (N) ++ :: void (N) :: optiongroup (N) ::OptionGroup_void_addOptionGroup__OptionGroup__
BASE_VERB::add (V) | option pane (N) ++ :: void (N) :: optiongroup (N) ::OptionGroup_void_addOptionPane__OptionPane__
BASE_VERB::add (V) | option pane (N) ++ :: void (N) :: optiongroup (N) ::OptionGroup_void_addOptionPane__String__
SPECIAL::get (V) | members (N) ++ :: EnumerationObject (N) :: optiongroup (N) ::OptionGroup_EnumerationObject_getMembers____
SPECIAL::get (V) | member (N) ++ :: Object (N) :: optiongroup (N) ::OptionGroup_Object_getMember__int__
SPECIAL::get (V) | member index (N) ++ :: int (N) :: optiongroup (N) ::OptionGroup_int_getMemberIndex__Object__
SPECIAL::get (V) | member count (N) ++ :: int (N) :: optiongroup (N) ::OptionGroup_int_getMemberCount____
SPECIAL::set (V) | sort (N) ++ :: void (N) :: optiongroup (N) ::OptionGroup_void_setSort__boolean__
BASE_VERB::insertion (V) | sort (N) ++ :: void (N) :: optiongroup (N) ::OptionGroup_void_insertionSort__String-Object__
BASE_VERB::load (V) | value (N) ++ :: PluginJAR (N) :: pluginjar (N) ::PluginJAR_PluginJAR_load__String-boolean__
SPECIAL::get (V) | path (N) ++ :: String (N) :: pluginjar (N) ::PluginJAR_String_getPath____
BASE_VERB::find (V) | plugin (N) ++ :: String (N) :: pluginjar (N) ::PluginJAR_String_findPlugin__String__
BASE_VERB::contains (V) | class (N) ++ :: boolean (N) :: pluginjar (N) ::PluginJAR_boolean_containsClass__String__
SPECIAL::get (V) | cache path (N) ++ :: String (N) :: pluginjar (N) ::PluginJAR_String_getCachePath____
SPECIAL::get (V) | dependency set (N) ++ :: SetString (N) :: pluginjar (N) ::PluginJAR_SetString_getDependencySet__String__
SPECIAL::get (V) | file (N) ++ :: File (N) :: pluginjar (N) ::PluginJAR_File_getFile____
SPECIAL::get (V) | class loader (N) ++ :: JARClassLoader (N) :: pluginjar (N) ::PluginJAR_JARClassLoader_getClassLoader____
SPECIAL::get (V) | zip file (N) ++ :: ZipFile (N) :: pluginjar (N) ::PluginJAR_ZipFile_getZipFile____
SPECIAL::get (V) | action set (N) ++ :: ActionSet (N) :: pluginjar (N) ::PluginJAR_ActionSet_getActionSet____
SPECIAL::get (V) | browser action set (N) ++ :: ActionSet (N) :: pluginjar (N) ::PluginJAR_ActionSet_getBrowserActionSet____
BASE_VERB::check (V) | dependencies (N) ++ :: boolean (N) :: pluginjar (N) ::PluginJAR_boolean_checkDependencies____
SPECIAL::get (V) | required jars (N) ++ :: SetString (N) :: pluginjar (N) ::PluginJAR_SetString_getRequiredJars____
SPECIAL::get (V) | plugin depends (N) ++ :: PluginDepends (N) :: pluginjar (N) ::PluginJAR_PluginDepends_getPluginDepends__String__
BASE_VERB::transitive (V) | closure (N) ++ :: void (N) :: pluginjar (N) ::PluginJAR_void_transitiveClosure__StringArray-ListString__
SPECIAL::get (V) | dependent plugins (N) ++ :: StringArray (N) :: pluginjar (N) ::PluginJAR_StringArray_getDependentPlugins____
SPECIAL::get (V) | plugin (N) ++ :: EditPlugin (N) :: pluginjar (N) ::PluginJAR_EditPlugin_getPlugin____
BASE_VERB::activate (V) | plugin (N) ++ :: void (N) :: pluginjar (N) ::PluginJAR_void_activatePlugin____
BASE_VERB::activate (V) | plugin if necessary (N) ++ :: void (N) :: pluginjar (N) ::PluginJAR_void_activatePluginIfNecessary____
BASE_VERB::deactivate (V) | plugin (N) ++ :: void (N) :: pluginjar (N) ::PluginJAR_void_deactivatePlugin__boolean__
SPECIAL::get (V) | dockables uri (N) ++ :: URL (N) :: pluginjar (N) ::PluginJAR_URL_getDockablesURI____
SPECIAL::get (V) | services uri (N) ++ :: URL (N) :: pluginjar (N) ::PluginJAR_URL_getServicesURI____
BASE_VERB::to (V) | string (N) ++ :: String (N) :: pluginjar (N) ::PluginJAR_String_toString____
SPECIAL::get (V) | plugin cache (N) ++ :: PluginCacheEntry (N) :: pluginjar (N) ::PluginJAR_PluginCacheEntry_getPluginCache__PluginJAR__
SPECIAL::set (V) | plugin cache (N) ++ :: void (N) :: pluginjar (N) ::PluginJAR_void_setPluginCache__PluginJAR-PluginCacheEntry__
CONSTRUCTOR::create (V) | jar (N) ++ :: PluginJAR (N) :: pluginjar (N) ::PluginJAR_PluginJAR_PluginJAR__File__
BASE_VERB::init (V) | value (N) ++ :: boolean (N) :: pluginjar (N) ::PluginJAR_boolean_init____
BASE_VERB::uninit (V) | value (N) ++ :: void (N) :: pluginjar (N) ::PluginJAR_void_uninit__boolean__
SPECIAL::get (V) | classes (N) ++ :: StringArray (N) :: pluginjar (N) ::PluginJAR_StringArray_getClasses____
SPECIAL::get (V) | resources (N) ++ :: StringArray (N) :: pluginjar (N) ::PluginJAR_StringArray_getResources____
BASE_VERB::actions (V) | present but not core class (N) ++ :: void (N) :: pluginjar (N) ::PluginJAR_void_actionsPresentButNotCoreClass____
BASE_VERB::load (V) | cache (N) ++ :: boolean (N) :: pluginjar (N) ::PluginJAR_boolean_loadCache__PluginCacheEntry__
BASE_VERB::generate (V) | cache (N) ++ :: PluginCacheEntry (N) :: pluginjar (N) ::PluginJAR_PluginCacheEntry_generateCache____
BASE_VERB::continue (V) | loading (N) ++ :: boolean (N) :: pluginjar (N) ::PluginJAR_boolean_continueLoading__String-Properties__
BASE_VERB::start (V) | plugin (N) ++ :: void (N) :: pluginjar (N) ::PluginJAR_void_startPlugin____
BASE_VERB::run (V) | value (N) ++ :: void (N) :: pluginjar (N) ::PluginJAR_void_run____
BASE_VERB::start (V) | plugin later (N) ++ :: void (N) :: pluginjar (N) ::PluginJAR_void_startPluginLater____
BASE_VERB::break (V) | plugin (N) ++ :: void (N) :: pluginjar (N) ::PluginJAR_void_breakPlugin____
BASE_VERB::remove (V) | plugin cache (N) ++ :: void (N) :: pluginjar (N) ::PluginJAR_void_removePluginCache____
BASE_VERB::read (V) | value (N) ++ :: boolean (N) :: pluginjar (N) ::PluginJAR_boolean_read__DataInputStream__
BASE_VERB::write (V) | value (N) ++ :: void (N) :: pluginjar (N) ::PluginJAR_void_write__DataOutputStream__
BASE_VERB::read (V) | string (N) ++ :: String (N) :: pluginjar (N) ::PluginJAR_String_readString__DataInputStream__
BASE_VERB::read (V) | uri (N) ++ :: URL (N) :: pluginjar (N) ::PluginJAR_URL_readURI__DataInputStream__
BASE_VERB::read (V) | string array (N) ++ :: StringArray (N) :: pluginjar (N) ::PluginJAR_StringArray_readStringArray__DataInputStream__
BASE_VERB::read (V) | boolean array (N) ++ :: booleanArray (N) :: pluginjar (N) ::PluginJAR_booleanArray_readBooleanArray__DataInputStream__
BASE_VERB::read (V) | map (N) ++ :: Properties (N) :: pluginjar (N) ::PluginJAR_Properties_readMap__DataInputStream__
BASE_VERB::read (V) | languages map (N) ++ :: MapString,Properties (N) :: pluginjar (N) ::PluginJAR_MapString,Properties_readLanguagesMap__DataInputStream__
BASE_VERB::write (V) | string (N) ++ :: void (N) :: pluginjar (N) ::PluginJAR_void_writeString__DataOutputStream-Object__
BASE_VERB::write (V) | string array (N) ++ :: void (N) :: pluginjar (N) ::PluginJAR_void_writeStringArray__DataOutputStream-StringArray__
BASE_VERB::write (V) | boolean array (N) ++ :: void (N) :: pluginjar (N) ::PluginJAR_void_writeBooleanArray__DataOutputStream-booleanArray__
BASE_VERB::write (V) | map (N) ++ :: void (N) :: pluginjar (N) ::PluginJAR_void_writeMap__DataOutputStream-Properties__
BASE_VERB::write (V) | languages (N) ++ :: void (N) :: pluginjar (N) ::PluginJAR_void_writeLanguages__DataOutputStream-MapString,Properties__
SPECIAL::get (V) | properties (N) ++ :: Properties (N) :: propertymanager (N) ::PropertyManager_Properties_getProperties____
BASE_VERB::load (V) | system props (N) ++ :: void (N) :: propertymanager (N) ::PropertyManager_void_loadSystemProps__InputStream__
BASE_VERB::load (V) | system props (N) ++ :: void (N) :: propertymanager (N) ::PropertyManager_void_loadSystemProps__Reader__
BASE_VERB::load (V) | site props (N) ++ :: void (N) :: propertymanager (N) ::PropertyManager_void_loadSiteProps__InputStream__
BASE_VERB::load (V) | localization props (N) ++ :: void (N) :: propertymanager (N) ::PropertyManager_void_loadLocalizationProps__Reader__
BASE_VERB::load (V) | user props (N) ++ :: void (N) :: propertymanager (N) ::PropertyManager_void_loadUserProps__InputStream__
BASE_VERB::save (V) | user props (N) ++ :: void (N) :: propertymanager (N) ::PropertyManager_void_saveUserProps__OutputStream__
BASE_VERB::load (V) | plugin props (N) ++ :: Properties (N) :: propertymanager (N) ::PropertyManager_Properties_loadPluginProps__InputStream__
BASE_VERB::add (V) | plugin props (N) ++ :: void (N) :: propertymanager (N) ::PropertyManager_void_addPluginProps__Properties__
BASE_VERB::remove (V) | plugin props (N) ++ :: void (N) :: propertymanager (N) ::PropertyManager_void_removePluginProps__Properties__
SPECIAL::get (V) | property (N) ++ :: String (N) :: propertymanager (N) ::PropertyManager_String_getProperty__String__
SPECIAL::set (V) | property (N) ++ :: void (N) :: propertymanager (N) ::PropertyManager_void_setProperty__String-String__
SPECIAL::set (V) | temporary property (N) ++ :: void (N) :: propertymanager (N) ::PropertyManager_void_setTemporaryProperty__String-String__
BASE_VERB::unset (V) | property (N) ++ :: void (N) :: propertymanager (N) ::PropertyManager_void_unsetProperty__String__
BASE_VERB::reset (V) | property (N) ++ :: void (N) :: propertymanager (N) ::PropertyManager_void_resetProperty__String__
SPECIAL::get (V) | default property (N) ++ :: String (N) :: propertymanager (N) ::PropertyManager_String_getDefaultProperty__String__
BASE_VERB::load (V) | props (N) ++ :: void (N) :: propertymanager (N) ::PropertyManager_void_loadProps__Properties-InputStream__
BASE_VERB::load (V) | props (N) ++ :: void (N) :: propertymanager (N) ::PropertyManager_void_loadProps__Properties-Reader__
SPECIAL::get (V) | dockable window manager (N) ++ :: DockableWindowManager (N) :: view (N) ::View_DockableWindowManager_getDockableWindowManager____
SPECIAL::get (V) | docking framework name (N) ++ :: String (N) :: view (N) ::View_String_getDockingFrameworkName____
SPECIAL::get (V) | docking framework provider (N) ++ :: DockingFrameworkProvider (N) :: view (N) ::View_DockingFrameworkProvider_getDockingFrameworkProvider____
SPECIAL::get (V) | tool bar (N) ++ :: Container (N) :: view (N) ::View_Container_getToolBar____
BASE_VERB::add (V) | tool bar (N) ++ :: void (N) :: view (N) ::View_void_addToolBar__Component__
BASE_VERB::add (V) | tool bar (N) ++ :: void (N) :: view (N) ::View_void_addToolBar__int-Component__
BASE_VERB::add (V) | tool bar (N) ++ :: void (N) :: view (N) ::View_void_addToolBar__int-int-Component__
BASE_VERB::remove (V) | tool bar (N) ++ :: void (N) :: view (N) ::View_void_removeToolBar__Component__
BASE_VERB::show (V) | wait cursor (N) ++ :: void (N) :: view (N) ::View_void_showWaitCursor____
BASE_VERB::hide (V) | wait cursor (N) ++ :: void (N) :: view (N) ::View_void_hideWaitCursor____
SPECIAL::get (V) | search bar (N) ++ :: SearchBar (N) :: view (N) ::View_SearchBar_getSearchBar____
SPECIAL::get (V) | action bar (N) ++ :: ActionBar (N) :: view (N) ::View_ActionBar_getActionBar____
SPECIAL::get (V) | status (N) ++ :: StatusBar (N) :: view (N) ::View_StatusBar_getStatus____
BASE_VERB::quick (V) | incremental search (N) ++ :: void (N) :: view (N) ::View_void_quickIncrementalSearch__boolean__
BASE_VERB::quick (V) | hyper search (N) ++ :: void (N) :: view (N) ::View_void_quickHyperSearch__boolean__
BASE_VERB::action (V) | bar (N) ++ :: void (N) :: view (N) ::View_void_actionBar____
SPECIAL::get (V) | key event interceptor (N) ++ :: KeyListener (N) :: view (N) ::View_KeyListener_getKeyEventInterceptor____
SPECIAL::set (V) | key event interceptor (N) ++ :: void (N) :: view (N) ::View_void_setKeyEventInterceptor__KeyListener__
SPECIAL::get (V) | input handler (N) ++ :: InputHandler (N) :: view (N) ::View_InputHandler_getInputHandler____
SPECIAL::set (V) | input handler (N) ++ :: void (N) :: view (N) ::View_void_setInputHandler__InputHandler__
SPECIAL::get (V) | macro recorder (N) ++ :: Macros.Recorder (N) :: view (N) ::View_Macros.Recorder_getMacroRecorder____
SPECIAL::set (V) | macro recorder (N) ++ :: void (N) :: view (N) ::View_void_setMacroRecorder__Macros.Recorder__
BASE_VERB::process (V) | key event (N) ++ :: void (N) :: view (N) ::View_void_processKeyEvent__KeyEvent__
BASE_VERB::process (V) | key event (N) ++ :: void (N) :: view (N) ::View_void_processKeyEvent__KeyEvent-boolean__
BASE_VERB::process (V) | key event (N) ++ :: void (N) :: view (N) ::View_void_processKeyEvent__KeyEvent-int__
BASE_VERB::split (V) | horizontally (N) ++ :: EditPane (N) :: view (N) ::View_EditPane_splitHorizontally____
BASE_VERB::split (V) | vertically (N) ++ :: EditPane (N) :: view (N) ::View_EditPane_splitVertically____
BASE_VERB::run (V) | value (N) ++ :: void (N) :: view (N) ::View_void_run____
BASE_VERB::split (V) | value (N) ++ :: EditPane (N) :: view (N) ::View_EditPane_split__int__
BASE_VERB::unsplit (V) | value (N) ++ :: void (N) :: view (N) ::View_void_unsplit____
BASE_VERB::unsplit (V) | current (N) ++ :: void (N) :: view (N) ::View_void_unsplitCurrent____
BASE_VERB::resplit (V) | value (N) ++ :: void (N) :: view (N) ::View_void_resplit____
SPECIAL::get (V) | split config (N) ++ :: String (N) :: view (N) ::View_String_getSplitConfig____
SPECIAL::set (V) | split config (N) ++ :: void (N) :: view (N) ::View_void_setSplitConfig__Buffer-String__
BASE_VERB::next (V) | text area (N) ++ :: void (N) :: view (N) ::View_void_nextTextArea____
BASE_VERB::prev (V) | text area (N) ++ :: void (N) :: view (N) ::View_void_prevTextArea____
SPECIAL::get (V) | split pane (N) ++ :: JSplitPane (N) :: view (N) ::View_JSplitPane_getSplitPane____
SPECIAL::get (V) | buffer (N) ++ :: Buffer (N) :: view (N) ::View_Buffer_getBuffer____
SPECIAL::set (V) | buffer (N) ++ :: void (N) :: view (N) ::View_void_setBuffer__Buffer__
SPECIAL::set (V) | buffer (N) ++ :: void (N) :: view (N) ::View_void_setBuffer__Buffer-boolean__
SPECIAL::set (V) | buffer (N) ++ :: void (N) :: view (N) ::View_void_setBuffer__Buffer-boolean-boolean__
BASE_VERB::go (V) | to buffer (N) ++ :: EditPane (N) :: view (N) ::View_EditPane_goToBuffer__Buffer__
BASE_VERB::show (V) | buffer (N) ++ :: EditPane (N) :: view (N) ::View_EditPane_showBuffer__Buffer__
SPECIAL::get (V) | text area (N) ++ :: JEditTextArea (N) :: view (N) ::View_JEditTextArea_getTextArea____
SPECIAL::get (V) | edit pane (N) ++ :: EditPane (N) :: view (N) ::View_EditPane_getEditPane____
SPECIAL::get (V) | edit panes (N) ++ :: EditPaneArray (N) :: view (N) ::View_EditPaneArray_getEditPanes____
SPECIAL::get (V) | view config (N) ++ :: ViewConfig (N) :: view (N) ::View_ViewConfig_getViewConfig____
SPECIAL::is (V) | closed (N) ++ :: boolean (N) :: view (N) ::View_boolean_isClosed____
SPECIAL::is (V) | plain view (N) ++ :: boolean (N) :: view (N) ::View_boolean_isPlainView____
SPECIAL::get (V) | next (N) ++ :: View (N) :: view (N) ::View_View_getNext____
SPECIAL::get (V) | prev (N) ++ :: View (N) :: view (N) ::View_View_getPrev____
BASE_VERB::handle (V) | properties changed (N) ++ :: void (N) :: view (N) ::View_void_handlePropertiesChanged__PropertiesChanged__
BASE_VERB::handle (V) | search settings changed (N) ++ :: void (N) :: view (N) ::View_void_handleSearchSettingsChanged__SearchSettingsChanged__
SPECIAL::get (V) | minimum size (N) ++ :: Dimension (N) :: view (N) ::View_Dimension_getMinimumSize____
SPECIAL::set (V) | wait socket (N) ++ :: void (N) :: view (N) ::View_void_setWaitSocket__Socket__
BASE_VERB::to (V) | string (N) ++ :: String (N) :: view (N) ::View_String_toString____
BASE_VERB::update (V) | title (N) ++ :: void (N) :: view (N) ::View_void_updateTitle____
SPECIAL::set (V) | user title (N) ++ :: void (N) :: view (N) ::View_void_setUserTitle__String__
BASE_VERB::show (V) | user title dialog (N) ++ :: void (N) :: view (N) ::View_void_showUserTitleDialog____
SPECIAL::get (V) | prefix focus owner (N) ++ :: Component (N) :: view (N) ::View_Component_getPrefixFocusOwner____
SPECIAL::set (V) | prefix focus owner (N) ++ :: void (N) :: view (N) ::View_void_setPrefixFocusOwner__Component__
BASE_VERB::visit (V) | value (N) ++ :: void (N) :: view (N) ::View_void_visit__JEditVisitor__
BASE_VERB::close (V) | all menus (N) ++ :: void (N) :: view (N) ::View_void_closeAllMenus____
CONSTRUCTOR::create (V) | value (N) ++ :: View (N) :: view (N) ::View_View_View__Buffer-ViewConfig__
BASE_VERB::update (V) | full screen props (N) ++ :: void (N) :: view (N) ::View_void_updateFullScreenProps____
BASE_VERB::toggle (V) | full screen (N) ++ :: void (N) :: view (N) ::View_void_toggleFullScreen____
BASE_VERB::confirm (V) | to close dirty (N) ++ :: boolean (N) :: view (N) ::View_boolean_confirmToCloseDirty____
BASE_VERB::close (V) | value (N) ++ :: void (N) :: view (N) ::View_void_close____
SPECIAL::set (V) | main content (N) ++ :: void (N) :: view (N) ::View_void_setMainContent__Component__
SPECIAL::get (V) | edit panes (N) ++ :: void (N) :: view (N) ::View_void_getEditPanes__ListEditPane-Component__
BASE_VERB::show (V) | buffer (N) ++ :: EditPane (N) :: view (N) ::View_EditPane_showBuffer__Buffer-boolean__
SPECIAL::get (V) | split config (N) ++ :: void (N) :: view (N) ::View_void_getSplitConfig__JSplitPane-StringBuilder__
BASE_VERB::append (V) | to split config (N) ++ :: void (N) :: view (N) ::View_void_appendToSplitConfig__StringBuilder-Component__
BASE_VERB::restore (V) | split config (N) ++ :: Component (N) :: view (N) ::View_Component_restoreSplitConfig__Buffer-String__
BASE_VERB::properties (V) | changed (N) ++ :: void (N) :: view (N) ::View_void_propertiesChanged____
BASE_VERB::update (V) | buffer switcher states (N) ++ :: void (N) :: view (N) ::View_void_updateBufferSwitcherStates____
BASE_VERB::load (V) | tool bars (N) ++ :: void (N) :: view (N) ::View_void_loadToolBars____
BASE_VERB::create (V) | edit pane (N) ++ :: EditPane (N) :: view (N) ::View_EditPane_createEditPane__Buffer__
BASE_VERB::create (V) | edit pane (N) ++ :: EditPane (N) :: view (N) ::View_EditPane_createEditPane__EditPane__
SPECIAL::set (V) | edit pane (N) ++ :: void (N) :: view (N) ::View_void_setEditPane__EditPane__
BASE_VERB::handle (V) | buffer update (N) ++ :: void (N) :: view (N) ::View_void_handleBufferUpdate__BufferUpdate__
BASE_VERB::handle (V) | edit pane update (N) ++ :: void (N) :: view (N) ::View_void_handleEditPaneUpdate__EditPaneUpdate__
BASE_VERB::visit (V) | value (N) ++ :: void (N) :: view (N) ::View_void_visit__EditPane__
BASE_VERB::close (V) | duplicate buffers (N) ++ :: void (N) :: view (N) ::View_void_closeDuplicateBuffers__EditPaneUpdate__
BASE_VERB::update (V) | gutter borders (N) ++ :: void (N) :: view (N) ::View_void_updateGutterBorders____
SPECIAL::get (V) | open buffers (N) ++ :: SetBuffer (N) :: view (N) ::View_SetBuffer_getOpenBuffers____
BASE_VERB::merge (V) | buffer sets (N) ++ :: void (N) :: view (N) ::View_void_mergeBufferSets__EditPane-EditPane__
BASE_VERB::caret (V) | update (N) ++ :: void (N) :: view (N) ::View_void_caretUpdate__CaretEvent__
BASE_VERB::focus (V) | gained (N) ++ :: void (N) :: view (N) ::View_void_focusGained__FocusEvent__
BASE_VERB::scrolled (V) | vertically (N) ++ :: void (N) :: view (N) ::View_void_scrolledVertically__TextArea__
BASE_VERB::scrolled (V) | horizontally (N) ++ :: void (N) :: view (N) ::View_void_scrolledHorizontally__TextArea__
BASE_VERB::run (V) | value (N) ++ :: void (N) :: view (N) ::View_void_run____
BASE_VERB::window (V) | activated (N) ++ :: void (N) :: view (N) ::View_void_windowActivated__WindowEvent__
BASE_VERB::window (V) | closing (N) ++ :: void (N) :: view (N) ::View_void_windowClosing__WindowEvent__
CONSTRUCTOR::create (V) | config (N) ++ :: View (N) :: view (N) ::View_View_ViewConfig____
CONSTRUCTOR::create (V) | config (N) ++ :: View (N) :: view (N) ::View_View_ViewConfig__boolean__
CONSTRUCTOR::create (V) | config (N) ++ :: View (N) :: view (N) ::View_View_ViewConfig__boolean-String-int-int-int-int-int__
SPECIAL::is (V) | inside screen (N) ++ :: boolean (N) :: view (N) ::View_boolean_isInsideScreen__View-Rectangle__
BASE_VERB::adjust (V) | value (N) ++ :: void (N) :: view (N) ::View_void_adjust__View-ViewConfig__
SPECIAL::get (V) | default component (N) ++ :: Component (N) :: view (N) ::View_Component_getDefaultComponent__Container__
CONSTRUCTOR::create (V) | cursor visitor (N) ++ :: View (N) :: view (N) ::View_View_SetCursorVisitor__Cursor__
BASE_VERB::visit (V) | value (N) ++ :: void (N) :: view (N) ::View_void_visit__EditPane__
BASE_VERB::run (V) | value (N) ++ :: void (N) :: browserview (N) ::BrowserView_void_run____
CONSTRUCTOR::create (V) | view (N) ++ :: BrowserView (N) :: browserview (N) ::BrowserView_BrowserView_BrowserView__VFSBrowser__
BASE_VERB::focus (V) | on file view (N) ++ :: void (N) :: browserview (N) ::BrowserView_void_focusOnFileView____
BASE_VERB::remove (V) | notify (N) ++ :: void (N) :: browserview (N) ::BrowserView_void_removeNotify____
SPECIAL::get (V) | selected files (N) ++ :: VFSFileArray (N) :: browserview (N) ::BrowserView_VFSFileArray_getSelectedFiles____
BASE_VERB::select (V) | none (N) ++ :: void (N) :: browserview (N) ::BrowserView_void_selectNone____
BASE_VERB::save (V) | expansion state (N) ++ :: void (N) :: browserview (N) ::BrowserView_void_saveExpansionState____
BASE_VERB::clear (V) | expansion state (N) ++ :: void (N) :: browserview (N) ::BrowserView_void_clearExpansionState____
BASE_VERB::load (V) | directory (N) ++ :: void (N) :: browserview (N) ::BrowserView_void_loadDirectory__Object-String-boolean__
BASE_VERB::run (V) | value (N) ++ :: void (N) :: browserview (N) ::BrowserView_void_run____
BASE_VERB::load (V) | directory (N) ++ :: void (N) :: browserview (N) ::BrowserView_void_loadDirectory__Object-String-boolean-Runnable__
BASE_VERB::directory (V) | loaded (N) ++ :: void (N) :: browserview (N) ::BrowserView_void_directoryLoaded__Object-String-java.util.ListVFSFile__
BASE_VERB::update (V) | file view (N) ++ :: void (N) :: browserview (N) ::BrowserView_void_updateFileView____
BASE_VERB::maybe (V) | reload directory (N) ++ :: void (N) :: browserview (N) ::BrowserView_void_maybeReloadDirectory__String__
BASE_VERB::properties (V) | changed (N) ++ :: void (N) :: browserview (N) ::BrowserView_void_propertiesChanged____
SPECIAL::get (V) | browser (N) ++ :: VFSBrowser (N) :: browserview (N) ::BrowserView_VFSBrowser_getBrowser____
SPECIAL::get (V) | table (N) ++ :: VFSDirectoryEntryTable (N) :: browserview (N) ::BrowserView_VFSDirectoryEntryTable_getTable____
SPECIAL::get (V) | parent directory list (N) ++ :: JList (N) :: browserview (N) ::BrowserView_JList_getParentDirectoryList____
BASE_VERB::popup (V) | menu canceled (N) ++ :: void (N) :: browserview (N) ::BrowserView_void_popupMenuCanceled__PopupMenuEvent__
BASE_VERB::popup (V) | menu will become visible (N) ++ :: void (N) :: browserview (N) ::BrowserView_void_popupMenuWillBecomeVisible__PopupMenuEvent__
BASE_VERB::run (V) | value (N) ++ :: void (N) :: browserview (N) ::BrowserView_void_run____
BASE_VERB::popup (V) | menu will become invisible (N) ++ :: void (N) :: browserview (N) ::BrowserView_void_popupMenuWillBecomeInvisible__PopupMenuEvent__
BASE_VERB::show (V) | file popup (N) ++ :: void (N) :: browserview (N) ::BrowserView_void_showFilePopup__VFSFileArray-Component-Point__
CONSTRUCTOR::create (V) | directory renderer (N) ++ :: BrowserView (N) :: browserview (N) ::BrowserView_BrowserView_ParentDirectoryRenderer____
SPECIAL::get (V) | list cell renderer component (N) ++ :: Component (N) :: browserview (N) ::BrowserView_Component_getListCellRendererComponent__JList-Object-int-boolean-boolean__
BASE_VERB::mouse (V) | pressed (N) ++ :: void (N) :: browserview (N) ::BrowserView_void_mousePressed__MouseEvent__
BASE_VERB::mouse (V) | released (N) ++ :: void (N) :: browserview (N) ::BrowserView_void_mouseReleased__MouseEvent__
BASE_VERB::mouse (V) | clicked (N) ++ :: void (N) :: browserview (N) ::BrowserView_void_mouseClicked__MouseEvent__
BASE_VERB::mouse (V) | pressed (N) ++ :: void (N) :: browserview (N) ::BrowserView_void_mousePressed__MouseEvent__
BASE_VERB::mouse (V) | released (N) ++ :: void (N) :: browserview (N) ::BrowserView_void_mouseReleased__MouseEvent__
BASE_VERB::process (V) | key event (N) ++ :: void (N) :: browserview (N) ::BrowserView_void_processKeyEvent__KeyEvent__
BASE_VERB::browse (V) | directory in new window (N) ++ :: void (N) :: vfsbrowser (N) ::VFSBrowser_void_browseDirectoryInNewWindow__View-String__
BASE_VERB::browse (V) | directory (N) ++ :: void (N) :: vfsbrowser (N) ::VFSBrowser_void_browseDirectory__View-String__
SPECIAL::get (V) | action context (N) ++ :: ActionContext (N) :: vfsbrowser (N) ::VFSBrowser_ActionContext_getActionContext____
CONSTRUCTOR::create (V) | value (N) ++ :: VFSBrowser (N) :: vfsbrowser (N) ::VFSBrowser_VFSBrowser_VFSBrowser__View-String__
BASE_VERB::key (V) | released (N) ++ :: void (N) :: vfsbrowser (N) ::VFSBrowser_void_keyReleased__KeyEvent__
BASE_VERB::run (V) | value (N) ++ :: void (N) :: vfsbrowser (N) ::VFSBrowser_void_run____
CONSTRUCTOR::create (V) | value (N) ++ :: VFSBrowser (N) :: vfsbrowser (N) ::VFSBrowser_VFSBrowser_VFSBrowser__View-String-int-boolean-String__
BASE_VERB::focus (V) | on default component (N) ++ :: void (N) :: vfsbrowser (N) ::VFSBrowser_void_focusOnDefaultComponent____
SPECIAL::set (V) | default focus component (N) ++ :: void (N) :: vfsbrowser (N) ::VFSBrowser_void_setDefaultFocusComponent__JComponent__
BASE_VERB::add (V) | notify (N) ++ :: void (N) :: vfsbrowser (N) ::VFSBrowser_void_addNotify____
BASE_VERB::remove (V) | notify (N) ++ :: void (N) :: vfsbrowser (N) ::VFSBrowser_void_removeNotify____
BASE_VERB::handle (V) | properties changed (N) ++ :: void (N) :: vfsbrowser (N) ::VFSBrowser_void_handlePropertiesChanged__PropertiesChanged__
BASE_VERB::handle (V) | buffer update (N) ++ :: void (N) :: vfsbrowser (N) ::VFSBrowser_void_handleBufferUpdate__BufferUpdate__
BASE_VERB::handle (V) | plugin update (N) ++ :: void (N) :: vfsbrowser (N) ::VFSBrowser_void_handlePluginUpdate__PluginUpdate__
BASE_VERB::handle (V) | vfsupdate (N) ++ :: void (N) :: vfsbrowser (N) ::VFSBrowser_void_handleVFSUpdate__VFSUpdate__
SPECIAL::get (V) | view (N) ++ :: View (N) :: vfsbrowser (N) ::VFSBrowser_View_getView____
SPECIAL::get (V) | mode (N) ++ :: int (N) :: vfsbrowser (N) ::VFSBrowser_int_getMode____
SPECIAL::is (V) | multiple selection enabled (N) ++ :: boolean (N) :: vfsbrowser (N) ::VFSBrowser_boolean_isMultipleSelectionEnabled____
SPECIAL::is (V) | horizontal layout (N) ++ :: boolean (N) :: vfsbrowser (N) ::VFSBrowser_boolean_isHorizontalLayout____
SPECIAL::get (V) | show hidden files (N) ++ :: boolean (N) :: vfsbrowser (N) ::VFSBrowser_boolean_getShowHiddenFiles____
SPECIAL::set (V) | show hidden files (N) ++ :: void (N) :: vfsbrowser (N) ::VFSBrowser_void_setShowHiddenFiles__boolean__
SPECIAL::get (V) | vfsfile filter (N) ++ :: VFSFileFilter (N) :: vfsbrowser (N) ::VFSBrowser_VFSFileFilter_getVFSFileFilter____
BASE_VERB::add (V) | vfsfile filter (N) ++ :: void (N) :: vfsbrowser (N) ::VFSBrowser_void_addVFSFileFilter__VFSFileFilter__
SPECIAL::set (V) | filename filter (N) ++ :: void (N) :: vfsbrowser (N) ::VFSBrowser_void_setFilenameFilter__String__
SPECIAL::get (V) | directory field (N) ++ :: HistoryTextField (N) :: vfsbrowser (N) ::VFSBrowser_HistoryTextField_getDirectoryField____
SPECIAL::get (V) | directory (N) ++ :: String (N) :: vfsbrowser (N) ::VFSBrowser_String_getDirectory____
BASE_VERB::previous (V) | directory (N) ++ :: void (N) :: vfsbrowser (N) ::VFSBrowser_void_previousDirectory____
BASE_VERB::next (V) | directory (N) ++ :: void (N) :: vfsbrowser (N) ::VFSBrowser_void_nextDirectory____
SPECIAL::set (V) | directory (N) ++ :: void (N) :: vfsbrowser (N) ::VFSBrowser_void_setDirectory__String__
SPECIAL::get (V) | root directory (N) ++ :: String (N) :: vfsbrowser (N) ::VFSBrowser_String_getRootDirectory____
BASE_VERB::root (V) | directory (N) ++ :: void (N) :: vfsbrowser (N) ::VFSBrowser_void_rootDirectory____
BASE_VERB::reload (V) | directory (N) ++ :: void (N) :: vfsbrowser (N) ::VFSBrowser_void_reloadDirectory____
BASE_VERB::done (V) | value (N) ++ :: void (N) :: vfsbrowser (N) ::VFSBrowser_void_done__Task__
BASE_VERB::delete (V) | value (N) ++ :: void (N) :: vfsbrowser (N) ::VFSBrowser_void_delete__VFSFileArray__
BASE_VERB::rename (V) | value (N) ++ :: void (N) :: vfsbrowser (N) ::VFSBrowser_void_rename__VFSFile__
BASE_VERB::rename (V) | value (N) ++ :: void (N) :: vfsbrowser (N) ::VFSBrowser_void_rename__VFSFile-String__
BASE_VERB::rename (V) | value (N) ++ :: void (N) :: vfsbrowser (N) ::VFSBrowser_void_rename__String__
BASE_VERB::rename (V) | value (N) ++ :: void (N) :: vfsbrowser (N) ::VFSBrowser_void_rename__VFS-String-String__
BASE_VERB::rename (V) | value (N) ++ :: void (N) :: vfsbrowser (N) ::VFSBrowser_void_rename__String-String__
BASE_VERB::run (V) | value (N) ++ :: void (N) :: vfsbrowser (N) ::VFSBrowser_void_run____
BASE_VERB::mkdir (V) | value (N) ++ :: void (N) :: vfsbrowser (N) ::VFSBrowser_void_mkdir____
BASE_VERB::new (V) | file (N) ++ :: void (N) :: vfsbrowser (N) ::VFSBrowser_void_newFile____
BASE_VERB::file (V) | properties (N) ++ :: void (N) :: vfsbrowser (N) ::VFSBrowser_void_fileProperties__VFSFileArray__
BASE_VERB::search (V) | in directory (N) ++ :: void (N) :: vfsbrowser (N) ::VFSBrowser_void_searchInDirectory____
BASE_VERB::search (V) | in directory (N) ++ :: void (N) :: vfsbrowser (N) ::VFSBrowser_void_searchInDirectory__String-boolean__
SPECIAL::get (V) | browser view (N) ++ :: BrowserView (N) :: vfsbrowser (N) ::VFSBrowser_BrowserView_getBrowserView____
SPECIAL::get (V) | selected files (N) ++ :: VFSFileArray (N) :: vfsbrowser (N) ::VFSBrowser_VFSFileArray_getSelectedFiles____
SPECIAL::get (V) | selected files (N) ++ :: VFSFileArray (N) :: vfsbrowser (N) ::VFSBrowser_VFSFileArray_getSelectedFiles__Component__
BASE_VERB::paste (V) | value (N) ++ :: void (N) :: vfsbrowser (N) ::VFSBrowser_void_paste__VFSFile__
BASE_VERB::run (V) | value (N) ++ :: void (N) :: vfsbrowser (N) ::VFSBrowser_void_run____
BASE_VERB::locate (V) | file (N) ++ :: void (N) :: vfsbrowser (N) ::VFSBrowser_void_locateFile__String__
BASE_VERB::create (V) | plugins menu (N) ++ :: JComponent (N) :: vfsbrowser (N) ::VFSBrowser_JComponent_createPluginsMenu__JComponent-boolean__
BASE_VERB::add (V) | browser listener (N) ++ :: void (N) :: vfsbrowser (N) ::VFSBrowser_void_addBrowserListener__BrowserListener__
BASE_VERB::remove (V) | browser listener (N) ++ :: void (N) :: vfsbrowser (N) ::VFSBrowser_void_removeBrowserListener__BrowserListener__
BASE_VERB::files (V) | activated (N) ++ :: void (N) :: vfsbrowser (N) ::VFSBrowser_void_filesActivated__int-boolean__
BASE_VERB::dispose (V) | value (N) ++ :: void (N) :: vfsbrowser (N) ::VFSBrowser_void_dispose____
BASE_VERB::move (V) | value (N) ++ :: void (N) :: vfsbrowser (N) ::VFSBrowser_void_move__String__
BASE_VERB::directory (V) | loaded (N) ++ :: void (N) :: vfsbrowser (N) ::VFSBrowser_void_directoryLoaded__Object-ObjectArray-boolean__
BASE_VERB::files (V) | selected (N) ++ :: void (N) :: vfsbrowser (N) ::VFSBrowser_void_filesSelected____
BASE_VERB::end (V) | request (N) ++ :: void (N) :: vfsbrowser (N) ::VFSBrowser_void_endRequest____
BASE_VERB::create (V) | menu bar (N) ++ :: Container (N) :: vfsbrowser (N) ::VFSBrowser_Container_createMenuBar____
BASE_VERB::create (V) | tool bar (N) ++ :: Container (N) :: vfsbrowser (N) ::VFSBrowser_Container_createToolBar____
BASE_VERB::properties (V) | changed (N) ++ :: void (N) :: vfsbrowser (N) ::VFSBrowser_void_propertiesChanged____
BASE_VERB::start (V) | request (N) ++ :: boolean (N) :: vfsbrowser (N) ::VFSBrowser_boolean_startRequest____
BASE_VERB::update (V) | filter enabled (N) ++ :: void (N) :: vfsbrowser (N) ::VFSBrowser_void_updateFilterEnabled____
BASE_VERB::run (V) | value (N) ++ :: void (N) :: vfsbrowser (N) ::VFSBrowser_void_run____
BASE_VERB::maybe (V) | reload directory (N) ++ :: void (N) :: vfsbrowser (N) ::VFSBrowser_void_maybeReloadDirectory__String__
BASE_VERB::action (V) | performed (N) ++ :: void (N) :: vfsbrowser (N) ::VFSBrowser_void_actionPerformed__ActionEvent__
BASE_VERB::item (V) | state changed (N) ++ :: void (N) :: vfsbrowser (N) ::VFSBrowser_void_itemStateChanged__ItemEvent__
BASE_VERB::run (V) | value (N) ++ :: void (N) :: vfsbrowser (N) ::VFSBrowser_void_run____
BASE_VERB::reset (V) | later (N) ++ :: void (N) :: vfsbrowser (N) ::VFSBrowser_void_resetLater____
CONSTRUCTOR::create (V) | button (N) ++ :: VFSBrowser (N) :: vfsbrowser (N) ::VFSBrowser_VFSBrowser_MenuButton____
BASE_VERB::key (V) | released (N) ++ :: void (N) :: vfsbrowser (N) ::VFSBrowser_void_keyReleased__KeyEvent__
BASE_VERB::key (V) | typed (N) ++ :: void (N) :: vfsbrowser (N) ::VFSBrowser_void_keyTyped__KeyEvent__
BASE_VERB::key (V) | pressed (N) ++ :: void (N) :: vfsbrowser (N) ::VFSBrowser_void_keyPressed__KeyEvent__
BASE_VERB::do (V) | popup (N) ++ :: void (N) :: vfsbrowser (N) ::VFSBrowser_void_doPopup____
BASE_VERB::mouse (V) | pressed (N) ++ :: void (N) :: vfsbrowser (N) ::VFSBrowser_void_mousePressed__MouseEvent__
CONSTRUCTOR::create (V) | menu button (N) ++ :: VFSBrowser (N) :: vfsbrowser (N) ::VFSBrowser_VFSBrowser_CommandsMenuButton____
BASE_VERB::do (V) | popup (N) ++ :: void (N) :: vfsbrowser (N) ::VFSBrowser_void_doPopup____
CONSTRUCTOR::create (V) | menu button (N) ++ :: VFSBrowser (N) :: vfsbrowser (N) ::VFSBrowser_VFSBrowser_PluginsMenuButton____
BASE_VERB::update (V) | popup menu (N) ++ :: void (N) :: vfsbrowser (N) ::VFSBrowser_void_updatePopupMenu____
BASE_VERB::do (V) | popup (N) ++ :: void (N) :: vfsbrowser (N) ::VFSBrowser_void_doPopup____
BASE_VERB::create (V) | popup menu (N) ++ :: void (N) :: vfsbrowser (N) ::VFSBrowser_void_createPopupMenu____
CONSTRUCTOR::create (V) | menu button (N) ++ :: VFSBrowser (N) :: vfsbrowser (N) ::VFSBrowser_VFSBrowser_FavoritesMenuButton____
BASE_VERB::do (V) | popup (N) ++ :: void (N) :: vfsbrowser (N) ::VFSBrowser_void_doPopup____
BASE_VERB::create (V) | popup menu (N) ++ :: void (N) :: vfsbrowser (N) ::VFSBrowser_void_createPopupMenu____
BASE_VERB::action (V) | performed (N) ++ :: void (N) :: vfsbrowser (N) ::VFSBrowser_void_actionPerformed__ActionEvent__
BASE_VERB::invoke (V) | action (N) ++ :: void (N) :: vfsbrowser (N) ::VFSBrowser_void_invokeAction__EventObject-EditAction__
CONSTRUCTOR::create (V) | combo box editor (N) ++ :: VFSBrowser (N) :: vfsbrowser (N) ::VFSBrowser_VFSBrowser_HistoryComboBoxEditor__String__
SPECIAL::get (V) | item (N) ++ :: Object (N) :: vfsbrowser (N) ::VFSBrowser_Object_getItem____
SPECIAL::set (V) | item (N) ++ :: void (N) :: vfsbrowser (N) ::VFSBrowser_void_setItem__Object__
BASE_VERB::process (V) | focus event (N) ++ :: void (N) :: vfsbrowser (N) ::VFSBrowser_void_processFocusEvent__FocusEvent__
SPECIAL::get (V) | editor component (N) ++ :: Component (N) :: vfsbrowser (N) ::VFSBrowser_Component_getEditorComponent____
SPECIAL::get (V) | list cell renderer component (N) ++ :: Component (N) :: vfsbrowser (N) ::VFSBrowser_Component_getListCellRendererComponent__JList-Object-int-boolean-boolean__
BASE_VERB::accept (V) | value (N) ++ :: boolean (N) :: vfsbrowser (N) ::VFSBrowser_boolean_accept__VFSFile__
BASE_VERB::accept (V) | value (N) ++ :: boolean (N) :: vfsbrowser (N) ::VFSBrowser_boolean_accept__String__
SPECIAL::get (V) | description (N) ++ :: String (N) :: vfsbrowser (N) ::VFSBrowser_String_getDescription____
BASE_VERB::run (V) | value (N) ++ :: void (N) :: vfsbrowser (N) ::VFSBrowser_void_run____
CONSTRUCTOR::create (V) | entry table (N) ++ :: VFSDirectoryEntryTable (N) :: vfsdirectoryentrytable (N) ::VFSDirectoryEntryTable_VFSDirectoryEntryTable_VFSDirectoryEntryTable__BrowserView__
BASE_VERB::select (V) | file (N) ++ :: boolean (N) :: vfsdirectoryentrytable (N) ::VFSDirectoryEntryTable_boolean_selectFile__String__
BASE_VERB::do (V) | type select (N) ++ :: void (N) :: vfsdirectoryentrytable (N) ::VFSDirectoryEntryTable_void_doTypeSelect__String-boolean__
SPECIAL::get (V) | selected files (N) ++ :: VFSFileArray (N) :: vfsdirectoryentrytable (N) ::VFSDirectoryEntryTable_VFSFileArray_getSelectedFiles____
SPECIAL::get (V) | expanded directories (N) ++ :: void (N) :: vfsdirectoryentrytable (N) ::VFSDirectoryEntryTable_void_getExpandedDirectories__SetString__
BASE_VERB::run (V) | value (N) ++ :: void (N) :: vfsdirectoryentrytable (N) ::VFSDirectoryEntryTable_void_run____
BASE_VERB::toggle (V) | expanded (N) ++ :: void (N) :: vfsdirectoryentrytable (N) ::VFSDirectoryEntryTable_void_toggleExpanded__int__
SPECIAL::set (V) | directory (N) ++ :: void (N) :: vfsdirectoryentrytable (N) ::VFSDirectoryEntryTable_void_setDirectory__VFS-Object-java.util.ListVFSFile-SetString__
BASE_VERB::maybe (V) | reload directory (N) ++ :: void (N) :: vfsdirectoryentrytable (N) ::VFSDirectoryEntryTable_void_maybeReloadDirectory__String__
BASE_VERB::properties (V) | changed (N) ++ :: void (N) :: vfsdirectoryentrytable (N) ::VFSDirectoryEntryTable_void_propertiesChanged____
BASE_VERB::scroll (V) | rect to visible (N) ++ :: void (N) :: vfsdirectoryentrytable (N) ::VFSDirectoryEntryTable_void_scrollRectToVisible__Rectangle__
BASE_VERB::process (V) | key event (N) ++ :: void (N) :: vfsdirectoryentrytable (N) ::VFSDirectoryEntryTable_void_processKeyEvent__KeyEvent__
SPECIAL::set (V) | selected row (N) ++ :: void (N) :: vfsdirectoryentrytable (N) ::VFSDirectoryEntryTable_void_setSelectedRow__int__
BASE_VERB::do (V) | type select (N) ++ :: boolean (N) :: vfsdirectoryentrytable (N) ::VFSDirectoryEntryTable_boolean_doTypeSelect__String-int-int-boolean__
BASE_VERB::resize (V) | columns (N) ++ :: void (N) :: vfsdirectoryentrytable (N) ::VFSDirectoryEntryTable_void_resizeColumns____
BASE_VERB::save (V) | widths (N) ++ :: void (N) :: vfsdirectoryentrytable (N) ::VFSDirectoryEntryTable_void_saveWidths____
BASE_VERB::action (V) | performed (N) ++ :: void (N) :: vfsdirectoryentrytable (N) ::VFSDirectoryEntryTable_void_actionPerformed__ActionEvent__
BASE_VERB::column (V) | added (N) ++ :: void (N) :: vfsdirectoryentrytable (N) ::VFSDirectoryEntryTable_void_columnAdded__TableColumnModelEvent__
BASE_VERB::column (V) | removed (N) ++ :: void (N) :: vfsdirectoryentrytable (N) ::VFSDirectoryEntryTable_void_columnRemoved__TableColumnModelEvent__
BASE_VERB::column (V) | moved (N) ++ :: void (N) :: vfsdirectoryentrytable (N) ::VFSDirectoryEntryTable_void_columnMoved__TableColumnModelEvent__
BASE_VERB::column (V) | selection changed (N) ++ :: void (N) :: vfsdirectoryentrytable (N) ::VFSDirectoryEntryTable_void_columnSelectionChanged__ListSelectionEvent__
BASE_VERB::column (V) | margin changed (N) ++ :: void (N) :: vfsdirectoryentrytable (N) ::VFSDirectoryEntryTable_void_columnMarginChanged__ChangeEvent__
BASE_VERB::mouse (V) | clicked (N) ++ :: void (N) :: vfsdirectoryentrytable (N) ::VFSDirectoryEntryTable_void_mouseClicked__MouseEvent__
BASE_VERB::mouse (V) | pressed (N) ++ :: void (N) :: vfsdirectoryentrytable (N) ::VFSDirectoryEntryTable_void_mousePressed__MouseEvent__
CONSTRUCTOR::create (V) | renderer (N) ++ :: VFSDirectoryEntryTable (N) :: vfsdirectoryentrytable (N) ::VFSDirectoryEntryTable_VFSDirectoryEntryTable_HeaderRenderer__DefaultTableCellRenderer__
SPECIAL::get (V) | table cell renderer component (N) ++ :: Component (N) :: vfsdirectoryentrytable (N) ::VFSDirectoryEntryTable_Component_getTableCellRendererComponent__JTable-Object-boolean-boolean-int-int__
CONSTRUCTOR::create (V) | entry table model (N) ++ :: VFSDirectoryEntryTableModel (N) :: vfsdirectoryentrytablemodel (N) ::VFSDirectoryEntryTableModel_VFSDirectoryEntryTableModel_VFSDirectoryEntryTableModel____
SPECIAL::set (V) | root (N) ++ :: void (N) :: vfsdirectoryentrytablemodel (N) ::VFSDirectoryEntryTableModel_void_setRoot__VFS-ListVFSFile__
BASE_VERB::expand (V) | value (N) ++ :: int (N) :: vfsdirectoryentrytablemodel (N) ::VFSDirectoryEntryTableModel_int_expand__VFS-Entry-ListVFSFile__
BASE_VERB::collapse (V) | value (N) ++ :: void (N) :: vfsdirectoryentrytablemodel (N) ::VFSDirectoryEntryTableModel_void_collapse__VFS-int__
SPECIAL::get (V) | column count (N) ++ :: int (N) :: vfsdirectoryentrytablemodel (N) ::VFSDirectoryEntryTableModel_int_getColumnCount____
SPECIAL::get (V) | row count (N) ++ :: int (N) :: vfsdirectoryentrytablemodel (N) ::VFSDirectoryEntryTableModel_int_getRowCount____
SPECIAL::get (V) | column name (N) ++ :: String (N) :: vfsdirectoryentrytablemodel (N) ::VFSDirectoryEntryTableModel_String_getColumnName__int__
SPECIAL::get (V) | column class (N) ++ :: Class (N) :: vfsdirectoryentrytablemodel (N) ::VFSDirectoryEntryTableModel_Class_getColumnClass__int__
SPECIAL::get (V) | value at (N) ++ :: Object (N) :: vfsdirectoryentrytablemodel (N) ::VFSDirectoryEntryTableModel_Object_getValueAt__int-int__
SPECIAL::get (V) | ascending (N) ++ :: boolean (N) :: vfsdirectoryentrytablemodel (N) ::VFSDirectoryEntryTableModel_boolean_getAscending____
SPECIAL::get (V) | sort column (N) ++ :: int (N) :: vfsdirectoryentrytablemodel (N) ::VFSDirectoryEntryTableModel_int_getSortColumn____
SPECIAL::get (V) | sort attribute (N) ++ :: String (N) :: vfsdirectoryentrytablemodel (N) ::VFSDirectoryEntryTableModel_String_getSortAttribute__int__
BASE_VERB::sort (V) | by column (N) ++ :: boolean (N) :: vfsdirectoryentrytablemodel (N) ::VFSDirectoryEntryTableModel_boolean_sortByColumn__int__
SPECIAL::get (V) | extended attribute (N) ++ :: String (N) :: vfsdirectoryentrytablemodel (N) ::VFSDirectoryEntryTableModel_String_getExtendedAttribute__int__
SPECIAL::get (V) | column width (N) ++ :: int (N) :: vfsdirectoryentrytablemodel (N) ::VFSDirectoryEntryTableModel_int_getColumnWidth__int__
SPECIAL::set (V) | column width (N) ++ :: void (N) :: vfsdirectoryentrytablemodel (N) ::VFSDirectoryEntryTableModel_void_setColumnWidth__int-int__
SPECIAL::get (V) | files (N) ++ :: VFSFileArray (N) :: vfsdirectoryentrytablemodel (N) ::VFSDirectoryEntryTableModel_VFSFileArray_getFiles____
BASE_VERB::add (V) | extended attributes (N) ++ :: void (N) :: vfsdirectoryentrytablemodel (N) ::VFSDirectoryEntryTableModel_void_addExtendedAttributes__VFS__
BASE_VERB::remove (V) | extended attributes (N) ++ :: void (N) :: vfsdirectoryentrytablemodel (N) ::VFSDirectoryEntryTableModel_void_removeExtendedAttributes__VFS__
CONSTRUCTOR::create (V) | value (N) ++ :: VFSDirectoryEntryTableModel (N) :: vfsdirectoryentrytablemodel (N) ::VFSDirectoryEntryTableModel_VFSDirectoryEntryTableModel_Entry__VFSFile-int-Entry__
CONSTRUCTOR::create (V) | value (N) ++ :: VFSDirectoryEntryTableModel (N) :: vfsdirectoryentrytablemodel (N) ::VFSDirectoryEntryTableModel_VFSDirectoryEntryTableModel_Entry__VFSFile-int__
CONSTRUCTOR::create (V) | attribute (N) ++ :: VFSDirectoryEntryTableModel (N) :: vfsdirectoryentrytablemodel (N) ::VFSDirectoryEntryTableModel_VFSDirectoryEntryTableModel_ExtendedAttribute__String__
CONSTRUCTOR::create (V) | compare (N) ++ :: VFSDirectoryEntryTableModel (N) :: vfsdirectoryentrytablemodel (N) ::VFSDirectoryEntryTableModel_VFSDirectoryEntryTableModel_EntryCompare__String-boolean__
BASE_VERB::compare (V) | value (N) ++ :: int (N) :: vfsdirectoryentrytablemodel (N) ::VFSDirectoryEntryTableModel_int_compare__Entry-Entry__
CONSTRUCTOR::create (V) | value (N) ++ :: BSHType (N) :: bshtype (N) ::BSHType_BSHType_BSHType__int__
BASE_VERB::add (V) | array dimension (N) ++ :: void (N) :: bshtype (N) ::BSHType_void_addArrayDimension____
SPECIAL::get (V) | type node (N) ++ :: SimpleNode (N) :: bshtype (N) ::BSHType_SimpleNode_getTypeNode____
SPECIAL::get (V) | type descriptor (N) ++ :: String (N) :: bshtype (N) ::BSHType_String_getTypeDescriptor__CallStack-Interpreter-String__
SPECIAL::get (V) | type (N) ++ :: Class (N) :: bshtype (N) ::BSHType_Class_getType__CallStack-Interpreter__
SPECIAL::get (V) | base type (N) ++ :: Class (N) :: bshtype (N) ::BSHType_Class_getBaseType____
SPECIAL::get (V) | array dims (N) ++ :: int (N) :: bshtype (N) ::BSHType_int_getArrayDims____
BASE_VERB::class (V) | loader changed (N) ++ :: void (N) :: bshtype (N) ::BSHType_void_classLoaderChanged____
SPECIAL::get (V) | type descriptor (N) ++ :: String (N) :: bshtype (N) ::BSHType_String_getTypeDescriptor__Class__
BASE_VERB::create (V) | class manager (N) ++ :: BshClassManager (N) :: bshclassmanager (N) ::BshClassManager_BshClassManager_createClassManager__Interpreter__
BASE_VERB::class (V) | exists (N) ++ :: boolean (N) :: bshclassmanager (N) ::BshClassManager_boolean_classExists__String__
BASE_VERB::class (V) | for name (N) ++ :: Class (N) :: bshclassmanager (N) ::BshClassManager_Class_classForName__String__
BASE_VERB::load (V) | source class (N) ++ :: Class (N) :: bshclassmanager (N) ::BshClassManager_Class_loadSourceClass__String__
BASE_VERB::plain (V) | class for name (N) ++ :: Class (N) :: bshclassmanager (N) ::BshClassManager_Class_plainClassForName__String__
SPECIAL::get (V) | resource (N) ++ :: URL (N) :: bshclassmanager (N) ::BshClassManager_URL_getResource__String__
SPECIAL::get (V) | resource as stream (N) ++ :: InputStream (N) :: bshclassmanager (N) ::BshClassManager_InputStream_getResourceAsStream__String__
BASE_VERB::cache (V) | class info (N) ++ :: void (N) :: bshclassmanager (N) ::BshClassManager_void_cacheClassInfo__String-Class__
BASE_VERB::cache (V) | resolved method (N) ++ :: void (N) :: bshclassmanager (N) ::BshClassManager_void_cacheResolvedMethod__Class-ClassArray-Method__
SPECIAL::get (V) | resolved method (N) ++ :: Method (N) :: bshclassmanager (N) ::BshClassManager_Method_getResolvedMethod__Class-String-ClassArray-boolean__
BASE_VERB::clear (V) | caches (N) ++ :: void (N) :: bshclassmanager (N) ::BshClassManager_void_clearCaches____
SPECIAL::set (V) | class loader (N) ++ :: void (N) :: bshclassmanager (N) ::BshClassManager_void_setClassLoader__ClassLoader__
BASE_VERB::add (V) | class path (N) ++ :: void (N) :: bshclassmanager (N) ::BshClassManager_void_addClassPath__URL__
BASE_VERB::reset (V) | value (N) ++ :: void (N) :: bshclassmanager (N) ::BshClassManager_void_reset____
SPECIAL::set (V) | class path (N) ++ :: void (N) :: bshclassmanager (N) ::BshClassManager_void_setClassPath__URLArray__
BASE_VERB::reload (V) | all classes (N) ++ :: void (N) :: bshclassmanager (N) ::BshClassManager_void_reloadAllClasses____
BASE_VERB::reload (V) | classes (N) ++ :: void (N) :: bshclassmanager (N) ::BshClassManager_void_reloadClasses__StringArray__
BASE_VERB::reload (V) | package (N) ++ :: void (N) :: bshclassmanager (N) ::BshClassManager_void_reloadPackage__String__
BASE_VERB::do (V) | super import (N) ++ :: void (N) :: bshclassmanager (N) ::BshClassManager_void_doSuperImport____
BASE_VERB::has (V) | super import (N) ++ :: boolean (N) :: bshclassmanager (N) ::BshClassManager_boolean_hasSuperImport____
SPECIAL::get (V) | class name by unq name (N) ++ :: String (N) :: bshclassmanager (N) ::BshClassManager_String_getClassNameByUnqName__String__
BASE_VERB::add (V) | listener (N) ++ :: void (N) :: bshclassmanager (N) ::BshClassManager_void_addListener__Listener__
BASE_VERB::remove (V) | listener (N) ++ :: void (N) :: bshclassmanager (N) ::BshClassManager_void_removeListener__Listener__
BASE_VERB::dump (V) | value (N) ++ :: void (N) :: bshclassmanager (N) ::BshClassManager_void_dump__PrintWriter__
BASE_VERB::defining (V) | class (N) ++ :: void (N) :: bshclassmanager (N) ::BshClassManager_void_definingClass__String__
SPECIAL::is (V) | class being defined (N) ++ :: boolean (N) :: bshclassmanager (N) ::BshClassManager_boolean_isClassBeingDefined__String__
SPECIAL::get (V) | class being defined (N) ++ :: String (N) :: bshclassmanager (N) ::BshClassManager_String_getClassBeingDefined__String__
BASE_VERB::done (V) | defining class (N) ++ :: void (N) :: bshclassmanager (N) ::BshClassManager_void_doneDefiningClass__String__
BASE_VERB::define (V) | class (N) ++ :: Class (N) :: bshclassmanager (N) ::BshClassManager_Class_defineClass__String-byteArray__
BASE_VERB::class (V) | loader changed (N) ++ :: void (N) :: bshclassmanager (N) ::BshClassManager_void_classLoaderChanged____
BASE_VERB::no (V) | class def found (N) ++ :: Error (N) :: bshclassmanager (N) ::BshClassManager_Error_noClassDefFound__String-Error__
BASE_VERB::cm (V) | unavailable (N) ++ :: UtilEvalError (N) :: bshclassmanager (N) ::BshClassManager_UtilEvalError_cmUnavailable____
BASE_VERB::class (V) | loader changed (N) ++ :: void (N) :: bshclassmanager (N) ::BshClassManager_void_classLoaderChanged____
CONSTRUCTOR::create (V) | key (N) ++ :: BshClassManager (N) :: bshclassmanager (N) ::BshClassManager_BshClassManager_SignatureKey__Class-String-ClassArray__
BASE_VERB::hash (V) | code (N) ++ :: int (N) :: bshclassmanager (N) ::BshClassManager_int_hashCode____
BASE_VERB::equals (V) | value (N) ++ :: boolean (N) :: bshclassmanager (N) ::BshClassManager_boolean_equals__Object__
CONSTRUCTOR::create (V) | method (N) ++ :: BshMethod (N) :: bshmethod (N) ::BshMethod_BshMethod_BshMethod__BSHMethodDeclaration-NameSpace-Modifiers__
CONSTRUCTOR::create (V) | method (N) ++ :: BshMethod (N) :: bshmethod (N) ::BshMethod_BshMethod_BshMethod__String-Class-StringArray-ClassArray-BSHBlock-NameSpace-Modifiers__
CONSTRUCTOR::create (V) | method (N) ++ :: BshMethod (N) :: bshmethod (N) ::BshMethod_BshMethod_BshMethod__Method-Object__
SPECIAL::get (V) | parameter types (N) ++ :: ClassArray (N) :: bshmethod (N) ::BshMethod_ClassArray_getParameterTypes____
SPECIAL::get (V) | parameter names (N) ++ :: StringArray (N) :: bshmethod (N) ::BshMethod_StringArray_getParameterNames____
SPECIAL::get (V) | return type (N) ++ :: Class (N) :: bshmethod (N) ::BshMethod_Class_getReturnType____
SPECIAL::get (V) | modifiers (N) ++ :: Modifiers (N) :: bshmethod (N) ::BshMethod_Modifiers_getModifiers____
SPECIAL::get (V) | name (N) ++ :: String (N) :: bshmethod (N) ::BshMethod_String_getName____
BASE_VERB::invoke (V) | value (N) ++ :: Object (N) :: bshmethod (N) ::BshMethod_Object_invoke__ObjectArray-Interpreter__
BASE_VERB::invoke (V) | value (N) ++ :: Object (N) :: bshmethod (N) ::BshMethod_Object_invoke__ObjectArray-Interpreter-CallStack-SimpleNode__
BASE_VERB::invoke (V) | value (N) ++ :: Object (N) :: bshmethod (N) ::BshMethod_Object_invoke__ObjectArray-Interpreter-CallStack-SimpleNode-boolean__
BASE_VERB::invoke (V) | impl (N) ++ :: Object (N) :: bshmethod (N) ::BshMethod_Object_invokeImpl__ObjectArray-Interpreter-CallStack-SimpleNode-boolean__
BASE_VERB::has (V) | modifier (N) ++ :: boolean (N) :: bshmethod (N) ::BshMethod_boolean_hasModifier__String__
BASE_VERB::to (V) | string (N) ++ :: String (N) :: bshmethod (N) ::BshMethod_String_toString____
CONSTRUCTOR::create (V) | stack (N) ++ :: CallStack (N) :: callstack (N) ::CallStack_CallStack_CallStack____
CONSTRUCTOR::create (V) | stack (N) ++ :: CallStack (N) :: callstack (N) ::CallStack_CallStack_CallStack__NameSpace__
BASE_VERB::clear (V) | value (N) ++ :: void (N) :: callstack (N) ::CallStack_void_clear____
BASE_VERB::push (V) | value (N) ++ :: void (N) :: callstack (N) ::CallStack_void_push__NameSpace__
BASE_VERB::top (V) | value (N) ++ :: NameSpace (N) :: callstack (N) ::CallStack_NameSpace_top____
SPECIAL::get (V) | value (N) ++ :: NameSpace (N) :: callstack (N) ::CallStack_NameSpace_get__int__
SPECIAL::set (V) | value (N) ++ :: void (N) :: callstack (N) ::CallStack_void_set__int-NameSpace__
BASE_VERB::pop (V) | value (N) ++ :: NameSpace (N) :: callstack (N) ::CallStack_NameSpace_pop____
BASE_VERB::swap (V) | value (N) ++ :: NameSpace (N) :: callstack (N) ::CallStack_NameSpace_swap__NameSpace__
BASE_VERB::depth (V) | value (N) ++ :: int (N) :: callstack (N) ::CallStack_int_depth____
BASE_VERB::to (V) | array (N) ++ :: NameSpaceArray (N) :: callstack (N) ::CallStack_NameSpaceArray_toArray____
BASE_VERB::to (V) | string (N) ++ :: String (N) :: callstack (N) ::CallStack_String_toString____
BASE_VERB::copy (V) | value (N) ++ :: CallStack (N) :: callstack (N) ::CallStack_CallStack_copy____
CONSTRUCTOR::create (V) | error (N) ++ :: EvalError (N) :: evalerror (N) ::EvalError_EvalError_EvalError__String-SimpleNode-CallStack__
BASE_VERB::to (V) | string (N) ++ :: String (N) :: evalerror (N) ::EvalError_String_toString____
BASE_VERB::re (V) | throw (N) ++ :: void (N) :: evalerror (N) ::EvalError_void_reThrow__String__
SPECIAL::get (V) | node (N) ++ :: SimpleNode (N) :: evalerror (N) ::EvalError_SimpleNode_getNode____
SPECIAL::set (V) | node (N) ++ :: void (N) :: evalerror (N) ::EvalError_void_setNode__SimpleNode__
SPECIAL::get (V) | error text (N) ++ :: String (N) :: evalerror (N) ::EvalError_String_getErrorText____
SPECIAL::get (V) | error line number (N) ++ :: int (N) :: evalerror (N) ::EvalError_int_getErrorLineNumber____
SPECIAL::get (V) | error source file (N) ++ :: String (N) :: evalerror (N) ::EvalError_String_getErrorSourceFile____
SPECIAL::get (V) | script stack trace (N) ++ :: String (N) :: evalerror (N) ::EvalError_String_getScriptStackTrace____
SPECIAL::get (V) | message (N) ++ :: String (N) :: evalerror (N) ::EvalError_String_getMessage____
SPECIAL::set (V) | message (N) ++ :: void (N) :: evalerror (N) ::EvalError_void_setMessage__String__
BASE_VERB::prepend (V) | message (N) ++ :: void (N) :: evalerror (N) ::EvalError_void_prependMessage__String__
CONSTRUCTOR::create (V) | name space (N) ++ :: ExternalNameSpace (N) :: externalnamespace (N) ::ExternalNameSpace_ExternalNameSpace_ExternalNameSpace____
CONSTRUCTOR::create (V) | name space (N) ++ :: ExternalNameSpace (N) :: externalnamespace (N) ::ExternalNameSpace_ExternalNameSpace_ExternalNameSpace__NameSpace-String-Map__
SPECIAL::get (V) | map (N) ++ :: Map (N) :: externalnamespace (N) ::ExternalNameSpace_Map_getMap____
SPECIAL::set (V) | map (N) ++ :: void (N) :: externalnamespace (N) ::ExternalNameSpace_void_setMap__Map__
SPECIAL::set (V) | variable (N) ++ :: void (N) :: externalnamespace (N) ::ExternalNameSpace_void_setVariable__String-Object-boolean-boolean__
BASE_VERB::unset (V) | variable (N) ++ :: void (N) :: externalnamespace (N) ::ExternalNameSpace_void_unsetVariable__String__
SPECIAL::get (V) | variable names (N) ++ :: StringArray (N) :: externalnamespace (N) ::ExternalNameSpace_StringArray_getVariableNames____
SPECIAL::get (V) | variable impl (N) ++ :: Variable (N) :: externalnamespace (N) ::ExternalNameSpace_Variable_getVariableImpl__String-boolean__
SPECIAL::get (V) | declared variables (N) ++ :: VariableArray (N) :: externalnamespace (N) ::ExternalNameSpace_VariableArray_getDeclaredVariables____
SPECIAL::set (V) | typed variable (N) ++ :: void (N) :: externalnamespace (N) ::ExternalNameSpace_void_setTypedVariable__String-Class-Object-Modifiers__
SPECIAL::set (V) | method (N) ++ :: void (N) :: externalnamespace (N) ::ExternalNameSpace_void_setMethod__String-BshMethod__
SPECIAL::get (V) | method (N) ++ :: BshMethod (N) :: externalnamespace (N) ::ExternalNameSpace_BshMethod_getMethod__String-ClassArray-boolean__
SPECIAL::get (V) | all names aux (N) ++ :: void (N) :: externalnamespace (N) ::ExternalNameSpace_void_getAllNamesAux__Vector__
BASE_VERB::clear (V) | value (N) ++ :: void (N) :: externalnamespace (N) ::ExternalNameSpace_void_clear____
BASE_VERB::put (V) | external map (N) ++ :: void (N) :: externalnamespace (N) ::ExternalNameSpace_void_putExternalMap__String-Object__
CONSTRUCTOR::create (V) | value (N) ++ :: Interpreter (N) :: interpreter (N) ::Interpreter_Interpreter_Interpreter__Reader-PrintStream-PrintStream-boolean-NameSpace-Interpreter-String__
CONSTRUCTOR::create (V) | value (N) ++ :: Interpreter (N) :: interpreter (N) ::Interpreter_Interpreter_Interpreter__Reader-PrintStream-PrintStream-boolean-NameSpace__
CONSTRUCTOR::create (V) | value (N) ++ :: Interpreter (N) :: interpreter (N) ::Interpreter_Interpreter_Interpreter__Reader-PrintStream-PrintStream-boolean__
CONSTRUCTOR::create (V) | value (N) ++ :: Interpreter (N) :: interpreter (N) ::Interpreter_Interpreter_Interpreter__ConsoleInterface-NameSpace__
CONSTRUCTOR::create (V) | value (N) ++ :: Interpreter (N) :: interpreter (N) ::Interpreter_Interpreter_Interpreter__ConsoleInterface__
CONSTRUCTOR::create (V) | value (N) ++ :: Interpreter (N) :: interpreter (N) ::Interpreter_Interpreter_Interpreter____
SPECIAL::set (V) | console (N) ++ :: void (N) :: interpreter (N) ::Interpreter_void_setConsole__ConsoleInterface__
BASE_VERB::init (V) | root system object (N) ++ :: void (N) :: interpreter (N) ::Interpreter_void_initRootSystemObject____
SPECIAL::set (V) | name space (N) ++ :: void (N) :: interpreter (N) ::Interpreter_void_setNameSpace__NameSpace__
SPECIAL::get (V) | name space (N) ++ :: NameSpace (N) :: interpreter (N) ::Interpreter_NameSpace_getNameSpace____
BASE_VERB::available (V) | value (N) ++ :: int (N) :: interpreter (N) ::Interpreter_int_available____
BASE_VERB::main (V) | value (N) ++ :: void (N) :: interpreter (N) ::Interpreter_void_main__StringArray__
BASE_VERB::invoke (V) | main (N) ++ :: void (N) :: interpreter (N) ::Interpreter_void_invokeMain__Class-StringArray__
BASE_VERB::run (V) | value (N) ++ :: void (N) :: interpreter (N) ::Interpreter_void_run____
BASE_VERB::source (V) | value (N) ++ :: Object (N) :: interpreter (N) ::Interpreter_Object_source__String-NameSpace__
BASE_VERB::source (V) | value (N) ++ :: Object (N) :: interpreter (N) ::Interpreter_Object_source__String__
BASE_VERB::eval (V) | value (N) ++ :: Object (N) :: interpreter (N) ::Interpreter_Object_eval__Reader-NameSpace-String__
BASE_VERB::eval (V) | value (N) ++ :: Object (N) :: interpreter (N) ::Interpreter_Object_eval__Reader__
BASE_VERB::eval (V) | value (N) ++ :: Object (N) :: interpreter (N) ::Interpreter_Object_eval__String__
BASE_VERB::eval (V) | value (N) ++ :: Object (N) :: interpreter (N) ::Interpreter_Object_eval__String-NameSpace__
BASE_VERB::show (V) | eval string (N) ++ :: String (N) :: interpreter (N) ::Interpreter_String_showEvalString__String__
BASE_VERB::error (V) | value (N) ++ :: void (N) :: interpreter (N) ::Interpreter_void_error__Object__
SPECIAL::get (V) | in (N) ++ :: Reader (N) :: interpreter (N) ::Interpreter_Reader_getIn____
SPECIAL::get (V) | out (N) ++ :: PrintStream (N) :: interpreter (N) ::Interpreter_PrintStream_getOut____
SPECIAL::get (V) | err (N) ++ :: PrintStream (N) :: interpreter (N) ::Interpreter_PrintStream_getErr____
BASE_VERB::println (V) | value (N) ++ :: void (N) :: interpreter (N) ::Interpreter_void_println__Object__
BASE_VERB::print (V) | value (N) ++ :: void (N) :: interpreter (N) ::Interpreter_void_print__Object__
BASE_VERB::debug (V) | value (N) ++ :: void (N) :: interpreter (N) ::Interpreter_void_debug__String__
SPECIAL::get (V) | value (N) ++ :: Object (N) :: interpreter (N) ::Interpreter_Object_get__String__
SPECIAL::getu (V) | value (N) ++ :: Object (N) :: interpreter (N) ::Interpreter_Object_getu__String__
SPECIAL::set (V) | value (N) ++ :: void (N) :: interpreter (N) ::Interpreter_void_set__String-Object__
SPECIAL::setu (V) | value (N) ++ :: void (N) :: interpreter (N) ::Interpreter_void_setu__String-Object__
SPECIAL::set (V) | value (N) ++ :: void (N) :: interpreter (N) ::Interpreter_void_set__String-long__
SPECIAL::set (V) | value (N) ++ :: void (N) :: interpreter (N) ::Interpreter_void_set__String-int__
SPECIAL::set (V) | value (N) ++ :: void (N) :: interpreter (N) ::Interpreter_void_set__String-double__
SPECIAL::set (V) | value (N) ++ :: void (N) :: interpreter (N) ::Interpreter_void_set__String-float__
SPECIAL::set (V) | value (N) ++ :: void (N) :: interpreter (N) ::Interpreter_void_set__String-boolean__
BASE_VERB::unset (V) | value (N) ++ :: void (N) :: interpreter (N) ::Interpreter_void_unset__String__
SPECIAL::get (V) | interface (N) ++ :: Object (N) :: interpreter (N) ::Interpreter_Object_getInterface__Class__
SPECIAL::get (V) | jjtree (N) ++ :: JJTParserState (N) :: interpreter (N) ::Interpreter_JJTParserState_get_jjtree____
SPECIAL::get (V) | jj input stream (N) ++ :: JavaCharStream (N) :: interpreter (N) ::Interpreter_JavaCharStream_get_jj_input_stream____
BASE_VERB::line (V) | value (N) ++ :: boolean (N) :: interpreter (N) ::Interpreter_boolean_Line____
BASE_VERB::load (V) | rcfiles (N) ++ :: void (N) :: interpreter (N) ::Interpreter_void_loadRCFiles____
BASE_VERB::path (V) | to file (N) ++ :: File (N) :: interpreter (N) ::Interpreter_File_pathToFile__String__
BASE_VERB::redirect (V) | output to file (N) ++ :: void (N) :: interpreter (N) ::Interpreter_void_redirectOutputToFile__String__
SPECIAL::set (V) | class loader (N) ++ :: void (N) :: interpreter (N) ::Interpreter_void_setClassLoader__ClassLoader__
SPECIAL::get (V) | class manager (N) ++ :: BshClassManager (N) :: interpreter (N) ::Interpreter_BshClassManager_getClassManager____
SPECIAL::set (V) | strict java (N) ++ :: void (N) :: interpreter (N) ::Interpreter_void_setStrictJava__boolean__
SPECIAL::get (V) | strict java (N) ++ :: boolean (N) :: interpreter (N) ::Interpreter_boolean_getStrictJava____
BASE_VERB::static (V) | init (N) ++ :: void (N) :: interpreter (N) ::Interpreter_void_staticInit____
SPECIAL::get (V) | source file info (N) ++ :: String (N) :: interpreter (N) ::Interpreter_String_getSourceFileInfo____
SPECIAL::get (V) | parent (N) ++ :: Interpreter (N) :: interpreter (N) ::Interpreter_Interpreter_getParent____
SPECIAL::set (V) | out (N) ++ :: void (N) :: interpreter (N) ::Interpreter_void_setOut__PrintStream__
SPECIAL::set (V) | err (N) ++ :: void (N) :: interpreter (N) ::Interpreter_void_setErr__PrintStream__
BASE_VERB::read (V) | object (N) ++ :: void (N) :: interpreter (N) ::Interpreter_void_readObject__ObjectInputStream__
SPECIAL::get (V) | bsh prompt (N) ++ :: String (N) :: interpreter (N) ::Interpreter_String_getBshPrompt____
SPECIAL::set (V) | exit on eof (N) ++ :: void (N) :: interpreter (N) ::Interpreter_void_setExitOnEOF__boolean__
SPECIAL::set (V) | show results (N) ++ :: void (N) :: interpreter (N) ::Interpreter_void_setShowResults__boolean__
SPECIAL::get (V) | show results (N) ++ :: boolean (N) :: interpreter (N) ::Interpreter_boolean_getShowResults____
CONSTRUCTOR::create (V) | state (N) ++ :: JJTParserState (N) :: jjtparserstate (N) ::JJTParserState_JJTParserState_JJTParserState____
BASE_VERB::node (V) | created (N) ++ :: boolean (N) :: jjtparserstate (N) ::JJTParserState_boolean_nodeCreated____
BASE_VERB::reset (V) | value (N) ++ :: void (N) :: jjtparserstate (N) ::JJTParserState_void_reset____
BASE_VERB::root (V) | node (N) ++ :: Node (N) :: jjtparserstate (N) ::JJTParserState_Node_rootNode____
BASE_VERB::push (V) | node (N) ++ :: void (N) :: jjtparserstate (N) ::JJTParserState_void_pushNode__Node__
BASE_VERB::pop (V) | node (N) ++ :: Node (N) :: jjtparserstate (N) ::JJTParserState_Node_popNode____
BASE_VERB::peek (V) | node (N) ++ :: Node (N) :: jjtparserstate (N) ::JJTParserState_Node_peekNode____
BASE_VERB::node (V) | arity (N) ++ :: int (N) :: jjtparserstate (N) ::JJTParserState_int_nodeArity____
BASE_VERB::clear (V) | node scope (N) ++ :: void (N) :: jjtparserstate (N) ::JJTParserState_void_clearNodeScope__Node__
BASE_VERB::open (V) | node scope (N) ++ :: void (N) :: jjtparserstate (N) ::JJTParserState_void_openNodeScope__Node__
BASE_VERB::close (V) | node scope (N) ++ :: void (N) :: jjtparserstate (N) ::JJTParserState_void_closeNodeScope__Node-int__
BASE_VERB::close (V) | node scope (N) ++ :: void (N) :: jjtparserstate (N) ::JJTParserState_void_closeNodeScope__Node-boolean__
CONSTRUCTOR::create (V) | value (N) ++ :: JThis (N) :: jthis (N) ::JThis_JThis_JThis__NameSpace-Interpreter__
BASE_VERB::to (V) | string (N) ++ :: String (N) :: jthis (N) ::JThis_String_toString____
BASE_VERB::event (V) | value (N) ++ :: void (N) :: jthis (N) ::JThis_void_event__String-Object__
BASE_VERB::ancestor (V) | added (N) ++ :: void (N) :: jthis (N) ::JThis_void_ancestorAdded__AncestorEvent__
BASE_VERB::ancestor (V) | removed (N) ++ :: void (N) :: jthis (N) ::JThis_void_ancestorRemoved__AncestorEvent__
BASE_VERB::ancestor (V) | moved (N) ++ :: void (N) :: jthis (N) ::JThis_void_ancestorMoved__AncestorEvent__
BASE_VERB::caret (V) | update (N) ++ :: void (N) :: jthis (N) ::JThis_void_caretUpdate__CaretEvent__
BASE_VERB::editing (V) | stopped (N) ++ :: void (N) :: jthis (N) ::JThis_void_editingStopped__ChangeEvent__
BASE_VERB::editing (V) | canceled (N) ++ :: void (N) :: jthis (N) ::JThis_void_editingCanceled__ChangeEvent__
BASE_VERB::state (V) | changed (N) ++ :: void (N) :: jthis (N) ::JThis_void_stateChanged__ChangeEvent__
BASE_VERB::insert (V) | update (N) ++ :: void (N) :: jthis (N) ::JThis_void_insertUpdate__DocumentEvent__
BASE_VERB::remove (V) | update (N) ++ :: void (N) :: jthis (N) ::JThis_void_removeUpdate__DocumentEvent__
BASE_VERB::changed (V) | update (N) ++ :: void (N) :: jthis (N) ::JThis_void_changedUpdate__DocumentEvent__
BASE_VERB::hyperlink (V) | update (N) ++ :: void (N) :: jthis (N) ::JThis_void_hyperlinkUpdate__HyperlinkEvent__
BASE_VERB::internal (V) | frame opened (N) ++ :: void (N) :: jthis (N) ::JThis_void_internalFrameOpened__InternalFrameEvent__
BASE_VERB::internal (V) | frame closing (N) ++ :: void (N) :: jthis (N) ::JThis_void_internalFrameClosing__InternalFrameEvent__
BASE_VERB::internal (V) | frame closed (N) ++ :: void (N) :: jthis (N) ::JThis_void_internalFrameClosed__InternalFrameEvent__
BASE_VERB::internal (V) | frame iconified (N) ++ :: void (N) :: jthis (N) ::JThis_void_internalFrameIconified__InternalFrameEvent__
BASE_VERB::internal (V) | frame deiconified (N) ++ :: void (N) :: jthis (N) ::JThis_void_internalFrameDeiconified__InternalFrameEvent__
BASE_VERB::internal (V) | frame activated (N) ++ :: void (N) :: jthis (N) ::JThis_void_internalFrameActivated__InternalFrameEvent__
BASE_VERB::internal (V) | frame deactivated (N) ++ :: void (N) :: jthis (N) ::JThis_void_internalFrameDeactivated__InternalFrameEvent__
BASE_VERB::interval (V) | added (N) ++ :: void (N) :: jthis (N) ::JThis_void_intervalAdded__ListDataEvent__
BASE_VERB::interval (V) | removed (N) ++ :: void (N) :: jthis (N) ::JThis_void_intervalRemoved__ListDataEvent__
BASE_VERB::contents (V) | changed (N) ++ :: void (N) :: jthis (N) ::JThis_void_contentsChanged__ListDataEvent__
BASE_VERB::value (V) | changed (N) ++ :: void (N) :: jthis (N) ::JThis_void_valueChanged__ListSelectionEvent__
BASE_VERB::menu (V) | drag mouse entered (N) ++ :: void (N) :: jthis (N) ::JThis_void_menuDragMouseEntered__MenuDragMouseEvent__
BASE_VERB::menu (V) | drag mouse exited (N) ++ :: void (N) :: jthis (N) ::JThis_void_menuDragMouseExited__MenuDragMouseEvent__
BASE_VERB::menu (V) | drag mouse dragged (N) ++ :: void (N) :: jthis (N) ::JThis_void_menuDragMouseDragged__MenuDragMouseEvent__
BASE_VERB::menu (V) | drag mouse released (N) ++ :: void (N) :: jthis (N) ::JThis_void_menuDragMouseReleased__MenuDragMouseEvent__
BASE_VERB::menu (V) | key typed (N) ++ :: void (N) :: jthis (N) ::JThis_void_menuKeyTyped__MenuKeyEvent__
BASE_VERB::menu (V) | key pressed (N) ++ :: void (N) :: jthis (N) ::JThis_void_menuKeyPressed__MenuKeyEvent__
BASE_VERB::menu (V) | key released (N) ++ :: void (N) :: jthis (N) ::JThis_void_menuKeyReleased__MenuKeyEvent__
BASE_VERB::menu (V) | selected (N) ++ :: void (N) :: jthis (N) ::JThis_void_menuSelected__MenuEvent__
BASE_VERB::menu (V) | deselected (N) ++ :: void (N) :: jthis (N) ::JThis_void_menuDeselected__MenuEvent__
BASE_VERB::menu (V) | canceled (N) ++ :: void (N) :: jthis (N) ::JThis_void_menuCanceled__MenuEvent__
BASE_VERB::popup (V) | menu will become visible (N) ++ :: void (N) :: jthis (N) ::JThis_void_popupMenuWillBecomeVisible__PopupMenuEvent__
BASE_VERB::popup (V) | menu will become invisible (N) ++ :: void (N) :: jthis (N) ::JThis_void_popupMenuWillBecomeInvisible__PopupMenuEvent__
BASE_VERB::popup (V) | menu canceled (N) ++ :: void (N) :: jthis (N) ::JThis_void_popupMenuCanceled__PopupMenuEvent__
BASE_VERB::column (V) | added (N) ++ :: void (N) :: jthis (N) ::JThis_void_columnAdded__TableColumnModelEvent__
BASE_VERB::column (V) | removed (N) ++ :: void (N) :: jthis (N) ::JThis_void_columnRemoved__TableColumnModelEvent__
BASE_VERB::column (V) | moved (N) ++ :: void (N) :: jthis (N) ::JThis_void_columnMoved__TableColumnModelEvent__
BASE_VERB::column (V) | margin changed (N) ++ :: void (N) :: jthis (N) ::JThis_void_columnMarginChanged__ChangeEvent__
BASE_VERB::column (V) | selection changed (N) ++ :: void (N) :: jthis (N) ::JThis_void_columnSelectionChanged__ListSelectionEvent__
BASE_VERB::table (V) | changed (N) ++ :: void (N) :: jthis (N) ::JThis_void_tableChanged__TableModelEvent__
BASE_VERB::tree (V) | expanded (N) ++ :: void (N) :: jthis (N) ::JThis_void_treeExpanded__TreeExpansionEvent__
BASE_VERB::tree (V) | collapsed (N) ++ :: void (N) :: jthis (N) ::JThis_void_treeCollapsed__TreeExpansionEvent__
BASE_VERB::tree (V) | nodes changed (N) ++ :: void (N) :: jthis (N) ::JThis_void_treeNodesChanged__TreeModelEvent__
BASE_VERB::tree (V) | nodes inserted (N) ++ :: void (N) :: jthis (N) ::JThis_void_treeNodesInserted__TreeModelEvent__
BASE_VERB::tree (V) | nodes removed (N) ++ :: void (N) :: jthis (N) ::JThis_void_treeNodesRemoved__TreeModelEvent__
BASE_VERB::tree (V) | structure changed (N) ++ :: void (N) :: jthis (N) ::JThis_void_treeStructureChanged__TreeModelEvent__
BASE_VERB::value (V) | changed (N) ++ :: void (N) :: jthis (N) ::JThis_void_valueChanged__TreeSelectionEvent__
BASE_VERB::tree (V) | will expand (N) ++ :: void (N) :: jthis (N) ::JThis_void_treeWillExpand__TreeExpansionEvent__
BASE_VERB::tree (V) | will collapse (N) ++ :: void (N) :: jthis (N) ::JThis_void_treeWillCollapse__TreeExpansionEvent__
BASE_VERB::undoable (V) | edit happened (N) ++ :: void (N) :: jthis (N) ::JThis_void_undoableEditHappened__UndoableEditEvent__
BASE_VERB::action (V) | performed (N) ++ :: void (N) :: jthis (N) ::JThis_void_actionPerformed__ActionEvent__
BASE_VERB::adjustment (V) | value changed (N) ++ :: void (N) :: jthis (N) ::JThis_void_adjustmentValueChanged__AdjustmentEvent__
BASE_VERB::component (V) | resized (N) ++ :: void (N) :: jthis (N) ::JThis_void_componentResized__ComponentEvent__
BASE_VERB::component (V) | moved (N) ++ :: void (N) :: jthis (N) ::JThis_void_componentMoved__ComponentEvent__
BASE_VERB::component (V) | shown (N) ++ :: void (N) :: jthis (N) ::JThis_void_componentShown__ComponentEvent__
BASE_VERB::component (V) | hidden (N) ++ :: void (N) :: jthis (N) ::JThis_void_componentHidden__ComponentEvent__
BASE_VERB::component (V) | added (N) ++ :: void (N) :: jthis (N) ::JThis_void_componentAdded__ContainerEvent__
BASE_VERB::component (V) | removed (N) ++ :: void (N) :: jthis (N) ::JThis_void_componentRemoved__ContainerEvent__
BASE_VERB::focus (V) | gained (N) ++ :: void (N) :: jthis (N) ::JThis_void_focusGained__FocusEvent__
BASE_VERB::focus (V) | lost (N) ++ :: void (N) :: jthis (N) ::JThis_void_focusLost__FocusEvent__
BASE_VERB::item (V) | state changed (N) ++ :: void (N) :: jthis (N) ::JThis_void_itemStateChanged__ItemEvent__
BASE_VERB::key (V) | typed (N) ++ :: void (N) :: jthis (N) ::JThis_void_keyTyped__KeyEvent__
BASE_VERB::key (V) | pressed (N) ++ :: void (N) :: jthis (N) ::JThis_void_keyPressed__KeyEvent__
BASE_VERB::key (V) | released (N) ++ :: void (N) :: jthis (N) ::JThis_void_keyReleased__KeyEvent__
BASE_VERB::mouse (V) | clicked (N) ++ :: void (N) :: jthis (N) ::JThis_void_mouseClicked__MouseEvent__
BASE_VERB::mouse (V) | pressed (N) ++ :: void (N) :: jthis (N) ::JThis_void_mousePressed__MouseEvent__
BASE_VERB::mouse (V) | released (N) ++ :: void (N) :: jthis (N) ::JThis_void_mouseReleased__MouseEvent__
BASE_VERB::mouse (V) | entered (N) ++ :: void (N) :: jthis (N) ::JThis_void_mouseEntered__MouseEvent__
BASE_VERB::mouse (V) | exited (N) ++ :: void (N) :: jthis (N) ::JThis_void_mouseExited__MouseEvent__
BASE_VERB::mouse (V) | dragged (N) ++ :: void (N) :: jthis (N) ::JThis_void_mouseDragged__MouseEvent__
BASE_VERB::mouse (V) | moved (N) ++ :: void (N) :: jthis (N) ::JThis_void_mouseMoved__MouseEvent__
BASE_VERB::text (V) | value changed (N) ++ :: void (N) :: jthis (N) ::JThis_void_textValueChanged__TextEvent__
BASE_VERB::window (V) | opened (N) ++ :: void (N) :: jthis (N) ::JThis_void_windowOpened__WindowEvent__
BASE_VERB::window (V) | closing (N) ++ :: void (N) :: jthis (N) ::JThis_void_windowClosing__WindowEvent__
BASE_VERB::window (V) | closed (N) ++ :: void (N) :: jthis (N) ::JThis_void_windowClosed__WindowEvent__
BASE_VERB::window (V) | iconified (N) ++ :: void (N) :: jthis (N) ::JThis_void_windowIconified__WindowEvent__
BASE_VERB::window (V) | deiconified (N) ++ :: void (N) :: jthis (N) ::JThis_void_windowDeiconified__WindowEvent__
BASE_VERB::window (V) | activated (N) ++ :: void (N) :: jthis (N) ::JThis_void_windowActivated__WindowEvent__
BASE_VERB::window (V) | deactivated (N) ++ :: void (N) :: jthis (N) ::JThis_void_windowDeactivated__WindowEvent__
BASE_VERB::property (V) | change (N) ++ :: void (N) :: jthis (N) ::JThis_void_propertyChange__PropertyChangeEvent__
BASE_VERB::vetoable (V) | change (N) ++ :: void (N) :: jthis (N) ::JThis_void_vetoableChange__PropertyChangeEvent__
BASE_VERB::image (V) | update (N) ++ :: boolean (N) :: jthis (N) ::JThis_boolean_imageUpdate__java.awt.Image-int-int-int-int-int__
BASE_VERB::hexval (V) | value (N) ++ :: int (N) :: javacharstream (N) ::JavaCharStream_int_hexval__char__
BASE_VERB::expand (V) | buff (N) ++ :: void (N) :: javacharstream (N) ::JavaCharStream_void_ExpandBuff__boolean__
BASE_VERB::fill (V) | buff (N) ++ :: void (N) :: javacharstream (N) ::JavaCharStream_void_FillBuff____
BASE_VERB::read (V) | byte (N) ++ :: char (N) :: javacharstream (N) ::JavaCharStream_char_ReadByte____
BASE_VERB::begin (V) | token (N) ++ :: char (N) :: javacharstream (N) ::JavaCharStream_char_BeginToken____
BASE_VERB::adjust (V) | buff size (N) ++ :: void (N) :: javacharstream (N) ::JavaCharStream_void_AdjustBuffSize____
BASE_VERB::update (V) | line column (N) ++ :: void (N) :: javacharstream (N) ::JavaCharStream_void_UpdateLineColumn__char__
BASE_VERB::read (V) | char (N) ++ :: char (N) :: javacharstream (N) ::JavaCharStream_char_readChar____
SPECIAL::get (V) | column (N) ++ :: int (N) :: javacharstream (N) ::JavaCharStream_int_getColumn____
SPECIAL::get (V) | line (N) ++ :: int (N) :: javacharstream (N) ::JavaCharStream_int_getLine____
SPECIAL::get (V) | end column (N) ++ :: int (N) :: javacharstream (N) ::JavaCharStream_int_getEndColumn____
SPECIAL::get (V) | end line (N) ++ :: int (N) :: javacharstream (N) ::JavaCharStream_int_getEndLine____
SPECIAL::get (V) | begin column (N) ++ :: int (N) :: javacharstream (N) ::JavaCharStream_int_getBeginColumn____
SPECIAL::get (V) | begin line (N) ++ :: int (N) :: javacharstream (N) ::JavaCharStream_int_getBeginLine____
BASE_VERB::backup (V) | value (N) ++ :: void (N) :: javacharstream (N) ::JavaCharStream_void_backup__int__
CONSTRUCTOR::create (V) | char stream (N) ++ :: JavaCharStream (N) :: javacharstream (N) ::JavaCharStream_JavaCharStream_JavaCharStream__java.io.Reader-int-int-int__
CONSTRUCTOR::create (V) | char stream (N) ++ :: JavaCharStream (N) :: javacharstream (N) ::JavaCharStream_JavaCharStream_JavaCharStream__java.io.Reader-int-int__
CONSTRUCTOR::create (V) | char stream (N) ++ :: JavaCharStream (N) :: javacharstream (N) ::JavaCharStream_JavaCharStream_JavaCharStream__java.io.Reader__
BASE_VERB::re (V) | init (N) ++ :: void (N) :: javacharstream (N) ::JavaCharStream_void_ReInit__java.io.Reader-int-int-int__
BASE_VERB::re (V) | init (N) ++ :: void (N) :: javacharstream (N) ::JavaCharStream_void_ReInit__java.io.Reader-int-int__
BASE_VERB::re (V) | init (N) ++ :: void (N) :: javacharstream (N) ::JavaCharStream_void_ReInit__java.io.Reader__
CONSTRUCTOR::create (V) | char stream (N) ++ :: JavaCharStream (N) :: javacharstream (N) ::JavaCharStream_JavaCharStream_JavaCharStream__java.io.InputStream-int-int-int__
CONSTRUCTOR::create (V) | char stream (N) ++ :: JavaCharStream (N) :: javacharstream (N) ::JavaCharStream_JavaCharStream_JavaCharStream__java.io.InputStream-int-int__
CONSTRUCTOR::create (V) | char stream (N) ++ :: JavaCharStream (N) :: javacharstream (N) ::JavaCharStream_JavaCharStream_JavaCharStream__java.io.InputStream__
BASE_VERB::re (V) | init (N) ++ :: void (N) :: javacharstream (N) ::JavaCharStream_void_ReInit__java.io.InputStream-int-int-int__
BASE_VERB::re (V) | init (N) ++ :: void (N) :: javacharstream (N) ::JavaCharStream_void_ReInit__java.io.InputStream-int-int__
BASE_VERB::re (V) | init (N) ++ :: void (N) :: javacharstream (N) ::JavaCharStream_void_ReInit__java.io.InputStream__
BASE_VERB::get (V) | image (N) ++ :: String (N) :: javacharstream (N) ::JavaCharStream_String_GetImage____
BASE_VERB::get (V) | suffix (N) ++ :: charArray (N) :: javacharstream (N) ::JavaCharStream_charArray_GetSuffix__int__
BASE_VERB::done (V) | value (N) ++ :: void (N) :: javacharstream (N) ::JavaCharStream_void_Done____
BASE_VERB::adjust (V) | begin line column (N) ++ :: void (N) :: javacharstream (N) ::JavaCharStream_void_adjustBeginLineColumn__int-int__
BASE_VERB::add (V) | modifier (N) ++ :: void (N) :: modifiers (N) ::Modifiers_void_addModifier__int-String__
BASE_VERB::has (V) | modifier (N) ++ :: boolean (N) :: modifiers (N) ::Modifiers_boolean_hasModifier__String__
BASE_VERB::validate (V) | for method (N) ++ :: void (N) :: modifiers (N) ::Modifiers_void_validateForMethod____
BASE_VERB::validate (V) | for field (N) ++ :: void (N) :: modifiers (N) ::Modifiers_void_validateForField____
BASE_VERB::validate (V) | for class (N) ++ :: void (N) :: modifiers (N) ::Modifiers_void_validateForClass____
BASE_VERB::insure (V) | no (N) ++ :: void (N) :: modifiers (N) ::Modifiers_void_insureNo__String-String__
BASE_VERB::to (V) | string (N) ++ :: String (N) :: modifiers (N) ::Modifiers_String_toString____
BASE_VERB::reset (V) | value (N) ++ :: void (N) :: name (N) ::Name_void_reset____
CONSTRUCTOR::create (V) | value (N) ++ :: Name (N) :: name (N) ::Name_Name_Name__NameSpace-String__
BASE_VERB::to (V) | object (N) ++ :: Object (N) :: name (N) ::Name_Object_toObject__CallStack-Interpreter__
BASE_VERB::to (V) | object (N) ++ :: Object (N) :: name (N) ::Name_Object_toObject__CallStack-Interpreter-boolean__
BASE_VERB::complete (V) | round (N) ++ :: Object (N) :: name (N) ::Name_Object_completeRound__String-String-Object__
BASE_VERB::consume (V) | next object field (N) ++ :: Object (N) :: name (N) ::Name_Object_consumeNextObjectField__CallStack-Interpreter-boolean-boolean__
BASE_VERB::resolve (V) | this field reference (N) ++ :: Object (N) :: name (N) ::Name_Object_resolveThisFieldReference__CallStack-NameSpace-Interpreter-String-boolean__
SPECIAL::get (V) | class name space (N) ++ :: NameSpace (N) :: name (N) ::Name_NameSpace_getClassNameSpace__NameSpace__
BASE_VERB::to (V) | class (N) ++ :: Class (N) :: name (N) ::Name_Class_toClass____
BASE_VERB::to (V) | lhs (N) ++ :: LHS (N) :: name (N) ::Name_LHS_toLHS__CallStack-Interpreter__
BASE_VERB::invoke (V) | method (N) ++ :: Object (N) :: name (N) ::Name_Object_invokeMethod__Interpreter-ObjectArray-CallStack-SimpleNode__
BASE_VERB::invoke (V) | local method (N) ++ :: Object (N) :: name (N) ::Name_Object_invokeLocalMethod__Interpreter-ObjectArray-CallStack-SimpleNode__
SPECIAL::is (V) | compound (N) ++ :: boolean (N) :: name (N) ::Name_boolean_isCompound__String__
BASE_VERB::count (V) | parts (N) ++ :: int (N) :: name (N) ::Name_int_countParts__String__
BASE_VERB::prefix (V) | value (N) ++ :: String (N) :: name (N) ::Name_String_prefix__String__
BASE_VERB::prefix (V) | value (N) ++ :: String (N) :: name (N) ::Name_String_prefix__String-int__
BASE_VERB::suffix (V) | value (N) ++ :: String (N) :: name (N) ::Name_String_suffix__String__
BASE_VERB::suffix (V) | value (N) ++ :: String (N) :: name (N) ::Name_String_suffix__String-int__
BASE_VERB::to (V) | string (N) ++ :: String (N) :: name (N) ::Name_String_toString____
SPECIAL::set (V) | class static (N) ++ :: void (N) :: namespace (N) ::NameSpace_void_setClassStatic__Class__
SPECIAL::set (V) | class instance (N) ++ :: void (N) :: namespace (N) ::NameSpace_void_setClassInstance__Object__
SPECIAL::get (V) | class instance (N) ++ :: Object (N) :: namespace (N) ::NameSpace_Object_getClassInstance____
CONSTRUCTOR::create (V) | space (N) ++ :: NameSpace (N) :: namespace (N) ::NameSpace_NameSpace_NameSpace__NameSpace-String__
CONSTRUCTOR::create (V) | space (N) ++ :: NameSpace (N) :: namespace (N) ::NameSpace_NameSpace_NameSpace__BshClassManager-String__
CONSTRUCTOR::create (V) | space (N) ++ :: NameSpace (N) :: namespace (N) ::NameSpace_NameSpace_NameSpace__NameSpace-BshClassManager-String__
SPECIAL::set (V) | name (N) ++ :: void (N) :: namespace (N) ::NameSpace_void_setName__String__
SPECIAL::get (V) | name (N) ++ :: String (N) :: namespace (N) ::NameSpace_String_getName____
SPECIAL::set (V) | node (N) ++ :: void (N) :: namespace (N) ::NameSpace_void_setNode__SimpleNode__
SPECIAL::get (V) | node (N) ++ :: SimpleNode (N) :: namespace (N) ::NameSpace_SimpleNode_getNode____
SPECIAL::get (V) | value (N) ++ :: Object (N) :: namespace (N) ::NameSpace_Object_get__String-Interpreter__
SPECIAL::set (V) | variable (N) ++ :: void (N) :: namespace (N) ::NameSpace_void_setVariable__String-Object-boolean__
SPECIAL::set (V) | local variable (N) ++ :: void (N) :: namespace (N) ::NameSpace_void_setLocalVariable__String-Object-boolean__
SPECIAL::set (V) | variable (N) ++ :: void (N) :: namespace (N) ::NameSpace_void_setVariable__String-Object-boolean-boolean__
BASE_VERB::unset (V) | variable (N) ++ :: void (N) :: namespace (N) ::NameSpace_void_unsetVariable__String__
SPECIAL::get (V) | variable names (N) ++ :: StringArray (N) :: namespace (N) ::NameSpace_StringArray_getVariableNames____
SPECIAL::get (V) | method names (N) ++ :: StringArray (N) :: namespace (N) ::NameSpace_StringArray_getMethodNames____
SPECIAL::get (V) | methods (N) ++ :: BshMethodArray (N) :: namespace (N) ::NameSpace_BshMethodArray_getMethods____
BASE_VERB::enumeration (V) | to string array (N) ++ :: StringArray (N) :: namespace (N) ::NameSpace_StringArray_enumerationToStringArray__Enumeration__
BASE_VERB::flatten (V) | method collection (N) ++ :: BshMethodArray (N) :: namespace (N) ::NameSpace_BshMethodArray_flattenMethodCollection__Enumeration__
SPECIAL::get (V) | parent (N) ++ :: NameSpace (N) :: namespace (N) ::NameSpace_NameSpace_getParent____
SPECIAL::get (V) | super (N) ++ :: This (N) :: namespace (N) ::NameSpace_This_getSuper__Interpreter__
SPECIAL::get (V) | global (N) ++ :: This (N) :: namespace (N) ::NameSpace_This_getGlobal__Interpreter__
SPECIAL::get (V) | this (N) ++ :: This (N) :: namespace (N) ::NameSpace_This_getThis__Interpreter__
SPECIAL::get (V) | class manager (N) ++ :: BshClassManager (N) :: namespace (N) ::NameSpace_BshClassManager_getClassManager____
SPECIAL::set (V) | class manager (N) ++ :: void (N) :: namespace (N) ::NameSpace_void_setClassManager__BshClassManager__
BASE_VERB::prune (V) | value (N) ++ :: void (N) :: namespace (N) ::NameSpace_void_prune____
SPECIAL::set (V) | parent (N) ++ :: void (N) :: namespace (N) ::NameSpace_void_setParent__NameSpace__
SPECIAL::get (V) | variable (N) ++ :: Object (N) :: namespace (N) ::NameSpace_Object_getVariable__String__
SPECIAL::get (V) | variable (N) ++ :: Object (N) :: namespace (N) ::NameSpace_Object_getVariable__String-boolean__
SPECIAL::get (V) | variable impl (N) ++ :: Variable (N) :: namespace (N) ::NameSpace_Variable_getVariableImpl__String-boolean__
SPECIAL::get (V) | declared variables (N) ++ :: VariableArray (N) :: namespace (N) ::NameSpace_VariableArray_getDeclaredVariables____
BASE_VERB::unwrap (V) | variable (N) ++ :: Object (N) :: namespace (N) ::NameSpace_Object_unwrapVariable__Variable__
SPECIAL::set (V) | typed variable (N) ++ :: void (N) :: namespace (N) ::NameSpace_void_setTypedVariable__String-Class-Object-boolean__
SPECIAL::set (V) | typed variable (N) ++ :: void (N) :: namespace (N) ::NameSpace_void_setTypedVariable__String-Class-Object-Modifiers__
SPECIAL::set (V) | method (N) ++ :: void (N) :: namespace (N) ::NameSpace_void_setMethod__String-BshMethod__
SPECIAL::get (V) | method (N) ++ :: BshMethod (N) :: namespace (N) ::NameSpace_BshMethod_getMethod__String-ClassArray__
SPECIAL::get (V) | method (N) ++ :: BshMethod (N) :: namespace (N) ::NameSpace_BshMethod_getMethod__String-ClassArray-boolean__
BASE_VERB::import (V) | class (N) ++ :: void (N) :: namespace (N) ::NameSpace_void_importClass__String__
BASE_VERB::import (V) | package (N) ++ :: void (N) :: namespace (N) ::NameSpace_void_importPackage__String__
BASE_VERB::import (V) | commands (N) ++ :: void (N) :: namespace (N) ::NameSpace_void_importCommands__String__
SPECIAL::get (V) | command (N) ++ :: Object (N) :: namespace (N) ::NameSpace_Object_getCommand__String-ClassArray-Interpreter__
SPECIAL::get (V) | imported method (N) ++ :: BshMethod (N) :: namespace (N) ::NameSpace_BshMethod_getImportedMethod__String-ClassArray__
SPECIAL::get (V) | imported var (N) ++ :: Variable (N) :: namespace (N) ::NameSpace_Variable_getImportedVar__String__
BASE_VERB::load (V) | scripted command (N) ++ :: BshMethod (N) :: namespace (N) ::NameSpace_BshMethod_loadScriptedCommand__InputStream-String-ClassArray-String-Interpreter__
BASE_VERB::cache (V) | class (N) ++ :: void (N) :: namespace (N) ::NameSpace_void_cacheClass__String-Class__
SPECIAL::get (V) | class (N) ++ :: Class (N) :: namespace (N) ::NameSpace_Class_getClass__String__
SPECIAL::get (V) | class impl (N) ++ :: Class (N) :: namespace (N) ::NameSpace_Class_getClassImpl__String__
SPECIAL::get (V) | imported class impl (N) ++ :: Class (N) :: namespace (N) ::NameSpace_Class_getImportedClassImpl__String__
BASE_VERB::class (V) | for name (N) ++ :: Class (N) :: namespace (N) ::NameSpace_Class_classForName__String__
SPECIAL::get (V) | all names (N) ++ :: StringArray (N) :: namespace (N) ::NameSpace_StringArray_getAllNames____
SPECIAL::get (V) | all names aux (N) ++ :: void (N) :: namespace (N) ::NameSpace_void_getAllNamesAux__Vector__
BASE_VERB::add (V) | name source listener (N) ++ :: void (N) :: namespace (N) ::NameSpace_void_addNameSourceListener__NameSource.Listener__
BASE_VERB::do (V) | super import (N) ++ :: void (N) :: namespace (N) ::NameSpace_void_doSuperImport____
BASE_VERB::to (V) | string (N) ++ :: String (N) :: namespace (N) ::NameSpace_String_toString____
BASE_VERB::write (V) | object (N) ++ :: void (N) :: namespace (N) ::NameSpace_void_writeObject__java.io.ObjectOutputStream__
BASE_VERB::invoke (V) | method (N) ++ :: Object (N) :: namespace (N) ::NameSpace_Object_invokeMethod__String-ObjectArray-Interpreter__
BASE_VERB::invoke (V) | method (N) ++ :: Object (N) :: namespace (N) ::NameSpace_Object_invokeMethod__String-ObjectArray-Interpreter-CallStack-SimpleNode__
BASE_VERB::class (V) | loader changed (N) ++ :: void (N) :: namespace (N) ::NameSpace_void_classLoaderChanged____
BASE_VERB::name (V) | space changed (N) ++ :: void (N) :: namespace (N) ::NameSpace_void_nameSpaceChanged____
BASE_VERB::load (V) | default imports (N) ++ :: void (N) :: namespace (N) ::NameSpace_void_loadDefaultImports____
SPECIAL::get (V) | name resolver (N) ++ :: Name (N) :: namespace (N) ::NameSpace_Name_getNameResolver__String__
SPECIAL::get (V) | invocation line (N) ++ :: int (N) :: namespace (N) ::NameSpace_int_getInvocationLine____
SPECIAL::get (V) | invocation text (N) ++ :: String (N) :: namespace (N) ::NameSpace_String_getInvocationText____
BASE_VERB::identifier (V) | to class (N) ++ :: Class (N) :: namespace (N) ::NameSpace_Class_identifierToClass__ClassIdentifier__
BASE_VERB::clear (V) | value (N) ++ :: void (N) :: namespace (N) ::NameSpace_void_clear____
BASE_VERB::import (V) | object (N) ++ :: void (N) :: namespace (N) ::NameSpace_void_importObject__Object__
BASE_VERB::import (V) | static (N) ++ :: void (N) :: namespace (N) ::NameSpace_void_importStatic__Class__
SPECIAL::set (V) | package (N) ++ :: void (N) :: namespace (N) ::NameSpace_void_setPackage__String__
SPECIAL::get (V) | package (N) ++ :: String (N) :: namespace (N) ::NameSpace_String_getPackage____
SPECIAL::set (V) | variable (N) ++ :: void (N) :: namespace (N) ::NameSpace_void_setVariable__String-Object__
BASE_VERB::add (V) | command path (N) ++ :: void (N) :: namespace (N) ::NameSpace_void_addCommandPath__String-Class__
BASE_VERB::remove (V) | command path (N) ++ :: void (N) :: namespace (N) ::NameSpace_void_removeCommandPath__String-Class__
SPECIAL::get (V) | command (N) ++ :: InputStream (N) :: namespace (N) ::NameSpace_InputStream_getCommand__String__
CONSTRUCTOR::create (V) | path entry (N) ++ :: NameSpace (N) :: namespace (N) ::NameSpace_NameSpace_CommandPathEntry__String-Class__
SPECIAL::set (V) | retain comments (N) ++ :: void (N) :: parser (N) ::Parser_void_setRetainComments__boolean__
BASE_VERB::jjtree (V) | open node scope (N) ++ :: void (N) :: parser (N) ::Parser_void_jjtreeOpenNodeScope__Node__
BASE_VERB::jjtree (V) | close node scope (N) ++ :: void (N) :: parser (N) ::Parser_void_jjtreeCloseNodeScope__Node__
BASE_VERB::re (V) | init input (N) ++ :: void (N) :: parser (N) ::Parser_void_reInitInput__Reader__
BASE_VERB::pop (V) | node (N) ++ :: SimpleNode (N) :: parser (N) ::Parser_SimpleNode_popNode____
BASE_VERB::re (V) | init token input (N) ++ :: void (N) :: parser (N) ::Parser_void_reInitTokenInput__Reader__
BASE_VERB::main (V) | value (N) ++ :: void (N) :: parser (N) ::Parser_void_main__StringArray__
SPECIAL::is (V) | regular for statement (N) ++ :: boolean (N) :: parser (N) ::Parser_boolean_isRegularForStatement____
BASE_VERB::create (V) | parse exception (N) ++ :: ParseException (N) :: parser (N) ::Parser_ParseException_createParseException__String__
BASE_VERB::line (V) | value (N) ++ :: boolean (N) :: parser (N) ::Parser_boolean_Line____
BASE_VERB::modifiers (V) | value (N) ++ :: Modifiers (N) :: parser (N) ::Parser_Modifiers_Modifiers__int-boolean__
BASE_VERB::class (V) | declaration (N) ++ :: void (N) :: parser (N) ::Parser_void_ClassDeclaration____
BASE_VERB::method (V) | declaration (N) ++ :: void (N) :: parser (N) ::Parser_void_MethodDeclaration____
BASE_VERB::package (V) | declaration (N) ++ :: void (N) :: parser (N) ::Parser_void_PackageDeclaration____
BASE_VERB::import (V) | declaration (N) ++ :: void (N) :: parser (N) ::Parser_void_ImportDeclaration____
BASE_VERB::variable (V) | declarator (N) ++ :: void (N) :: parser (N) ::Parser_void_VariableDeclarator____
BASE_VERB::variable (V) | initializer (N) ++ :: void (N) :: parser (N) ::Parser_void_VariableInitializer____
BASE_VERB::array (V) | initializer (N) ++ :: void (N) :: parser (N) ::Parser_void_ArrayInitializer____
BASE_VERB::formal (V) | parameters (N) ++ :: void (N) :: parser (N) ::Parser_void_FormalParameters____
BASE_VERB::formal (V) | parameter (N) ++ :: void (N) :: parser (N) ::Parser_void_FormalParameter____
BASE_VERB::type (V) | value (N) ++ :: void (N) :: parser (N) ::Parser_void_Type____
BASE_VERB::return (V) | type (N) ++ :: void (N) :: parser (N) ::Parser_void_ReturnType____
BASE_VERB::primitive (V) | type (N) ++ :: void (N) :: parser (N) ::Parser_void_PrimitiveType____
BASE_VERB::ambiguous (V) | name (N) ++ :: void (N) :: parser (N) ::Parser_void_AmbiguousName____
BASE_VERB::name (V) | list (N) ++ :: int (N) :: parser (N) ::Parser_int_NameList____
BASE_VERB::expression (V) | value (N) ++ :: void (N) :: parser (N) ::Parser_void_Expression____
BASE_VERB::assignment (V) | value (N) ++ :: void (N) :: parser (N) ::Parser_void_Assignment____
BASE_VERB::assignment (V) | operator (N) ++ :: int (N) :: parser (N) ::Parser_int_AssignmentOperator____
BASE_VERB::conditional (V) | expression (N) ++ :: void (N) :: parser (N) ::Parser_void_ConditionalExpression____
BASE_VERB::conditional (V) | or expression (N) ++ :: void (N) :: parser (N) ::Parser_void_ConditionalOrExpression____
BASE_VERB::conditional (V) | and expression (N) ++ :: void (N) :: parser (N) ::Parser_void_ConditionalAndExpression____
BASE_VERB::inclusive (V) | or expression (N) ++ :: void (N) :: parser (N) ::Parser_void_InclusiveOrExpression____
BASE_VERB::exclusive (V) | or expression (N) ++ :: void (N) :: parser (N) ::Parser_void_ExclusiveOrExpression____
BASE_VERB::and (V) | expression (N) ++ :: void (N) :: parser (N) ::Parser_void_AndExpression____
BASE_VERB::equality (V) | expression (N) ++ :: void (N) :: parser (N) ::Parser_void_EqualityExpression____
BASE_VERB::instance (V) | of expression (N) ++ :: void (N) :: parser (N) ::Parser_void_InstanceOfExpression____
BASE_VERB::relational (V) | expression (N) ++ :: void (N) :: parser (N) ::Parser_void_RelationalExpression____
BASE_VERB::shift (V) | expression (N) ++ :: void (N) :: parser (N) ::Parser_void_ShiftExpression____
BASE_VERB::additive (V) | expression (N) ++ :: void (N) :: parser (N) ::Parser_void_AdditiveExpression____
BASE_VERB::multiplicative (V) | expression (N) ++ :: void (N) :: parser (N) ::Parser_void_MultiplicativeExpression____
BASE_VERB::unary (V) | expression (N) ++ :: void (N) :: parser (N) ::Parser_void_UnaryExpression____
BASE_VERB::pre (V) | increment expression (N) ++ :: void (N) :: parser (N) ::Parser_void_PreIncrementExpression____
BASE_VERB::pre (V) | decrement expression (N) ++ :: void (N) :: parser (N) ::Parser_void_PreDecrementExpression____
BASE_VERB::unary (V) | expression not plus minus (N) ++ :: void (N) :: parser (N) ::Parser_void_UnaryExpressionNotPlusMinus____
BASE_VERB::cast (V) | lookahead (N) ++ :: void (N) :: parser (N) ::Parser_void_CastLookahead____
BASE_VERB::postfix (V) | expression (N) ++ :: void (N) :: parser (N) ::Parser_void_PostfixExpression____
BASE_VERB::cast (V) | expression (N) ++ :: void (N) :: parser (N) ::Parser_void_CastExpression____
BASE_VERB::primary (V) | expression (N) ++ :: void (N) :: parser (N) ::Parser_void_PrimaryExpression____
BASE_VERB::method (V) | invocation (N) ++ :: void (N) :: parser (N) ::Parser_void_MethodInvocation____
BASE_VERB::primary (V) | prefix (N) ++ :: void (N) :: parser (N) ::Parser_void_PrimaryPrefix____
BASE_VERB::primary (V) | suffix (N) ++ :: void (N) :: parser (N) ::Parser_void_PrimarySuffix____
BASE_VERB::literal (V) | value (N) ++ :: void (N) :: parser (N) ::Parser_void_Literal____
BASE_VERB::boolean (V) | literal (N) ++ :: boolean (N) :: parser (N) ::Parser_boolean_BooleanLiteral____
BASE_VERB::null (V) | literal (N) ++ :: void (N) :: parser (N) ::Parser_void_NullLiteral____
BASE_VERB::void (V) | literal (N) ++ :: void (N) :: parser (N) ::Parser_void_VoidLiteral____
BASE_VERB::arguments (V) | value (N) ++ :: void (N) :: parser (N) ::Parser_void_Arguments____
BASE_VERB::argument (V) | list (N) ++ :: void (N) :: parser (N) ::Parser_void_ArgumentList____
BASE_VERB::allocation (V) | expression (N) ++ :: void (N) :: parser (N) ::Parser_void_AllocationExpression____
BASE_VERB::array (V) | dimensions (N) ++ :: void (N) :: parser (N) ::Parser_void_ArrayDimensions____
BASE_VERB::statement (V) | value (N) ++ :: void (N) :: parser (N) ::Parser_void_Statement____
BASE_VERB::labeled (V) | statement (N) ++ :: void (N) :: parser (N) ::Parser_void_LabeledStatement____
BASE_VERB::block (V) | value (N) ++ :: void (N) :: parser (N) ::Parser_void_Block____
BASE_VERB::block (V) | statement (N) ++ :: void (N) :: parser (N) ::Parser_void_BlockStatement____
BASE_VERB::formal (V) | comment (N) ++ :: void (N) :: parser (N) ::Parser_void_FormalComment____
BASE_VERB::empty (V) | statement (N) ++ :: void (N) :: parser (N) ::Parser_void_EmptyStatement____
BASE_VERB::statement (V) | expression (N) ++ :: void (N) :: parser (N) ::Parser_void_StatementExpression____
BASE_VERB::switch (V) | statement (N) ++ :: void (N) :: parser (N) ::Parser_void_SwitchStatement____
BASE_VERB::switch (V) | label (N) ++ :: void (N) :: parser (N) ::Parser_void_SwitchLabel____
BASE_VERB::if (V) | statement (N) ++ :: void (N) :: parser (N) ::Parser_void_IfStatement____
BASE_VERB::while (V) | statement (N) ++ :: void (N) :: parser (N) ::Parser_void_WhileStatement____
BASE_VERB::do (V) | statement (N) ++ :: void (N) :: parser (N) ::Parser_void_DoStatement____
BASE_VERB::for (V) | statement (N) ++ :: void (N) :: parser (N) ::Parser_void_ForStatement____
BASE_VERB::enhanced (V) | for statement (N) ++ :: void (N) :: parser (N) ::Parser_void_EnhancedForStatement____
BASE_VERB::for (V) | init (N) ++ :: void (N) :: parser (N) ::Parser_void_ForInit____
BASE_VERB::typed (V) | variable declaration (N) ++ :: void (N) :: parser (N) ::Parser_void_TypedVariableDeclaration____
BASE_VERB::statement (V) | expression list (N) ++ :: void (N) :: parser (N) ::Parser_void_StatementExpressionList____
BASE_VERB::for (V) | update (N) ++ :: void (N) :: parser (N) ::Parser_void_ForUpdate____
BASE_VERB::break (V) | statement (N) ++ :: void (N) :: parser (N) ::Parser_void_BreakStatement____
BASE_VERB::continue (V) | statement (N) ++ :: void (N) :: parser (N) ::Parser_void_ContinueStatement____
BASE_VERB::return (V) | statement (N) ++ :: void (N) :: parser (N) ::Parser_void_ReturnStatement____
BASE_VERB::synchronized (V) | statement (N) ++ :: void (N) :: parser (N) ::Parser_void_SynchronizedStatement____
BASE_VERB::throw (V) | statement (N) ++ :: void (N) :: parser (N) ::Parser_void_ThrowStatement____
BASE_VERB::try (V) | statement (N) ++ :: void (N) :: parser (N) ::Parser_void_TryStatement____
BASE_VERB::jj (V) | 2 1 (N) ++ :: boolean (N) :: parser (N) ::Parser_boolean_jj_2_1__int__
BASE_VERB::jj (V) | 2 2 (N) ++ :: boolean (N) :: parser (N) ::Parser_boolean_jj_2_2__int__
BASE_VERB::jj (V) | 2 3 (N) ++ :: boolean (N) :: parser (N) ::Parser_boolean_jj_2_3__int__
BASE_VERB::jj (V) | 2 4 (N) ++ :: boolean (N) :: parser (N) ::Parser_boolean_jj_2_4__int__
BASE_VERB::jj (V) | 2 5 (N) ++ :: boolean (N) :: parser (N) ::Parser_boolean_jj_2_5__int__
BASE_VERB::jj (V) | 2 6 (N) ++ :: boolean (N) :: parser (N) ::Parser_boolean_jj_2_6__int__
BASE_VERB::jj (V) | 2 7 (N) ++ :: boolean (N) :: parser (N) ::Parser_boolean_jj_2_7__int__
BASE_VERB::jj (V) | 2 8 (N) ++ :: boolean (N) :: parser (N) ::Parser_boolean_jj_2_8__int__
BASE_VERB::jj (V) | 2 9 (N) ++ :: boolean (N) :: parser (N) ::Parser_boolean_jj_2_9__int__
BASE_VERB::jj (V) | 2 10 (N) ++ :: boolean (N) :: parser (N) ::Parser_boolean_jj_2_10__int__
BASE_VERB::jj (V) | 2 11 (N) ++ :: boolean (N) :: parser (N) ::Parser_boolean_jj_2_11__int__
BASE_VERB::jj (V) | 2 12 (N) ++ :: boolean (N) :: parser (N) ::Parser_boolean_jj_2_12__int__
BASE_VERB::jj (V) | 2 13 (N) ++ :: boolean (N) :: parser (N) ::Parser_boolean_jj_2_13__int__
BASE_VERB::jj (V) | 2 14 (N) ++ :: boolean (N) :: parser (N) ::Parser_boolean_jj_2_14__int__
BASE_VERB::jj (V) | 2 15 (N) ++ :: boolean (N) :: parser (N) ::Parser_boolean_jj_2_15__int__
BASE_VERB::jj (V) | 2 16 (N) ++ :: boolean (N) :: parser (N) ::Parser_boolean_jj_2_16__int__
BASE_VERB::jj (V) | 2 17 (N) ++ :: boolean (N) :: parser (N) ::Parser_boolean_jj_2_17__int__
BASE_VERB::jj (V) | 2 18 (N) ++ :: boolean (N) :: parser (N) ::Parser_boolean_jj_2_18__int__
BASE_VERB::jj (V) | 2 19 (N) ++ :: boolean (N) :: parser (N) ::Parser_boolean_jj_2_19__int__
BASE_VERB::jj (V) | 2 20 (N) ++ :: boolean (N) :: parser (N) ::Parser_boolean_jj_2_20__int__
BASE_VERB::jj (V) | 2 21 (N) ++ :: boolean (N) :: parser (N) ::Parser_boolean_jj_2_21__int__
BASE_VERB::jj (V) | 2 22 (N) ++ :: boolean (N) :: parser (N) ::Parser_boolean_jj_2_22__int__
BASE_VERB::jj (V) | 2 23 (N) ++ :: boolean (N) :: parser (N) ::Parser_boolean_jj_2_23__int__
BASE_VERB::jj (V) | 2 24 (N) ++ :: boolean (N) :: parser (N) ::Parser_boolean_jj_2_24__int__
BASE_VERB::jj (V) | 2 25 (N) ++ :: boolean (N) :: parser (N) ::Parser_boolean_jj_2_25__int__
BASE_VERB::jj (V) | 2 26 (N) ++ :: boolean (N) :: parser (N) ::Parser_boolean_jj_2_26__int__
BASE_VERB::jj (V) | 2 27 (N) ++ :: boolean (N) :: parser (N) ::Parser_boolean_jj_2_27__int__
BASE_VERB::jj (V) | 2 28 (N) ++ :: boolean (N) :: parser (N) ::Parser_boolean_jj_2_28__int__
BASE_VERB::jj (V) | 2 29 (N) ++ :: boolean (N) :: parser (N) ::Parser_boolean_jj_2_29__int__
BASE_VERB::jj (V) | 2 30 (N) ++ :: boolean (N) :: parser (N) ::Parser_boolean_jj_2_30__int__
BASE_VERB::jj (V) | 2 31 (N) ++ :: boolean (N) :: parser (N) ::Parser_boolean_jj_2_31__int__
BASE_VERB::jj (V) | 3r 46 (N) ++ :: boolean (N) :: parser (N) ::Parser_boolean_jj_3R_46____
BASE_VERB::jj (V) | 3r 28 (N) ++ :: boolean (N) :: parser (N) ::Parser_boolean_jj_3R_28____
BASE_VERB::jj (V) | 3 23 (N) ++ :: boolean (N) :: parser (N) ::Parser_boolean_jj_3_23____
BASE_VERB::jj (V) | 3r 161 (N) ++ :: boolean (N) :: parser (N) ::Parser_boolean_jj_3R_161____
BASE_VERB::jj (V) | 3r 38 (N) ++ :: boolean (N) :: parser (N) ::Parser_boolean_jj_3R_38____
BASE_VERB::jj (V) | 3r 158 (N) ++ :: boolean (N) :: parser (N) ::Parser_boolean_jj_3R_158____
BASE_VERB::jj (V) | 3r 40 (N) ++ :: boolean (N) :: parser (N) ::Parser_boolean_jj_3R_40____
BASE_VERB::jj (V) | 3r 156 (N) ++ :: boolean (N) :: parser (N) ::Parser_boolean_jj_3R_156____
BASE_VERB::jj (V) | 3r 165 (N) ++ :: boolean (N) :: parser (N) ::Parser_boolean_jj_3R_165____
BASE_VERB::jj (V) | 3r 153 (N) ++ :: boolean (N) :: parser (N) ::Parser_boolean_jj_3R_153____
BASE_VERB::jj (V) | 3r 90 (N) ++ :: boolean (N) :: parser (N) ::Parser_boolean_jj_3R_90____
BASE_VERB::jj (V) | 3r 89 (N) ++ :: boolean (N) :: parser (N) ::Parser_boolean_jj_3R_89____
BASE_VERB::jj (V) | 3r 88 (N) ++ :: boolean (N) :: parser (N) ::Parser_boolean_jj_3R_88____
BASE_VERB::jj (V) | 3r 162 (N) ++ :: boolean (N) :: parser (N) ::Parser_boolean_jj_3R_162____
BASE_VERB::jj (V) | 3r 87 (N) ++ :: boolean (N) :: parser (N) ::Parser_boolean_jj_3R_87____
BASE_VERB::jj (V) | 3r 148 (N) ++ :: boolean (N) :: parser (N) ::Parser_boolean_jj_3R_148____
BASE_VERB::jj (V) | 3r 86 (N) ++ :: boolean (N) :: parser (N) ::Parser_boolean_jj_3R_86____
BASE_VERB::jj (V) | 3r 85 (N) ++ :: boolean (N) :: parser (N) ::Parser_boolean_jj_3R_85____
BASE_VERB::jj (V) | 3r 84 (N) ++ :: boolean (N) :: parser (N) ::Parser_boolean_jj_3R_84____
BASE_VERB::jj (V) | 3r 159 (N) ++ :: boolean (N) :: parser (N) ::Parser_boolean_jj_3R_159____
BASE_VERB::jj (V) | 3r 83 (N) ++ :: boolean (N) :: parser (N) ::Parser_boolean_jj_3R_83____
BASE_VERB::jj (V) | 3r 135 (N) ++ :: boolean (N) :: parser (N) ::Parser_boolean_jj_3R_135____
BASE_VERB::jj (V) | 3r 82 (N) ++ :: boolean (N) :: parser (N) ::Parser_boolean_jj_3R_82____
BASE_VERB::jj (V) | 3r 81 (N) ++ :: boolean (N) :: parser (N) ::Parser_boolean_jj_3R_81____
BASE_VERB::jj (V) | 3r 80 (N) ++ :: boolean (N) :: parser (N) ::Parser_boolean_jj_3R_80____
BASE_VERB::jj (V) | 3r 108 (N) ++ :: boolean (N) :: parser (N) ::Parser_boolean_jj_3R_108____
BASE_VERB::jj (V) | 3r 79 (N) ++ :: boolean (N) :: parser (N) ::Parser_boolean_jj_3R_79____
BASE_VERB::jj (V) | 3r 78 (N) ++ :: boolean (N) :: parser (N) ::Parser_boolean_jj_3R_78____
BASE_VERB::jj (V) | 3 17 (N) ++ :: boolean (N) :: parser (N) ::Parser_boolean_jj_3_17____
BASE_VERB::jj (V) | 3r 77 (N) ++ :: boolean (N) :: parser (N) ::Parser_boolean_jj_3R_77____
BASE_VERB::jj (V) | 3r 45 (N) ++ :: boolean (N) :: parser (N) ::Parser_boolean_jj_3R_45____
BASE_VERB::jj (V) | 3 22 (N) ++ :: boolean (N) :: parser (N) ::Parser_boolean_jj_3_22____
BASE_VERB::jj (V) | 3r 34 (N) ++ :: boolean (N) :: parser (N) ::Parser_boolean_jj_3R_34____
BASE_VERB::jj (V) | 3r 111 (N) ++ :: boolean (N) :: parser (N) ::Parser_boolean_jj_3R_111____
BASE_VERB::jj (V) | 3r 160 (N) ++ :: boolean (N) :: parser (N) ::Parser_boolean_jj_3R_160____
BASE_VERB::jj (V) | 3r 152 (N) ++ :: boolean (N) :: parser (N) ::Parser_boolean_jj_3R_152____
BASE_VERB::jj (V) | 3r 157 (N) ++ :: boolean (N) :: parser (N) ::Parser_boolean_jj_3R_157____
BASE_VERB::jj (V) | 3 8 (N) ++ :: boolean (N) :: parser (N) ::Parser_boolean_jj_3_8____
BASE_VERB::jj (V) | 3 20 (N) ++ :: boolean (N) :: parser (N) ::Parser_boolean_jj_3_20____
BASE_VERB::jj (V) | 3r 151 (N) ++ :: boolean (N) :: parser (N) ::Parser_boolean_jj_3R_151____
BASE_VERB::jj (V) | 3 19 (N) ++ :: boolean (N) :: parser (N) ::Parser_boolean_jj_3_19____
BASE_VERB::jj (V) | 3r 107 (N) ++ :: boolean (N) :: parser (N) ::Parser_boolean_jj_3R_107____
BASE_VERB::jj (V) | 3 21 (N) ++ :: boolean (N) :: parser (N) ::Parser_boolean_jj_3_21____
BASE_VERB::jj (V) | 3r 150 (N) ++ :: boolean (N) :: parser (N) ::Parser_boolean_jj_3R_150____
BASE_VERB::jj (V) | 3r 71 (N) ++ :: boolean (N) :: parser (N) ::Parser_boolean_jj_3R_71____
BASE_VERB::jj (V) | 3r 39 (N) ++ :: boolean (N) :: parser (N) ::Parser_boolean_jj_3R_39____
BASE_VERB::jj (V) | 3r 70 (N) ++ :: boolean (N) :: parser (N) ::Parser_boolean_jj_3R_70____
BASE_VERB::jj (V) | 3r 145 (N) ++ :: boolean (N) :: parser (N) ::Parser_boolean_jj_3R_145____
BASE_VERB::jj (V) | 3 18 (N) ++ :: boolean (N) :: parser (N) ::Parser_boolean_jj_3_18____
BASE_VERB::jj (V) | 3r 130 (N) ++ :: boolean (N) :: parser (N) ::Parser_boolean_jj_3R_130____
BASE_VERB::jj (V) | 3r 147 (N) ++ :: boolean (N) :: parser (N) ::Parser_boolean_jj_3R_147____
BASE_VERB::jj (V) | 3r 76 (N) ++ :: boolean (N) :: parser (N) ::Parser_boolean_jj_3R_76____
BASE_VERB::jj (V) | 3r 134 (N) ++ :: boolean (N) :: parser (N) ::Parser_boolean_jj_3R_134____
BASE_VERB::jj (V) | 3r 106 (N) ++ :: boolean (N) :: parser (N) ::Parser_boolean_jj_3R_106____
BASE_VERB::jj (V) | 3 7 (N) ++ :: boolean (N) :: parser (N) ::Parser_boolean_jj_3_7____
BASE_VERB::jj (V) | 3r 69 (N) ++ :: boolean (N) :: parser (N) ::Parser_boolean_jj_3R_69____
BASE_VERB::jj (V) | 3r 29 (N) ++ :: boolean (N) :: parser (N) ::Parser_boolean_jj_3R_29____
BASE_VERB::jj (V) | 3r 68 (N) ++ :: boolean (N) :: parser (N) ::Parser_boolean_jj_3R_68____
BASE_VERB::jj (V) | 3r 67 (N) ++ :: boolean (N) :: parser (N) ::Parser_boolean_jj_3R_67____
BASE_VERB::jj (V) | 3r 155 (N) ++ :: boolean (N) :: parser (N) ::Parser_boolean_jj_3R_155____
BASE_VERB::jj (V) | 3r 66 (N) ++ :: boolean (N) :: parser (N) ::Parser_boolean_jj_3R_66____
BASE_VERB::jj (V) | 3r 65 (N) ++ :: boolean (N) :: parser (N) ::Parser_boolean_jj_3R_65____
BASE_VERB::jj (V) | 3r 154 (N) ++ :: boolean (N) :: parser (N) ::Parser_boolean_jj_3R_154____
BASE_VERB::jj (V) | 3r 149 (N) ++ :: boolean (N) :: parser (N) ::Parser_boolean_jj_3R_149____
BASE_VERB::jj (V) | 3r 64 (N) ++ :: boolean (N) :: parser (N) ::Parser_boolean_jj_3R_64____
BASE_VERB::jj (V) | 3r 56 (N) ++ :: boolean (N) :: parser (N) ::Parser_boolean_jj_3R_56____
BASE_VERB::jj (V) | 3r 63 (N) ++ :: boolean (N) :: parser (N) ::Parser_boolean_jj_3R_63____
BASE_VERB::jj (V) | 3r 62 (N) ++ :: boolean (N) :: parser (N) ::Parser_boolean_jj_3R_62____
BASE_VERB::jj (V) | 3r 61 (N) ++ :: boolean (N) :: parser (N) ::Parser_boolean_jj_3R_61____
BASE_VERB::jj (V) | 3r 36 (N) ++ :: boolean (N) :: parser (N) ::Parser_boolean_jj_3R_36____
BASE_VERB::jj (V) | 3r 144 (N) ++ :: boolean (N) :: parser (N) ::Parser_boolean_jj_3R_144____
BASE_VERB::jj (V) | 3r 74 (N) ++ :: boolean (N) :: parser (N) ::Parser_boolean_jj_3R_74____
BASE_VERB::jj (V) | 3r 42 (N) ++ :: boolean (N) :: parser (N) ::Parser_boolean_jj_3R_42____
BASE_VERB::jj (V) | 3r 73 (N) ++ :: boolean (N) :: parser (N) ::Parser_boolean_jj_3R_73____
BASE_VERB::jj (V) | 3r 143 (N) ++ :: boolean (N) :: parser (N) ::Parser_boolean_jj_3R_143____
BASE_VERB::jj (V) | 3 6 (N) ++ :: boolean (N) :: parser (N) ::Parser_boolean_jj_3_6____
BASE_VERB::jj (V) | 3r 142 (N) ++ :: boolean (N) :: parser (N) ::Parser_boolean_jj_3R_142____
BASE_VERB::jj (V) | 3r 55 (N) ++ :: boolean (N) :: parser (N) ::Parser_boolean_jj_3R_55____
BASE_VERB::jj (V) | 3r 110 (N) ++ :: boolean (N) :: parser (N) ::Parser_boolean_jj_3R_110____
BASE_VERB::jj (V) | 3r 141 (N) ++ :: boolean (N) :: parser (N) ::Parser_boolean_jj_3R_141____
BASE_VERB::jj (V) | 3r 32 (N) ++ :: boolean (N) :: parser (N) ::Parser_boolean_jj_3R_32____
BASE_VERB::jj (V) | 3r 140 (N) ++ :: boolean (N) :: parser (N) ::Parser_boolean_jj_3R_140____
BASE_VERB::jj (V) | 3r 190 (N) ++ :: boolean (N) :: parser (N) ::Parser_boolean_jj_3R_190____
BASE_VERB::jj (V) | 3 4 (N) ++ :: boolean (N) :: parser (N) ::Parser_boolean_jj_3_4____
BASE_VERB::jj (V) | 3r 189 (N) ++ :: boolean (N) :: parser (N) ::Parser_boolean_jj_3R_189____
BASE_VERB::jj (V) | 3r 136 (N) ++ :: boolean (N) :: parser (N) ::Parser_boolean_jj_3R_136____
BASE_VERB::jj (V) | 3 5 (N) ++ :: boolean (N) :: parser (N) ::Parser_boolean_jj_3_5____
BASE_VERB::jj (V) | 3r 75 (N) ++ :: boolean (N) :: parser (N) ::Parser_boolean_jj_3R_75____
BASE_VERB::jj (V) | 3r 109 (N) ++ :: boolean (N) :: parser (N) ::Parser_boolean_jj_3R_109____
BASE_VERB::jj (V) | 3r 124 (N) ++ :: boolean (N) :: parser (N) ::Parser_boolean_jj_3R_124____
BASE_VERB::jj (V) | 3r 43 (N) ++ :: boolean (N) :: parser (N) ::Parser_boolean_jj_3R_43____
BASE_VERB::jj (V) | 3r 163 (N) ++ :: boolean (N) :: parser (N) ::Parser_boolean_jj_3R_163____
BASE_VERB::jj (V) | 3r 139 (N) ++ :: boolean (N) :: parser (N) ::Parser_boolean_jj_3R_139____
BASE_VERB::jj (V) | 3r 97 (N) ++ :: boolean (N) :: parser (N) ::Parser_boolean_jj_3R_97____
BASE_VERB::jj (V) | 3r 30 (N) ++ :: boolean (N) :: parser (N) ::Parser_boolean_jj_3R_30____
BASE_VERB::jj (V) | 3r 123 (N) ++ :: boolean (N) :: parser (N) ::Parser_boolean_jj_3R_123____
BASE_VERB::jj (V) | 3r 180 (N) ++ :: boolean (N) :: parser (N) ::Parser_boolean_jj_3R_180____
BASE_VERB::jj (V) | 3r 54 (N) ++ :: boolean (N) :: parser (N) ::Parser_boolean_jj_3R_54____
BASE_VERB::jj (V) | 3r 188 (N) ++ :: boolean (N) :: parser (N) ::Parser_boolean_jj_3R_188____
BASE_VERB::jj (V) | 3r 53 (N) ++ :: boolean (N) :: parser (N) ::Parser_boolean_jj_3R_53____
BASE_VERB::jj (V) | 3r 31 (N) ++ :: boolean (N) :: parser (N) ::Parser_boolean_jj_3R_31____
BASE_VERB::jj (V) | 3r 122 (N) ++ :: boolean (N) :: parser (N) ::Parser_boolean_jj_3R_122____
BASE_VERB::jj (V) | 3r 177 (N) ++ :: boolean (N) :: parser (N) ::Parser_boolean_jj_3R_177____
BASE_VERB::jj (V) | 3r 210 (N) ++ :: boolean (N) :: parser (N) ::Parser_boolean_jj_3R_210____
BASE_VERB::jj (V) | 3r 121 (N) ++ :: boolean (N) :: parser (N) ::Parser_boolean_jj_3R_121____
BASE_VERB::jj (V) | 3r 129 (N) ++ :: boolean (N) :: parser (N) ::Parser_boolean_jj_3R_129____
BASE_VERB::jj (V) | 3r 138 (N) ++ :: boolean (N) :: parser (N) ::Parser_boolean_jj_3R_138____
BASE_VERB::jj (V) | 3r 146 (N) ++ :: boolean (N) :: parser (N) ::Parser_boolean_jj_3R_146____
BASE_VERB::jj (V) | 3r 176 (N) ++ :: boolean (N) :: parser (N) ::Parser_boolean_jj_3R_176____
BASE_VERB::jj (V) | 3r 105 (N) ++ :: boolean (N) :: parser (N) ::Parser_boolean_jj_3R_105____
BASE_VERB::jj (V) | 3r 120 (N) ++ :: boolean (N) :: parser (N) ::Parser_boolean_jj_3R_120____
BASE_VERB::jj (V) | 3r 119 (N) ++ :: boolean (N) :: parser (N) ::Parser_boolean_jj_3R_119____
BASE_VERB::jj (V) | 3r 195 (N) ++ :: boolean (N) :: parser (N) ::Parser_boolean_jj_3R_195____
BASE_VERB::jj (V) | 3r 128 (N) ++ :: boolean (N) :: parser (N) ::Parser_boolean_jj_3R_128____
BASE_VERB::jj (V) | 3r 133 (N) ++ :: boolean (N) :: parser (N) ::Parser_boolean_jj_3R_133____
BASE_VERB::jj (V) | 3r 205 (N) ++ :: boolean (N) :: parser (N) ::Parser_boolean_jj_3R_205____
BASE_VERB::jj (V) | 3r 132 (N) ++ :: boolean (N) :: parser (N) ::Parser_boolean_jj_3R_132____
BASE_VERB::jj (V) | 3 3 (N) ++ :: boolean (N) :: parser (N) ::Parser_boolean_jj_3_3____
BASE_VERB::jj (V) | 3r 94 (N) ++ :: boolean (N) :: parser (N) ::Parser_boolean_jj_3R_94____
BASE_VERB::jj (V) | 3r 93 (N) ++ :: boolean (N) :: parser (N) ::Parser_boolean_jj_3R_93____
BASE_VERB::jj (V) | 3r 131 (N) ++ :: boolean (N) :: parser (N) ::Parser_boolean_jj_3R_131____
BASE_VERB::jj (V) | 3r 95 (N) ++ :: boolean (N) :: parser (N) ::Parser_boolean_jj_3R_95____
BASE_VERB::jj (V) | 3 2 (N) ++ :: boolean (N) :: parser (N) ::Parser_boolean_jj_3_2____
BASE_VERB::jj (V) | 3r 175 (N) ++ :: boolean (N) :: parser (N) ::Parser_boolean_jj_3R_175____
BASE_VERB::jj (V) | 3 16 (N) ++ :: boolean (N) :: parser (N) ::Parser_boolean_jj_3_16____
BASE_VERB::jj (V) | 3r 104 (N) ++ :: boolean (N) :: parser (N) ::Parser_boolean_jj_3R_104____
BASE_VERB::jj (V) | 3r 174 (N) ++ :: boolean (N) :: parser (N) ::Parser_boolean_jj_3R_174____
BASE_VERB::jj (V) | 3 15 (N) ++ :: boolean (N) :: parser (N) ::Parser_boolean_jj_3_15____
BASE_VERB::jj (V) | 3 31 (N) ++ :: boolean (N) :: parser (N) ::Parser_boolean_jj_3_31____
BASE_VERB::jj (V) | 3 14 (N) ++ :: boolean (N) :: parser (N) ::Parser_boolean_jj_3_14____
BASE_VERB::jj (V) | 3r 126 (N) ++ :: boolean (N) :: parser (N) ::Parser_boolean_jj_3R_126____
BASE_VERB::jj (V) | 3r 127 (N) ++ :: boolean (N) :: parser (N) ::Parser_boolean_jj_3R_127____
BASE_VERB::jj (V) | 3r 92 (N) ++ :: boolean (N) :: parser (N) ::Parser_boolean_jj_3R_92____
BASE_VERB::jj (V) | 3r 204 (N) ++ :: boolean (N) :: parser (N) ::Parser_boolean_jj_3R_204____
BASE_VERB::jj (V) | 3r 103 (N) ++ :: boolean (N) :: parser (N) ::Parser_boolean_jj_3R_103____
BASE_VERB::jj (V) | 3r 203 (N) ++ :: boolean (N) :: parser (N) ::Parser_boolean_jj_3R_203____
BASE_VERB::jj (V) | 3r 194 (N) ++ :: boolean (N) :: parser (N) ::Parser_boolean_jj_3R_194____
BASE_VERB::jj (V) | 3r 102 (N) ++ :: boolean (N) :: parser (N) ::Parser_boolean_jj_3R_102____
BASE_VERB::jj (V) | 3r 58 (N) ++ :: boolean (N) :: parser (N) ::Parser_boolean_jj_3R_58____
BASE_VERB::jj (V) | 3r 125 (N) ++ :: boolean (N) :: parser (N) ::Parser_boolean_jj_3R_125____
BASE_VERB::jj (V) | 3r 101 (N) ++ :: boolean (N) :: parser (N) ::Parser_boolean_jj_3R_101____
BASE_VERB::jj (V) | 3r 100 (N) ++ :: boolean (N) :: parser (N) ::Parser_boolean_jj_3R_100____
BASE_VERB::jj (V) | 3r 99 (N) ++ :: boolean (N) :: parser (N) ::Parser_boolean_jj_3R_99____
BASE_VERB::jj (V) | 3r 137 (N) ++ :: boolean (N) :: parser (N) ::Parser_boolean_jj_3R_137____
BASE_VERB::jj (V) | 3r 184 (N) ++ :: boolean (N) :: parser (N) ::Parser_boolean_jj_3R_184____
BASE_VERB::jj (V) | 3r 173 (N) ++ :: boolean (N) :: parser (N) ::Parser_boolean_jj_3R_173____
BASE_VERB::jj (V) | 3r 57 (N) ++ :: boolean (N) :: parser (N) ::Parser_boolean_jj_3R_57____
BASE_VERB::jj (V) | 3r 98 (N) ++ :: boolean (N) :: parser (N) ::Parser_boolean_jj_3R_98____
BASE_VERB::jj (V) | 3r 172 (N) ++ :: boolean (N) :: parser (N) ::Parser_boolean_jj_3R_172____
BASE_VERB::jj (V) | 3 30 (N) ++ :: boolean (N) :: parser (N) ::Parser_boolean_jj_3_30____
BASE_VERB::jj (V) | 3r 118 (N) ++ :: boolean (N) :: parser (N) ::Parser_boolean_jj_3R_118____
BASE_VERB::jj (V) | 3r 37 (N) ++ :: boolean (N) :: parser (N) ::Parser_boolean_jj_3R_37____
BASE_VERB::jj (V) | 3r 185 (N) ++ :: boolean (N) :: parser (N) ::Parser_boolean_jj_3R_185____
BASE_VERB::jj (V) | 3r 91 (N) ++ :: boolean (N) :: parser (N) ::Parser_boolean_jj_3R_91____
BASE_VERB::jj (V) | 3 13 (N) ++ :: boolean (N) :: parser (N) ::Parser_boolean_jj_3_13____
BASE_VERB::jj (V) | 3r 187 (N) ++ :: boolean (N) :: parser (N) ::Parser_boolean_jj_3R_187____
BASE_VERB::jj (V) | 3r 186 (N) ++ :: boolean (N) :: parser (N) ::Parser_boolean_jj_3R_186____
BASE_VERB::jj (V) | 3r 33 (N) ++ :: boolean (N) :: parser (N) ::Parser_boolean_jj_3R_33____
BASE_VERB::jj (V) | 3r 217 (N) ++ :: boolean (N) :: parser (N) ::Parser_boolean_jj_3R_217____
BASE_VERB::jj (V) | 3r 216 (N) ++ :: boolean (N) :: parser (N) ::Parser_boolean_jj_3R_216____
BASE_VERB::jj (V) | 3r 117 (N) ++ :: boolean (N) :: parser (N) ::Parser_boolean_jj_3R_117____
BASE_VERB::jj (V) | 3r 214 (N) ++ :: boolean (N) :: parser (N) ::Parser_boolean_jj_3R_214____
BASE_VERB::jj (V) | 3 12 (N) ++ :: boolean (N) :: parser (N) ::Parser_boolean_jj_3_12____
BASE_VERB::jj (V) | 3r 219 (N) ++ :: boolean (N) :: parser (N) ::Parser_boolean_jj_3R_219____
BASE_VERB::jj (V) | 3r 116 (N) ++ :: boolean (N) :: parser (N) ::Parser_boolean_jj_3R_116____
BASE_VERB::jj (V) | 3 11 (N) ++ :: boolean (N) :: parser (N) ::Parser_boolean_jj_3_11____
BASE_VERB::jj (V) | 3r 218 (N) ++ :: boolean (N) :: parser (N) ::Parser_boolean_jj_3R_218____
BASE_VERB::jj (V) | 3r 215 (N) ++ :: boolean (N) :: parser (N) ::Parser_boolean_jj_3R_215____
BASE_VERB::jj (V) | 3r 72 (N) ++ :: boolean (N) :: parser (N) ::Parser_boolean_jj_3R_72____
BASE_VERB::jj (V) | 3r 115 (N) ++ :: boolean (N) :: parser (N) ::Parser_boolean_jj_3R_115____
BASE_VERB::jj (V) | 3r 60 (N) ++ :: boolean (N) :: parser (N) ::Parser_boolean_jj_3R_60____
BASE_VERB::jj (V) | 3r 59 (N) ++ :: boolean (N) :: parser (N) ::Parser_boolean_jj_3R_59____
BASE_VERB::jj (V) | 3 9 (N) ++ :: boolean (N) :: parser (N) ::Parser_boolean_jj_3_9____
BASE_VERB::jj (V) | 3 29 (N) ++ :: boolean (N) :: parser (N) ::Parser_boolean_jj_3_29____
BASE_VERB::jj (V) | 3r 114 (N) ++ :: boolean (N) :: parser (N) ::Parser_boolean_jj_3R_114____
BASE_VERB::jj (V) | 3r 41 (N) ++ :: boolean (N) :: parser (N) ::Parser_boolean_jj_3R_41____
BASE_VERB::jj (V) | 3r 35 (N) ++ :: boolean (N) :: parser (N) ::Parser_boolean_jj_3R_35____
BASE_VERB::jj (V) | 3 10 (N) ++ :: boolean (N) :: parser (N) ::Parser_boolean_jj_3_10____
BASE_VERB::jj (V) | 3r 213 (N) ++ :: boolean (N) :: parser (N) ::Parser_boolean_jj_3R_213____
BASE_VERB::jj (V) | 3r 212 (N) ++ :: boolean (N) :: parser (N) ::Parser_boolean_jj_3R_212____
BASE_VERB::jj (V) | 3r 202 (N) ++ :: boolean (N) :: parser (N) ::Parser_boolean_jj_3R_202____
BASE_VERB::jj (V) | 3r 211 (N) ++ :: boolean (N) :: parser (N) ::Parser_boolean_jj_3R_211____
BASE_VERB::jj (V) | 3r 208 (N) ++ :: boolean (N) :: parser (N) ::Parser_boolean_jj_3R_208____
BASE_VERB::jj (V) | 3r 201 (N) ++ :: boolean (N) :: parser (N) ::Parser_boolean_jj_3R_201____
BASE_VERB::jj (V) | 3r 193 (N) ++ :: boolean (N) :: parser (N) ::Parser_boolean_jj_3R_193____
BASE_VERB::jj (V) | 3r 183 (N) ++ :: boolean (N) :: parser (N) ::Parser_boolean_jj_3R_183____
BASE_VERB::jj (V) | 3r 207 (N) ++ :: boolean (N) :: parser (N) ::Parser_boolean_jj_3R_207____
BASE_VERB::jj (V) | 3 1 (N) ++ :: boolean (N) :: parser (N) ::Parser_boolean_jj_3_1____
BASE_VERB::jj (V) | 3r 113 (N) ++ :: boolean (N) :: parser (N) ::Parser_boolean_jj_3R_113____
BASE_VERB::jj (V) | 3r 209 (N) ++ :: boolean (N) :: parser (N) ::Parser_boolean_jj_3R_209____
BASE_VERB::jj (V) | 3r 206 (N) ++ :: boolean (N) :: parser (N) ::Parser_boolean_jj_3R_206____
BASE_VERB::jj (V) | 3r 199 (N) ++ :: boolean (N) :: parser (N) ::Parser_boolean_jj_3R_199____
BASE_VERB::jj (V) | 3r 198 (N) ++ :: boolean (N) :: parser (N) ::Parser_boolean_jj_3R_198____
BASE_VERB::jj (V) | 3r 197 (N) ++ :: boolean (N) :: parser (N) ::Parser_boolean_jj_3R_197____
BASE_VERB::jj (V) | 3r 196 (N) ++ :: boolean (N) :: parser (N) ::Parser_boolean_jj_3R_196____
BASE_VERB::jj (V) | 3r 191 (N) ++ :: boolean (N) :: parser (N) ::Parser_boolean_jj_3R_191____
BASE_VERB::jj (V) | 3r 44 (N) ++ :: boolean (N) :: parser (N) ::Parser_boolean_jj_3R_44____
BASE_VERB::jj (V) | 3r 112 (N) ++ :: boolean (N) :: parser (N) ::Parser_boolean_jj_3R_112____
BASE_VERB::jj (V) | 3r 181 (N) ++ :: boolean (N) :: parser (N) ::Parser_boolean_jj_3R_181____
BASE_VERB::jj (V) | 3r 200 (N) ++ :: boolean (N) :: parser (N) ::Parser_boolean_jj_3R_200____
BASE_VERB::jj (V) | 3r 178 (N) ++ :: boolean (N) :: parser (N) ::Parser_boolean_jj_3R_178____
BASE_VERB::jj (V) | 3r 96 (N) ++ :: boolean (N) :: parser (N) ::Parser_boolean_jj_3R_96____
BASE_VERB::jj (V) | 3r 192 (N) ++ :: boolean (N) :: parser (N) ::Parser_boolean_jj_3R_192____
BASE_VERB::jj (V) | 3r 171 (N) ++ :: boolean (N) :: parser (N) ::Parser_boolean_jj_3R_171____
BASE_VERB::jj (V) | 3r 170 (N) ++ :: boolean (N) :: parser (N) ::Parser_boolean_jj_3R_170____
BASE_VERB::jj (V) | 3r 52 (N) ++ :: boolean (N) :: parser (N) ::Parser_boolean_jj_3R_52____
BASE_VERB::jj (V) | 3r 182 (N) ++ :: boolean (N) :: parser (N) ::Parser_boolean_jj_3R_182____
BASE_VERB::jj (V) | 3 27 (N) ++ :: boolean (N) :: parser (N) ::Parser_boolean_jj_3_27____
BASE_VERB::jj (V) | 3r 51 (N) ++ :: boolean (N) :: parser (N) ::Parser_boolean_jj_3R_51____
BASE_VERB::jj (V) | 3r 168 (N) ++ :: boolean (N) :: parser (N) ::Parser_boolean_jj_3R_168____
BASE_VERB::jj (V) | 3r 50 (N) ++ :: boolean (N) :: parser (N) ::Parser_boolean_jj_3R_50____
BASE_VERB::jj (V) | 3 26 (N) ++ :: boolean (N) :: parser (N) ::Parser_boolean_jj_3_26____
BASE_VERB::jj (V) | 3r 179 (N) ++ :: boolean (N) :: parser (N) ::Parser_boolean_jj_3R_179____
BASE_VERB::jj (V) | 3 28 (N) ++ :: boolean (N) :: parser (N) ::Parser_boolean_jj_3_28____
BASE_VERB::jj (V) | 3r 166 (N) ++ :: boolean (N) :: parser (N) ::Parser_boolean_jj_3R_166____
BASE_VERB::jj (V) | 3 25 (N) ++ :: boolean (N) :: parser (N) ::Parser_boolean_jj_3_25____
BASE_VERB::jj (V) | 3r 49 (N) ++ :: boolean (N) :: parser (N) ::Parser_boolean_jj_3R_49____
BASE_VERB::jj (V) | 3 24 (N) ++ :: boolean (N) :: parser (N) ::Parser_boolean_jj_3_24____
BASE_VERB::jj (V) | 3r 167 (N) ++ :: boolean (N) :: parser (N) ::Parser_boolean_jj_3R_167____
BASE_VERB::jj (V) | 3r 48 (N) ++ :: boolean (N) :: parser (N) ::Parser_boolean_jj_3R_48____
BASE_VERB::jj (V) | 3r 164 (N) ++ :: boolean (N) :: parser (N) ::Parser_boolean_jj_3R_164____
BASE_VERB::jj (V) | 3r 47 (N) ++ :: boolean (N) :: parser (N) ::Parser_boolean_jj_3R_47____
BASE_VERB::jj (V) | 3r 169 (N) ++ :: boolean (N) :: parser (N) ::Parser_boolean_jj_3R_169____
CONSTRUCTOR::create (V) | value (N) ++ :: Parser (N) :: parser (N) ::Parser_Parser_Parser__java.io.InputStream__
BASE_VERB::re (V) | init (N) ++ :: void (N) :: parser (N) ::Parser_void_ReInit__java.io.InputStream__
CONSTRUCTOR::create (V) | value (N) ++ :: Parser (N) :: parser (N) ::Parser_Parser_Parser__java.io.Reader__
BASE_VERB::re (V) | init (N) ++ :: void (N) :: parser (N) ::Parser_void_ReInit__java.io.Reader__
CONSTRUCTOR::create (V) | value (N) ++ :: Parser (N) :: parser (N) ::Parser_Parser_Parser__ParserTokenManager__
BASE_VERB::re (V) | init (N) ++ :: void (N) :: parser (N) ::Parser_void_ReInit__ParserTokenManager__
BASE_VERB::jj (V) | consume token (N) ++ :: Token (N) :: parser (N) ::Parser_Token_jj_consume_token__int__
BASE_VERB::jj (V) | scan token (N) ++ :: boolean (N) :: parser (N) ::Parser_boolean_jj_scan_token__int__
SPECIAL::get (V) | next token (N) ++ :: Token (N) :: parser (N) ::Parser_Token_getNextToken____
SPECIAL::get (V) | token (N) ++ :: Token (N) :: parser (N) ::Parser_Token_getToken__int__
BASE_VERB::jj (V) | ntk (N) ++ :: int (N) :: parser (N) ::Parser_int_jj_ntk____
BASE_VERB::generate (V) | parse exception (N) ++ :: ParseException (N) :: parser (N) ::Parser_ParseException_generateParseException____
BASE_VERB::enable (V) | tracing (N) ++ :: void (N) :: parser (N) ::Parser_void_enable_tracing____
BASE_VERB::disable (V) | tracing (N) ++ :: void (N) :: parser (N) ::Parser_void_disable_tracing____
SPECIAL::set (V) | debug stream (N) ++ :: void (N) :: parsertokenmanager (N) ::ParserTokenManager_void_setDebugStream__java.io.PrintStream__
BASE_VERB::jj (V) | stop string literal dfa 0 (N) ++ :: int (N) :: parsertokenmanager (N) ::ParserTokenManager_int_jjStopStringLiteralDfa_0__int-long-long-long__
BASE_VERB::jj (V) | start nfa 0 (N) ++ :: int (N) :: parsertokenmanager (N) ::ParserTokenManager_int_jjStartNfa_0__int-long-long-long__
BASE_VERB::jj (V) | stop at pos (N) ++ :: int (N) :: parsertokenmanager (N) ::ParserTokenManager_int_jjStopAtPos__int-int__
BASE_VERB::jj (V) | start nfa with states 0 (N) ++ :: int (N) :: parsertokenmanager (N) ::ParserTokenManager_int_jjStartNfaWithStates_0__int-int-int__
BASE_VERB::jj (V) | move string literal dfa0 0 (N) ++ :: int (N) :: parsertokenmanager (N) ::ParserTokenManager_int_jjMoveStringLiteralDfa0_0____
BASE_VERB::jj (V) | move string literal dfa1 0 (N) ++ :: int (N) :: parsertokenmanager (N) ::ParserTokenManager_int_jjMoveStringLiteralDfa1_0__long-long-long__
BASE_VERB::jj (V) | move string literal dfa2 0 (N) ++ :: int (N) :: parsertokenmanager (N) ::ParserTokenManager_int_jjMoveStringLiteralDfa2_0__long-long-long-long-long-long__
BASE_VERB::jj (V) | move string literal dfa3 0 (N) ++ :: int (N) :: parsertokenmanager (N) ::ParserTokenManager_int_jjMoveStringLiteralDfa3_0__long-long-long-long-long-long__
BASE_VERB::jj (V) | move string literal dfa4 0 (N) ++ :: int (N) :: parsertokenmanager (N) ::ParserTokenManager_int_jjMoveStringLiteralDfa4_0__long-long-long-long-long-long__
BASE_VERB::jj (V) | move string literal dfa5 0 (N) ++ :: int (N) :: parsertokenmanager (N) ::ParserTokenManager_int_jjMoveStringLiteralDfa5_0__long-long-long-long-long-long__
BASE_VERB::jj (V) | move string literal dfa6 0 (N) ++ :: int (N) :: parsertokenmanager (N) ::ParserTokenManager_int_jjMoveStringLiteralDfa6_0__long-long-long-long-long-long__
BASE_VERB::jj (V) | move string literal dfa7 0 (N) ++ :: int (N) :: parsertokenmanager (N) ::ParserTokenManager_int_jjMoveStringLiteralDfa7_0__long-long-long-long-long-long__
BASE_VERB::jj (V) | move string literal dfa8 0 (N) ++ :: int (N) :: parsertokenmanager (N) ::ParserTokenManager_int_jjMoveStringLiteralDfa8_0__long-long-long-long-long-long__
BASE_VERB::jj (V) | move string literal dfa9 0 (N) ++ :: int (N) :: parsertokenmanager (N) ::ParserTokenManager_int_jjMoveStringLiteralDfa9_0__long-long-long-long-long-long__
BASE_VERB::jj (V) | move string literal dfa10 0 (N) ++ :: int (N) :: parsertokenmanager (N) ::ParserTokenManager_int_jjMoveStringLiteralDfa10_0__long-long-long-long-long-long__
BASE_VERB::jj (V) | move string literal dfa11 0 (N) ++ :: int (N) :: parsertokenmanager (N) ::ParserTokenManager_int_jjMoveStringLiteralDfa11_0__long-long-long-long-long-long__
BASE_VERB::jj (V) | move string literal dfa12 0 (N) ++ :: int (N) :: parsertokenmanager (N) ::ParserTokenManager_int_jjMoveStringLiteralDfa12_0__long-long-long-long-long-long__
BASE_VERB::jj (V) | move string literal dfa13 0 (N) ++ :: int (N) :: parsertokenmanager (N) ::ParserTokenManager_int_jjMoveStringLiteralDfa13_0__long-long-long-long__
BASE_VERB::jj (V) | move string literal dfa14 0 (N) ++ :: int (N) :: parsertokenmanager (N) ::ParserTokenManager_int_jjMoveStringLiteralDfa14_0__long-long-long-long__
BASE_VERB::jj (V) | move string literal dfa15 0 (N) ++ :: int (N) :: parsertokenmanager (N) ::ParserTokenManager_int_jjMoveStringLiteralDfa15_0__long-long-long-long__
BASE_VERB::jj (V) | move string literal dfa16 0 (N) ++ :: int (N) :: parsertokenmanager (N) ::ParserTokenManager_int_jjMoveStringLiteralDfa16_0__long-long-long-long__
BASE_VERB::jj (V) | move string literal dfa17 0 (N) ++ :: int (N) :: parsertokenmanager (N) ::ParserTokenManager_int_jjMoveStringLiteralDfa17_0__long-long-long-long__
BASE_VERB::jj (V) | move string literal dfa18 0 (N) ++ :: int (N) :: parsertokenmanager (N) ::ParserTokenManager_int_jjMoveStringLiteralDfa18_0__long-long-long-long__
BASE_VERB::jj (V) | move string literal dfa19 0 (N) ++ :: int (N) :: parsertokenmanager (N) ::ParserTokenManager_int_jjMoveStringLiteralDfa19_0__long-long-long-long__
BASE_VERB::jj (V) | move string literal dfa20 0 (N) ++ :: int (N) :: parsertokenmanager (N) ::ParserTokenManager_int_jjMoveStringLiteralDfa20_0__long-long-long-long__
BASE_VERB::jj (V) | move string literal dfa21 0 (N) ++ :: int (N) :: parsertokenmanager (N) ::ParserTokenManager_int_jjMoveStringLiteralDfa21_0__long-long-long-long__
BASE_VERB::jj (V) | move string literal dfa22 0 (N) ++ :: int (N) :: parsertokenmanager (N) ::ParserTokenManager_int_jjMoveStringLiteralDfa22_0__long-long__
BASE_VERB::jj (V) | move string literal dfa23 0 (N) ++ :: int (N) :: parsertokenmanager (N) ::ParserTokenManager_int_jjMoveStringLiteralDfa23_0__long-long__
BASE_VERB::jj (V) | move string literal dfa24 0 (N) ++ :: int (N) :: parsertokenmanager (N) ::ParserTokenManager_int_jjMoveStringLiteralDfa24_0__long-long__
BASE_VERB::jj (V) | move string literal dfa25 0 (N) ++ :: int (N) :: parsertokenmanager (N) ::ParserTokenManager_int_jjMoveStringLiteralDfa25_0__long-long__
BASE_VERB::jj (V) | move string literal dfa26 0 (N) ++ :: int (N) :: parsertokenmanager (N) ::ParserTokenManager_int_jjMoveStringLiteralDfa26_0__long-long__
BASE_VERB::jj (V) | move string literal dfa27 0 (N) ++ :: int (N) :: parsertokenmanager (N) ::ParserTokenManager_int_jjMoveStringLiteralDfa27_0__long-long__
BASE_VERB::jj (V) | check nadd (N) ++ :: void (N) :: parsertokenmanager (N) ::ParserTokenManager_void_jjCheckNAdd__int__
BASE_VERB::jj (V) | add states (N) ++ :: void (N) :: parsertokenmanager (N) ::ParserTokenManager_void_jjAddStates__int-int__
BASE_VERB::jj (V) | check nadd two states (N) ++ :: void (N) :: parsertokenmanager (N) ::ParserTokenManager_void_jjCheckNAddTwoStates__int-int__
BASE_VERB::jj (V) | check nadd states (N) ++ :: void (N) :: parsertokenmanager (N) ::ParserTokenManager_void_jjCheckNAddStates__int-int__
BASE_VERB::jj (V) | check nadd states (N) ++ :: void (N) :: parsertokenmanager (N) ::ParserTokenManager_void_jjCheckNAddStates__int__
BASE_VERB::jj (V) | move nfa 0 (N) ++ :: int (N) :: parsertokenmanager (N) ::ParserTokenManager_int_jjMoveNfa_0__int-int__
BASE_VERB::jj (V) | can move 0 (N) ++ :: boolean (N) :: parsertokenmanager (N) ::ParserTokenManager_boolean_jjCanMove_0__int-int-int-long-long__
BASE_VERB::jj (V) | can move 1 (N) ++ :: boolean (N) :: parsertokenmanager (N) ::ParserTokenManager_boolean_jjCanMove_1__int-int-int-long-long__
BASE_VERB::jj (V) | can move 2 (N) ++ :: boolean (N) :: parsertokenmanager (N) ::ParserTokenManager_boolean_jjCanMove_2__int-int-int-long-long__
CONSTRUCTOR::create (V) | token manager (N) ++ :: ParserTokenManager (N) :: parsertokenmanager (N) ::ParserTokenManager_ParserTokenManager_ParserTokenManager__JavaCharStream__
CONSTRUCTOR::create (V) | token manager (N) ++ :: ParserTokenManager (N) :: parsertokenmanager (N) ::ParserTokenManager_ParserTokenManager_ParserTokenManager__JavaCharStream-int__
BASE_VERB::re (V) | init (N) ++ :: void (N) :: parsertokenmanager (N) ::ParserTokenManager_void_ReInit__JavaCharStream__
BASE_VERB::re (V) | init rounds (N) ++ :: void (N) :: parsertokenmanager (N) ::ParserTokenManager_void_ReInitRounds____
BASE_VERB::re (V) | init (N) ++ :: void (N) :: parsertokenmanager (N) ::ParserTokenManager_void_ReInit__JavaCharStream-int__
BASE_VERB::switch (V) | to (N) ++ :: void (N) :: parsertokenmanager (N) ::ParserTokenManager_void_SwitchTo__int__
BASE_VERB::jj (V) | fill token (N) ++ :: Token (N) :: parsertokenmanager (N) ::ParserTokenManager_Token_jjFillToken____
SPECIAL::get (V) | next token (N) ++ :: Token (N) :: parsertokenmanager (N) ::ParserTokenManager_Token_getNextToken____
CONSTRUCTOR::create (V) | value (N) ++ :: Primitive (N) :: primitive (N) ::Primitive_Primitive_Special____
CONSTRUCTOR::create (V) | value (N) ++ :: Primitive (N) :: primitive (N) ::Primitive_Primitive_Primitive__Object__
CONSTRUCTOR::create (V) | value (N) ++ :: Primitive (N) :: primitive (N) ::Primitive_Primitive_Primitive__boolean__
CONSTRUCTOR::create (V) | value (N) ++ :: Primitive (N) :: primitive (N) ::Primitive_Primitive_Primitive__byte__
CONSTRUCTOR::create (V) | value (N) ++ :: Primitive (N) :: primitive (N) ::Primitive_Primitive_Primitive__short__
CONSTRUCTOR::create (V) | value (N) ++ :: Primitive (N) :: primitive (N) ::Primitive_Primitive_Primitive__char__
CONSTRUCTOR::create (V) | value (N) ++ :: Primitive (N) :: primitive (N) ::Primitive_Primitive_Primitive__int__
CONSTRUCTOR::create (V) | value (N) ++ :: Primitive (N) :: primitive (N) ::Primitive_Primitive_Primitive__long__
CONSTRUCTOR::create (V) | value (N) ++ :: Primitive (N) :: primitive (N) ::Primitive_Primitive_Primitive__float__
CONSTRUCTOR::create (V) | value (N) ++ :: Primitive (N) :: primitive (N) ::Primitive_Primitive_Primitive__double__
SPECIAL::get (V) | value (N) ++ :: Object (N) :: primitive (N) ::Primitive_Object_getValue____
BASE_VERB::to (V) | string (N) ++ :: String (N) :: primitive (N) ::Primitive_String_toString____
SPECIAL::get (V) | type (N) ++ :: Class (N) :: primitive (N) ::Primitive_Class_getType____
BASE_VERB::binary (V) | operation (N) ++ :: Object (N) :: primitive (N) ::Primitive_Object_binaryOperation__Object-Object-int__
BASE_VERB::binary (V) | operation impl (N) ++ :: Object (N) :: primitive (N) ::Primitive_Object_binaryOperationImpl__Object-Object-int__
BASE_VERB::boolean (V) | binary operation (N) ++ :: Boolean (N) :: primitive (N) ::Primitive_Boolean_booleanBinaryOperation__Boolean-Boolean-int__
BASE_VERB::long (V) | binary operation (N) ++ :: Object (N) :: primitive (N) ::Primitive_Object_longBinaryOperation__Long-Long-int__
BASE_VERB::int (V) | binary operation (N) ++ :: Object (N) :: primitive (N) ::Primitive_Object_intBinaryOperation__Integer-Integer-int__
BASE_VERB::double (V) | binary operation (N) ++ :: Object (N) :: primitive (N) ::Primitive_Object_doubleBinaryOperation__Double-Double-int__
BASE_VERB::float (V) | binary operation (N) ++ :: Object (N) :: primitive (N) ::Primitive_Object_floatBinaryOperation__Float-Float-int__
BASE_VERB::promote (V) | to integer (N) ++ :: Object (N) :: primitive (N) ::Primitive_Object_promoteToInteger__Object__
BASE_VERB::promote (V) | primitives (N) ++ :: ObjectArray (N) :: primitive (N) ::Primitive_ObjectArray_promotePrimitives__Object-Object__
BASE_VERB::unary (V) | operation (N) ++ :: Primitive (N) :: primitive (N) ::Primitive_Primitive_unaryOperation__Primitive-int__
BASE_VERB::boolean (V) | unary operation (N) ++ :: boolean (N) :: primitive (N) ::Primitive_boolean_booleanUnaryOperation__Boolean-int__
BASE_VERB::int (V) | unary operation (N) ++ :: int (N) :: primitive (N) ::Primitive_int_intUnaryOperation__Integer-int__
BASE_VERB::long (V) | unary operation (N) ++ :: long (N) :: primitive (N) ::Primitive_long_longUnaryOperation__Long-int__
BASE_VERB::float (V) | unary operation (N) ++ :: float (N) :: primitive (N) ::Primitive_float_floatUnaryOperation__Float-int__
BASE_VERB::double (V) | unary operation (N) ++ :: double (N) :: primitive (N) ::Primitive_double_doubleUnaryOperation__Double-int__
BASE_VERB::int (V) | value (N) ++ :: int (N) :: primitive (N) ::Primitive_int_intValue____
BASE_VERB::boolean (V) | value (N) ++ :: boolean (N) :: primitive (N) ::Primitive_boolean_booleanValue____
SPECIAL::is (V) | number (N) ++ :: boolean (N) :: primitive (N) ::Primitive_boolean_isNumber____
BASE_VERB::number (V) | value (N) ++ :: Number (N) :: primitive (N) ::Primitive_Number_numberValue____
BASE_VERB::equals (V) | value (N) ++ :: boolean (N) :: primitive (N) ::Primitive_boolean_equals__Object__
BASE_VERB::hash (V) | code (N) ++ :: int (N) :: primitive (N) ::Primitive_int_hashCode____
BASE_VERB::unwrap (V) | value (N) ++ :: Object (N) :: primitive (N) ::Primitive_Object_unwrap__Object__
BASE_VERB::unwrap (V) | value (N) ++ :: ObjectArray (N) :: primitive (N) ::Primitive_ObjectArray_unwrap__ObjectArray__
BASE_VERB::wrap (V) | value (N) ++ :: ObjectArray (N) :: primitive (N) ::Primitive_ObjectArray_wrap__ObjectArray-ClassArray__
BASE_VERB::wrap (V) | value (N) ++ :: Object (N) :: primitive (N) ::Primitive_Object_wrap__Object-Class__
SPECIAL::get (V) | default value (N) ++ :: Primitive (N) :: primitive (N) ::Primitive_Primitive_getDefaultValue__Class__
BASE_VERB::box (V) | type (N) ++ :: Class (N) :: primitive (N) ::Primitive_Class_boxType__Class__
BASE_VERB::unbox (V) | type (N) ++ :: Class (N) :: primitive (N) ::Primitive_Class_unboxType__Class__
BASE_VERB::cast (V) | to type (N) ++ :: Primitive (N) :: primitive (N) ::Primitive_Primitive_castToType__Class-int__
BASE_VERB::cast (V) | primitive (N) ++ :: Primitive (N) :: primitive (N) ::Primitive_Primitive_castPrimitive__Class-Class-Primitive-boolean-int__
SPECIAL::is (V) | wrapper type (N) ++ :: boolean (N) :: primitive (N) ::Primitive_boolean_isWrapperType__Class__
BASE_VERB::cast (V) | wrapper (N) ++ :: Object (N) :: primitive (N) ::Primitive_Object_castWrapper__Class-Object__
SPECIAL::get (V) | source file (N) ++ :: String (N) :: simplenode (N) ::SimpleNode_String_getSourceFile____
SPECIAL::get (V) | line number (N) ++ :: int (N) :: simplenode (N) ::SimpleNode_int_getLineNumber____
SPECIAL::get (V) | text (N) ++ :: String (N) :: simplenode (N) ::SimpleNode_String_getText____
CONSTRUCTOR::create (V) | node (N) ++ :: SimpleNode (N) :: simplenode (N) ::SimpleNode_SimpleNode_SimpleNode__int__
BASE_VERB::jjt (V) | open (N) ++ :: void (N) :: simplenode (N) ::SimpleNode_void_jjtOpen____
BASE_VERB::jjt (V) | close (N) ++ :: void (N) :: simplenode (N) ::SimpleNode_void_jjtClose____
BASE_VERB::jjt (V) | set parent (N) ++ :: void (N) :: simplenode (N) ::SimpleNode_void_jjtSetParent__Node__
BASE_VERB::jjt (V) | get parent (N) ++ :: Node (N) :: simplenode (N) ::SimpleNode_Node_jjtGetParent____
BASE_VERB::jjt (V) | add child (N) ++ :: void (N) :: simplenode (N) ::SimpleNode_void_jjtAddChild__Node-int__
BASE_VERB::jjt (V) | get child (N) ++ :: Node (N) :: simplenode (N) ::SimpleNode_Node_jjtGetChild__int__
SPECIAL::get (V) | child (N) ++ :: SimpleNode (N) :: simplenode (N) ::SimpleNode_SimpleNode_getChild__int__
BASE_VERB::jjt (V) | get num children (N) ++ :: int (N) :: simplenode (N) ::SimpleNode_int_jjtGetNumChildren____
BASE_VERB::to (V) | string (N) ++ :: String (N) :: simplenode (N) ::SimpleNode_String_toString____
BASE_VERB::to (V) | string (N) ++ :: String (N) :: simplenode (N) ::SimpleNode_String_toString__String__
BASE_VERB::dump (V) | value (N) ++ :: void (N) :: simplenode (N) ::SimpleNode_void_dump__String__
BASE_VERB::prune (V) | value (N) ++ :: void (N) :: simplenode (N) ::SimpleNode_void_prune____
BASE_VERB::eval (V) | value (N) ++ :: Object (N) :: simplenode (N) ::SimpleNode_Object_eval__CallStack-Interpreter__
SPECIAL::set (V) | source file (N) ++ :: void (N) :: simplenode (N) ::SimpleNode_void_setSourceFile__String__
SPECIAL::get (V) | source file (N) ++ :: String (N) :: simplenode (N) ::SimpleNode_String_getSourceFile____
SPECIAL::get (V) | line number (N) ++ :: int (N) :: simplenode (N) ::SimpleNode_int_getLineNumber____
SPECIAL::get (V) | text (N) ++ :: String (N) :: simplenode (N) ::SimpleNode_String_getText____
CONSTRUCTOR::create (V) | value (N) ++ :: Variable (N) :: variable (N) ::Variable_Variable_Variable__String-Class-LHS__
CONSTRUCTOR::create (V) | value (N) ++ :: Variable (N) :: variable (N) ::Variable_Variable_Variable__String-Object-Modifiers__
CONSTRUCTOR::create (V) | value (N) ++ :: Variable (N) :: variable (N) ::Variable_Variable_Variable__String-String-Object-Modifiers__
CONSTRUCTOR::create (V) | value (N) ++ :: Variable (N) :: variable (N) ::Variable_Variable_Variable__String-Class-Object-Modifiers__
SPECIAL::set (V) | value (N) ++ :: void (N) :: variable (N) ::Variable_void_setValue__Object-int__
SPECIAL::get (V) | value (N) ++ :: Object (N) :: variable (N) ::Variable_Object_getValue____
SPECIAL::get (V) | type (N) ++ :: Class (N) :: variable (N) ::Variable_Class_getType____
SPECIAL::get (V) | type descriptor (N) ++ :: String (N) :: variable (N) ::Variable_String_getTypeDescriptor____
SPECIAL::get (V) | modifiers (N) ++ :: Modifiers (N) :: variable (N) ::Variable_Modifiers_getModifiers____
SPECIAL::get (V) | name (N) ++ :: String (N) :: variable (N) ::Variable_String_getName____
BASE_VERB::has (V) | modifier (N) ++ :: boolean (N) :: variable (N) ::Variable_boolean_hasModifier__String__
BASE_VERB::to (V) | string (N) ++ :: String (N) :: variable (N) ::Variable_String_toString____
CONSTRUCTOR::create (V) | class path (N) ++ :: BshClassPath (N) :: bshclasspath (N) ::BshClassPath_BshClassPath_BshClassPath__String__
CONSTRUCTOR::create (V) | class path (N) ++ :: BshClassPath (N) :: bshclasspath (N) ::BshClassPath_BshClassPath_BshClassPath__String-URLArray__
SPECIAL::set (V) | path (N) ++ :: void (N) :: bshclasspath (N) ::BshClassPath_void_setPath__URLArray__
BASE_VERB::add (V) | component (N) ++ :: void (N) :: bshclasspath (N) ::BshClassPath_void_addComponent__BshClassPath__
BASE_VERB::add (V) | value (N) ++ :: void (N) :: bshclasspath (N) ::BshClassPath_void_add__URLArray__
BASE_VERB::add (V) | value (N) ++ :: void (N) :: bshclasspath (N) ::BshClassPath_void_add__URL__
SPECIAL::get (V) | path components (N) ++ :: URLArray (N) :: bshclasspath (N) ::BshClassPath_URLArray_getPathComponents____
SPECIAL::get (V) | classes for package (N) ++ :: Set (N) :: bshclasspath (N) ::BshClassPath_Set_getClassesForPackage__String__
SPECIAL::get (V) | class source (N) ++ :: ClassSource (N) :: bshclasspath (N) ::BshClassPath_ClassSource_getClassSource__String__
SPECIAL::set (V) | class source (N) ++ :: void (N) :: bshclasspath (N) ::BshClassPath_void_setClassSource__String-ClassSource__
BASE_VERB::insure (V) | initialized (N) ++ :: void (N) :: bshclasspath (N) ::BshClassPath_void_insureInitialized____
BASE_VERB::insure (V) | initialized (N) ++ :: void (N) :: bshclasspath (N) ::BshClassPath_void_insureInitialized__boolean__
SPECIAL::get (V) | full path (N) ++ :: List (N) :: bshclasspath (N) ::BshClassPath_List_getFullPath____
SPECIAL::get (V) | class name by unq name (N) ++ :: String (N) :: bshclasspath (N) ::BshClassPath_String_getClassNameByUnqName__String__
SPECIAL::get (V) | unqualified name table (N) ++ :: UnqualifiedNameTable (N) :: bshclasspath (N) ::BshClassPath_UnqualifiedNameTable_getUnqualifiedNameTable____
BASE_VERB::build (V) | unqualified name table (N) ++ :: UnqualifiedNameTable (N) :: bshclasspath (N) ::BshClassPath_UnqualifiedNameTable_buildUnqualifiedNameTable____
SPECIAL::get (V) | all names (N) ++ :: StringArray (N) :: bshclasspath (N) ::BshClassPath_StringArray_getAllNames____
BASE_VERB::map (V) | value (N) ++ :: void (N) :: bshclasspath (N) ::BshClassPath_void_map__URLArray__
BASE_VERB::map (V) | value (N) ++ :: void (N) :: bshclasspath (N) ::BshClassPath_void_map__URL__
BASE_VERB::map (V) | value (N) ++ :: void (N) :: bshclasspath (N) ::BshClassPath_void_map__StringArray-Object__
BASE_VERB::map (V) | class (N) ++ :: void (N) :: bshclasspath (N) ::BshClassPath_void_mapClass__String-Object__
BASE_VERB::reset (V) | value (N) ++ :: void (N) :: bshclasspath (N) ::BshClassPath_void_reset____
BASE_VERB::clear (V) | cached structures (N) ++ :: void (N) :: bshclasspath (N) ::BshClassPath_void_clearCachedStructures____
BASE_VERB::class (V) | path changed (N) ++ :: void (N) :: bshclasspath (N) ::BshClassPath_void_classPathChanged____
BASE_VERB::traverse (V) | dir for classes (N) ++ :: StringArray (N) :: bshclasspath (N) ::BshClassPath_StringArray_traverseDirForClasses__File__
BASE_VERB::traverse (V) | dir for classes aux (N) ++ :: List (N) :: bshclasspath (N) ::BshClassPath_List_traverseDirForClassesAux__File-File__
BASE_VERB::search (V) | jar for classes (N) ++ :: StringArray (N) :: bshclasspath (N) ::BshClassPath_StringArray_searchJarForClasses__URL__
SPECIAL::is (V) | class file name (N) ++ :: boolean (N) :: bshclasspath (N) ::BshClassPath_boolean_isClassFileName__String__
SPECIAL::is (V) | archive file name (N) ++ :: boolean (N) :: bshclasspath (N) ::BshClassPath_boolean_isArchiveFileName__String__
BASE_VERB::canonicalize (V) | class name (N) ++ :: String (N) :: bshclasspath (N) ::BshClassPath_String_canonicalizeClassName__String__
BASE_VERB::split (V) | classname (N) ++ :: StringArray (N) :: bshclasspath (N) ::BshClassPath_StringArray_splitClassname__String__
BASE_VERB::remove (V) | inner class names (N) ++ :: Collection (N) :: bshclasspath (N) ::BshClassPath_Collection_removeInnerClassNames__Collection__
SPECIAL::get (V) | user class path components (N) ++ :: URLArray (N) :: bshclasspath (N) ::BshClassPath_URLArray_getUserClassPathComponents____
SPECIAL::get (V) | packages set (N) ++ :: Set (N) :: bshclasspath (N) ::BshClassPath_Set_getPackagesSet____
BASE_VERB::add (V) | listener (N) ++ :: void (N) :: bshclasspath (N) ::BshClassPath_void_addListener__ClassPathListener__
BASE_VERB::remove (V) | listener (N) ++ :: void (N) :: bshclasspath (N) ::BshClassPath_void_removeListener__ClassPathListener__
BASE_VERB::notify (V) | listeners (N) ++ :: void (N) :: bshclasspath (N) ::BshClassPath_void_notifyListeners____
SPECIAL::get (V) | user class path (N) ++ :: BshClassPath (N) :: bshclasspath (N) ::BshClassPath_BshClassPath_getUserClassPath____
SPECIAL::get (V) | boot class path (N) ++ :: BshClassPath (N) :: bshclasspath (N) ::BshClassPath_BshClassPath_getBootClassPath____
SPECIAL::get (V) | rtjar path (N) ++ :: String (N) :: bshclasspath (N) ::BshClassPath_String_getRTJarPath____
SPECIAL::get (V) | code (N) ++ :: byteArray (N) :: bshclasspath (N) ::BshClassPath_byteArray_getCode__String__
CONSTRUCTOR::create (V) | class source (N) ++ :: BshClassPath (N) :: bshclasspath (N) ::BshClassPath_BshClassPath_JarClassSource__URL__
SPECIAL::get (V) | url (N) ++ :: URL (N) :: bshclasspath (N) ::BshClassPath_URL_getURL____
SPECIAL::get (V) | code (N) ++ :: byteArray (N) :: bshclasspath (N) ::BshClassPath_byteArray_getCode__String__
BASE_VERB::to (V) | string (N) ++ :: String (N) :: bshclasspath (N) ::BshClassPath_String_toString____
CONSTRUCTOR::create (V) | class source (N) ++ :: BshClassPath (N) :: bshclasspath (N) ::BshClassPath_BshClassPath_DirClassSource__File__
SPECIAL::get (V) | dir (N) ++ :: File (N) :: bshclasspath (N) ::BshClassPath_File_getDir____
BASE_VERB::to (V) | string (N) ++ :: String (N) :: bshclasspath (N) ::BshClassPath_String_toString____
SPECIAL::get (V) | code (N) ++ :: byteArray (N) :: bshclasspath (N) ::BshClassPath_byteArray_getCode__String__
BASE_VERB::read (V) | bytes from file (N) ++ :: byteArray (N) :: bshclasspath (N) ::BshClassPath_byteArray_readBytesFromFile__File-String__
CONSTRUCTOR::create (V) | class source (N) ++ :: BshClassPath (N) :: bshclasspath (N) ::BshClassPath_BshClassPath_GeneratedClassSource__byteArray__
SPECIAL::get (V) | code (N) ++ :: byteArray (N) :: bshclasspath (N) ::BshClassPath_byteArray_getCode__String__
BASE_VERB::main (V) | value (N) ++ :: void (N) :: bshclasspath (N) ::BshClassPath_void_main__StringArray__
BASE_VERB::to (V) | string (N) ++ :: String (N) :: bshclasspath (N) ::BshClassPath_String_toString____
BASE_VERB::add (V) | value (N) ++ :: void (N) :: bshclasspath (N) ::BshClassPath_void_add__String__
BASE_VERB::add (V) | value (N) ++ :: void (N) :: bshclasspath (N) ::BshClassPath_void_add__String__
SPECIAL::get (V) | value (N) ++ :: List (N) :: bshclasspath (N) ::BshClassPath_List_get____
BASE_VERB::name (V) | space changed (N) ++ :: void (N) :: bshclasspath (N) ::BshClassPath_void_nameSpaceChanged____
BASE_VERB::add (V) | name source listener (N) ++ :: void (N) :: bshclasspath (N) ::BshClassPath_void_addNameSourceListener__NameSource.Listener__
BASE_VERB::add (V) | mapping feedback (N) ++ :: void (N) :: bshclasspath (N) ::BshClassPath_void_addMappingFeedback__MappingFeedback__
BASE_VERB::start (V) | class mapping (N) ++ :: void (N) :: bshclasspath (N) ::BshClassPath_void_startClassMapping____
BASE_VERB::class (V) | mapping (N) ++ :: void (N) :: bshclasspath (N) ::BshClassPath_void_classMapping__String__
BASE_VERB::error (V) | while mapping (N) ++ :: void (N) :: bshclasspath (N) ::BshClassPath_void_errorWhileMapping__String__
BASE_VERB::end (V) | class mapping (N) ++ :: void (N) :: bshclasspath (N) ::BshClassPath_void_endClassMapping____
BASE_VERB::start (V) | class mapping (N) ++ :: void (N) :: bshclasspath (N) ::BshClassPath_void_startClassMapping____
BASE_VERB::class (V) | mapping (N) ++ :: void (N) :: bshclasspath (N) ::BshClassPath_void_classMapping__String__
BASE_VERB::error (V) | while mapping (N) ++ :: void (N) :: bshclasspath (N) ::BshClassPath_void_errorWhileMapping__String__
BASE_VERB::end (V) | class mapping (N) ++ :: void (N) :: bshclasspath (N) ::BshClassPath_void_endClassMapping____
CONSTRUCTOR::create (V) | manager impl (N) ++ :: ClassManagerImpl (N) :: classmanagerimpl (N) ::ClassManagerImpl_ClassManagerImpl_ClassManagerImpl____
BASE_VERB::class (V) | for name (N) ++ :: Class (N) :: classmanagerimpl (N) ::ClassManagerImpl_Class_classForName__String__
SPECIAL::get (V) | resource (N) ++ :: URL (N) :: classmanagerimpl (N) ::ClassManagerImpl_URL_getResource__String__
SPECIAL::get (V) | resource as stream (N) ++ :: InputStream (N) :: classmanagerimpl (N) ::ClassManagerImpl_InputStream_getResourceAsStream__String__
SPECIAL::get (V) | loader for class (N) ++ :: ClassLoader (N) :: classmanagerimpl (N) ::ClassManagerImpl_ClassLoader_getLoaderForClass__String__
BASE_VERB::add (V) | class path (N) ++ :: void (N) :: classmanagerimpl (N) ::ClassManagerImpl_void_addClassPath__URL__
BASE_VERB::reset (V) | value (N) ++ :: void (N) :: classmanagerimpl (N) ::ClassManagerImpl_void_reset____
SPECIAL::set (V) | class path (N) ++ :: void (N) :: classmanagerimpl (N) ::ClassManagerImpl_void_setClassPath__URLArray__
BASE_VERB::reload (V) | all classes (N) ++ :: void (N) :: classmanagerimpl (N) ::ClassManagerImpl_void_reloadAllClasses____
BASE_VERB::init (V) | base loader (N) ++ :: void (N) :: classmanagerimpl (N) ::ClassManagerImpl_void_initBaseLoader____
BASE_VERB::reload (V) | classes (N) ++ :: void (N) :: classmanagerimpl (N) ::ClassManagerImpl_void_reloadClasses__StringArray__
BASE_VERB::reload (V) | package (N) ++ :: void (N) :: classmanagerimpl (N) ::ClassManagerImpl_void_reloadPackage__String__
SPECIAL::get (V) | class path (N) ++ :: BshClassPath (N) :: classmanagerimpl (N) ::ClassManagerImpl_BshClassPath_getClassPath____
BASE_VERB::do (V) | super import (N) ++ :: void (N) :: classmanagerimpl (N) ::ClassManagerImpl_void_doSuperImport____
BASE_VERB::has (V) | super import (N) ++ :: boolean (N) :: classmanagerimpl (N) ::ClassManagerImpl_boolean_hasSuperImport____
SPECIAL::get (V) | class name by unq name (N) ++ :: String (N) :: classmanagerimpl (N) ::ClassManagerImpl_String_getClassNameByUnqName__String__
BASE_VERB::add (V) | listener (N) ++ :: void (N) :: classmanagerimpl (N) ::ClassManagerImpl_void_addListener__Listener__
BASE_VERB::remove (V) | listener (N) ++ :: void (N) :: classmanagerimpl (N) ::ClassManagerImpl_void_removeListener__Listener__
SPECIAL::get (V) | base loader (N) ++ :: ClassLoader (N) :: classmanagerimpl (N) ::ClassManagerImpl_ClassLoader_getBaseLoader____
BASE_VERB::define (V) | class (N) ++ :: Class (N) :: classmanagerimpl (N) ::ClassManagerImpl_Class_defineClass__String-byteArray__
BASE_VERB::class (V) | loader changed (N) ++ :: void (N) :: classmanagerimpl (N) ::ClassManagerImpl_void_classLoaderChanged____
BASE_VERB::dump (V) | value (N) ++ :: void (N) :: classmanagerimpl (N) ::ClassManagerImpl_void_dump__PrintWriter__
BASE_VERB::visit (V) | insn (N) ++ :: void (N) :: codevisitor (N) ::CodeVisitor_void_visitInsn__int__
BASE_VERB::visit (V) | int insn (N) ++ :: void (N) :: codevisitor (N) ::CodeVisitor_void_visitIntInsn__int-int__
BASE_VERB::visit (V) | var insn (N) ++ :: void (N) :: codevisitor (N) ::CodeVisitor_void_visitVarInsn__int-int__
BASE_VERB::visit (V) | type insn (N) ++ :: void (N) :: codevisitor (N) ::CodeVisitor_void_visitTypeInsn__int-String__
BASE_VERB::visit (V) | field insn (N) ++ :: void (N) :: codevisitor (N) ::CodeVisitor_void_visitFieldInsn__int-String-String-String__
BASE_VERB::visit (V) | method insn (N) ++ :: void (N) :: codevisitor (N) ::CodeVisitor_void_visitMethodInsn__int-String-String-String__
BASE_VERB::visit (V) | jump insn (N) ++ :: void (N) :: codevisitor (N) ::CodeVisitor_void_visitJumpInsn__int-Label__
BASE_VERB::visit (V) | label (N) ++ :: void (N) :: codevisitor (N) ::CodeVisitor_void_visitLabel__Label__
BASE_VERB::visit (V) | ldc insn (N) ++ :: void (N) :: codevisitor (N) ::CodeVisitor_void_visitLdcInsn__Object__
BASE_VERB::visit (V) | iinc insn (N) ++ :: void (N) :: codevisitor (N) ::CodeVisitor_void_visitIincInsn__int-int__
BASE_VERB::visit (V) | table switch insn (N) ++ :: void (N) :: codevisitor (N) ::CodeVisitor_void_visitTableSwitchInsn__int-int-Label-Label__
BASE_VERB::visit (V) | lookup switch insn (N) ++ :: void (N) :: codevisitor (N) ::CodeVisitor_void_visitLookupSwitchInsn__Label-int-Label__
BASE_VERB::visit (V) | multi anew array insn (N) ++ :: void (N) :: codevisitor (N) ::CodeVisitor_void_visitMultiANewArrayInsn__String-int__
BASE_VERB::visit (V) | try catch block (N) ++ :: void (N) :: codevisitor (N) ::CodeVisitor_void_visitTryCatchBlock__Label-Label-Label-String__
BASE_VERB::visit (V) | maxs (N) ++ :: void (N) :: codevisitor (N) ::CodeVisitor_void_visitMaxs__int-int__
BASE_VERB::visit (V) | local variable (N) ++ :: void (N) :: codevisitor (N) ::CodeVisitor_void_visitLocalVariable__String-String-Label-Label-int__
BASE_VERB::visit (V) | line number (N) ++ :: void (N) :: codevisitor (N) ::CodeVisitor_void_visitLineNumber__int-Label__
CONSTRUCTOR::create (V) | segment (N) ++ :: BufferSegment (N) :: buffersegment (N) ::BufferSegment_BufferSegment_BufferSegment__charArray-int-int__
CONSTRUCTOR::create (V) | segment (N) ++ :: BufferSegment (N) :: buffersegment (N) ::BufferSegment_BufferSegment_BufferSegment__charArray-int-int-BufferSegment__
BASE_VERB::char (V) | at (N) ++ :: char (N) :: buffersegment (N) ::BufferSegment_char_charAt__int__
BASE_VERB::length (V) | value (N) ++ :: int (N) :: buffersegment (N) ::BufferSegment_int_length____
BASE_VERB::sub (V) | sequence (N) ++ :: CharSequence (N) :: buffersegment (N) ::BufferSegment_CharSequence_subSequence__int-int__
BASE_VERB::to (V) | string (N) ++ :: String (N) :: buffersegment (N) ::BufferSegment_String_toString____
BASE_VERB::to (V) | string (N) ++ :: void (N) :: buffersegment (N) ::BufferSegment_void_toString__StringBuilder__
BASE_VERB::sub (V) | segment (N) ++ :: BufferSegment (N) :: buffersegment (N) ::BufferSegment_BufferSegment_subSegment__int-int__
SPECIAL::get (V) | length (N) ++ :: int (N) :: contentmanager (N) ::ContentManager_int_getLength____
SPECIAL::get (V) | text (N) ++ :: String (N) :: contentmanager (N) ::ContentManager_String_getText__int-int__
SPECIAL::get (V) | text (N) ++ :: void (N) :: contentmanager (N) ::ContentManager_void_getText__int-int-Segment__
SPECIAL::get (V) | segment (N) ++ :: CharSequence (N) :: contentmanager (N) ::ContentManager_CharSequence_getSegment__int-int__
BASE_VERB::insert (V) | value (N) ++ :: void (N) :: contentmanager (N) ::ContentManager_void_insert__int-String__
BASE_VERB::insert (V) | value (N) ++ :: void (N) :: contentmanager (N) ::ContentManager_void_insert__int-CharSequence__
BASE_VERB::insert (V) | value (N) ++ :: void (N) :: contentmanager (N) ::ContentManager_void_insert__int-Segment__
BASE_VERB::set (V) | content (N) ++ :: void (N) :: contentmanager (N) ::ContentManager_void__setContent__charArray-int__
BASE_VERB::remove (V) | value (N) ++ :: void (N) :: contentmanager (N) ::ContentManager_void_remove__int-int__
BASE_VERB::move (V) | gap start (N) ++ :: void (N) :: contentmanager (N) ::ContentManager_void_moveGapStart__int__
BASE_VERB::move (V) | gap end (N) ++ :: void (N) :: contentmanager (N) ::ContentManager_void_moveGapEnd__int__
BASE_VERB::ensure (V) | capacity (N) ++ :: void (N) :: contentmanager (N) ::ContentManager_void_ensureCapacity__int__
CONSTRUCTOR::create (V) | buffer (N) ++ :: JEditBuffer (N) :: jeditbuffer (N) ::JEditBuffer_JEditBuffer_JEditBuffer__Map__
CONSTRUCTOR::create (V) | buffer (N) ++ :: JEditBuffer (N) :: jeditbuffer (N) ::JEditBuffer_JEditBuffer_JEditBuffer____
SPECIAL::is (V) | dirty (N) ++ :: boolean (N) :: jeditbuffer (N) ::JEditBuffer_boolean_isDirty____
SPECIAL::is (V) | loading (N) ++ :: boolean (N) :: jeditbuffer (N) ::JEditBuffer_boolean_isLoading____
SPECIAL::set (V) | loading (N) ++ :: void (N) :: jeditbuffer (N) ::JEditBuffer_void_setLoading__boolean__
SPECIAL::is (V) | performing io (N) ++ :: boolean (N) :: jeditbuffer (N) ::JEditBuffer_boolean_isPerformingIO____
SPECIAL::set (V) | performing io (N) ++ :: void (N) :: jeditbuffer (N) ::JEditBuffer_void_setPerformingIO__boolean__
SPECIAL::is (V) | editable (N) ++ :: boolean (N) :: jeditbuffer (N) ::JEditBuffer_boolean_isEditable____
SPECIAL::is (V) | read only (N) ++ :: boolean (N) :: jeditbuffer (N) ::JEditBuffer_boolean_isReadOnly____
SPECIAL::set (V) | read only (N) ++ :: void (N) :: jeditbuffer (N) ::JEditBuffer_void_setReadOnly__boolean__
SPECIAL::set (V) | dirty (N) ++ :: void (N) :: jeditbuffer (N) ::JEditBuffer_void_setDirty__boolean__
BASE_VERB::read (V) | lock (N) ++ :: void (N) :: jeditbuffer (N) ::JEditBuffer_void_readLock____
BASE_VERB::read (V) | unlock (N) ++ :: void (N) :: jeditbuffer (N) ::JEditBuffer_void_readUnlock____
BASE_VERB::write (V) | lock (N) ++ :: void (N) :: jeditbuffer (N) ::JEditBuffer_void_writeLock____
BASE_VERB::write (V) | unlock (N) ++ :: void (N) :: jeditbuffer (N) ::JEditBuffer_void_writeUnlock____
SPECIAL::get (V) | length (N) ++ :: int (N) :: jeditbuffer (N) ::JEditBuffer_int_getLength____
SPECIAL::get (V) | line count (N) ++ :: int (N) :: jeditbuffer (N) ::JEditBuffer_int_getLineCount____
SPECIAL::get (V) | line of offset (N) ++ :: int (N) :: jeditbuffer (N) ::JEditBuffer_int_getLineOfOffset__int__
SPECIAL::get (V) | line start offset (N) ++ :: int (N) :: jeditbuffer (N) ::JEditBuffer_int_getLineStartOffset__int__
SPECIAL::get (V) | line end offset (N) ++ :: int (N) :: jeditbuffer (N) ::JEditBuffer_int_getLineEndOffset__int__
SPECIAL::get (V) | line length (N) ++ :: int (N) :: jeditbuffer (N) ::JEditBuffer_int_getLineLength__int__
SPECIAL::get (V) | prior non empty line (N) ++ :: int (N) :: jeditbuffer (N) ::JEditBuffer_int_getPriorNonEmptyLine__int__
SPECIAL::get (V) | line text (N) ++ :: String (N) :: jeditbuffer (N) ::JEditBuffer_String_getLineText__int__
SPECIAL::get (V) | line text (N) ++ :: void (N) :: jeditbuffer (N) ::JEditBuffer_void_getLineText__int-Segment__
SPECIAL::get (V) | line text (N) ++ :: void (N) :: jeditbuffer (N) ::JEditBuffer_void_getLineText__int-int-Segment__
SPECIAL::get (V) | line segment (N) ++ :: CharSequence (N) :: jeditbuffer (N) ::JEditBuffer_CharSequence_getLineSegment__int__
SPECIAL::get (V) | text (N) ++ :: String (N) :: jeditbuffer (N) ::JEditBuffer_String_getText__int-int__
SPECIAL::get (V) | text (N) ++ :: String (N) :: jeditbuffer (N) ::JEditBuffer_String_getText____
SPECIAL::get (V) | text (N) ++ :: void (N) :: jeditbuffer (N) ::JEditBuffer_void_getText__int-int-Segment__
SPECIAL::get (V) | segment (N) ++ :: CharSequence (N) :: jeditbuffer (N) ::JEditBuffer_CharSequence_getSegment__int-int__
BASE_VERB::insert (V) | value (N) ++ :: void (N) :: jeditbuffer (N) ::JEditBuffer_void_insert__int-String__
BASE_VERB::insert (V) | value (N) ++ :: void (N) :: jeditbuffer (N) ::JEditBuffer_void_insert__int-Segment__
BASE_VERB::insert (V) | value (N) ++ :: void (N) :: jeditbuffer (N) ::JEditBuffer_void_insert__int-CharSequence__
BASE_VERB::remove (V) | value (N) ++ :: void (N) :: jeditbuffer (N) ::JEditBuffer_void_remove__int-int__
BASE_VERB::remove (V) | trailing white space (N) ++ :: void (N) :: jeditbuffer (N) ::JEditBuffer_void_removeTrailingWhiteSpace__intArray__
BASE_VERB::shift (V) | indent left (N) ++ :: void (N) :: jeditbuffer (N) ::JEditBuffer_void_shiftIndentLeft__intArray__
BASE_VERB::shift (V) | indent right (N) ++ :: void (N) :: jeditbuffer (N) ::JEditBuffer_void_shiftIndentRight__intArray__
BASE_VERB::indent (V) | lines (N) ++ :: void (N) :: jeditbuffer (N) ::JEditBuffer_void_indentLines__int-int__
BASE_VERB::indent (V) | lines (N) ++ :: void (N) :: jeditbuffer (N) ::JEditBuffer_void_indentLines__intArray__
BASE_VERB::simple (V) | indent line (N) ++ :: void (N) :: jeditbuffer (N) ::JEditBuffer_void_simpleIndentLine__int__
BASE_VERB::indent (V) | line (N) ++ :: boolean (N) :: jeditbuffer (N) ::JEditBuffer_boolean_indentLine__int-boolean__
SPECIAL::get (V) | current indent for line (N) ++ :: int (N) :: jeditbuffer (N) ::JEditBuffer_int_getCurrentIndentForLine__int-intArray__
SPECIAL::get (V) | ideal indent for line (N) ++ :: int (N) :: jeditbuffer (N) ::JEditBuffer_int_getIdealIndentForLine__int__
SPECIAL::get (V) | ideal indent for line (N) ++ :: int (N) :: jeditbuffer (N) ::JEditBuffer_int_getIdealIndentForLine__int-int-int__
SPECIAL::get (V) | virtual width (N) ++ :: int (N) :: jeditbuffer (N) ::JEditBuffer_int_getVirtualWidth__int-int__
SPECIAL::get (V) | offset of virtual column (N) ++ :: int (N) :: jeditbuffer (N) ::JEditBuffer_int_getOffsetOfVirtualColumn__int-int-intArray__
BASE_VERB::insert (V) | at column (N) ++ :: void (N) :: jeditbuffer (N) ::JEditBuffer_void_insertAtColumn__int-int-String__
BASE_VERB::insert (V) | indented (N) ++ :: int (N) :: jeditbuffer (N) ::JEditBuffer_int_insertIndented__int-String__
SPECIAL::is (V) | electric key (N) ++ :: boolean (N) :: jeditbuffer (N) ::JEditBuffer_boolean_isElectricKey__char-int__
BASE_VERB::mark (V) | tokens (N) ++ :: void (N) :: jeditbuffer (N) ::JEditBuffer_void_markTokens__int-TokenHandler__
SPECIAL::get (V) | token marker (N) ++ :: TokenMarker (N) :: jeditbuffer (N) ::JEditBuffer_TokenMarker_getTokenMarker____
SPECIAL::set (V) | token marker (N) ++ :: void (N) :: jeditbuffer (N) ::JEditBuffer_void_setTokenMarker__TokenMarker__
BASE_VERB::create (V) | position (N) ++ :: Position (N) :: jeditbuffer (N) ::JEditBuffer_Position_createPosition__int__
BASE_VERB::properties (V) | changed (N) ++ :: void (N) :: jeditbuffer (N) ::JEditBuffer_void_propertiesChanged____
SPECIAL::get (V) | tab size (N) ++ :: int (N) :: jeditbuffer (N) ::JEditBuffer_int_getTabSize____
SPECIAL::get (V) | indent size (N) ++ :: int (N) :: jeditbuffer (N) ::JEditBuffer_int_getIndentSize____
SPECIAL::get (V) | property (N) ++ :: Object (N) :: jeditbuffer (N) ::JEditBuffer_Object_getProperty__Object__
SPECIAL::get (V) | default property (N) ++ :: Object (N) :: jeditbuffer (N) ::JEditBuffer_Object_getDefaultProperty__String__
SPECIAL::set (V) | property (N) ++ :: void (N) :: jeditbuffer (N) ::JEditBuffer_void_setProperty__String-Object__
SPECIAL::set (V) | default property (N) ++ :: void (N) :: jeditbuffer (N) ::JEditBuffer_void_setDefaultProperty__String-Object__
BASE_VERB::unset (V) | property (N) ++ :: void (N) :: jeditbuffer (N) ::JEditBuffer_void_unsetProperty__String__
BASE_VERB::reset (V) | cached properties (N) ++ :: void (N) :: jeditbuffer (N) ::JEditBuffer_void_resetCachedProperties____
SPECIAL::get (V) | string property (N) ++ :: String (N) :: jeditbuffer (N) ::JEditBuffer_String_getStringProperty__String__
SPECIAL::set (V) | string property (N) ++ :: void (N) :: jeditbuffer (N) ::JEditBuffer_void_setStringProperty__String-String__
SPECIAL::get (V) | boolean property (N) ++ :: boolean (N) :: jeditbuffer (N) ::JEditBuffer_boolean_getBooleanProperty__String__
SPECIAL::get (V) | boolean property (N) ++ :: boolean (N) :: jeditbuffer (N) ::JEditBuffer_boolean_getBooleanProperty__String-boolean__
SPECIAL::set (V) | boolean property (N) ++ :: void (N) :: jeditbuffer (N) ::JEditBuffer_void_setBooleanProperty__String-boolean__
SPECIAL::get (V) | integer property (N) ++ :: int (N) :: jeditbuffer (N) ::JEditBuffer_int_getIntegerProperty__String-int__
SPECIAL::set (V) | integer property (N) ++ :: void (N) :: jeditbuffer (N) ::JEditBuffer_void_setIntegerProperty__String-int__
SPECIAL::get (V) | pattern property (N) ++ :: Pattern (N) :: jeditbuffer (N) ::JEditBuffer_Pattern_getPatternProperty__String-int__
SPECIAL::get (V) | rule set at offset (N) ++ :: ParserRuleSet (N) :: jeditbuffer (N) ::JEditBuffer_ParserRuleSet_getRuleSetAtOffset__int__
SPECIAL::get (V) | keyword map at offset (N) ++ :: KeywordMap (N) :: jeditbuffer (N) ::JEditBuffer_KeywordMap_getKeywordMapAtOffset__int__
SPECIAL::get (V) | context sensitive property (N) ++ :: String (N) :: jeditbuffer (N) ::JEditBuffer_String_getContextSensitiveProperty__int-String__
SPECIAL::get (V) | mode (N) ++ :: Mode (N) :: jeditbuffer (N) ::JEditBuffer_Mode_getMode____
SPECIAL::set (V) | mode (N) ++ :: void (N) :: jeditbuffer (N) ::JEditBuffer_void_setMode__String__
SPECIAL::set (V) | mode (N) ++ :: void (N) :: jeditbuffer (N) ::JEditBuffer_void_setMode__Mode__
SPECIAL::set (V) | mode (N) ++ :: void (N) :: jeditbuffer (N) ::JEditBuffer_void_setMode__Mode-boolean__
SPECIAL::is (V) | fold start (N) ++ :: boolean (N) :: jeditbuffer (N) ::JEditBuffer_boolean_isFoldStart__int__
SPECIAL::is (V) | fold end (N) ++ :: boolean (N) :: jeditbuffer (N) ::JEditBuffer_boolean_isFoldEnd__int__
BASE_VERB::invalidate (V) | cached fold levels (N) ++ :: void (N) :: jeditbuffer (N) ::JEditBuffer_void_invalidateCachedFoldLevels____
SPECIAL::get (V) | fold level (N) ++ :: int (N) :: jeditbuffer (N) ::JEditBuffer_int_getFoldLevel__int__
SPECIAL::get (V) | fold at line (N) ++ :: intArray (N) :: jeditbuffer (N) ::JEditBuffer_intArray_getFoldAtLine__int__
SPECIAL::get (V) | fold handler (N) ++ :: FoldHandler (N) :: jeditbuffer (N) ::JEditBuffer_FoldHandler_getFoldHandler____
SPECIAL::set (V) | fold handler (N) ++ :: void (N) :: jeditbuffer (N) ::JEditBuffer_void_setFoldHandler__FoldHandler__
BASE_VERB::undo (V) | value (N) ++ :: void (N) :: jeditbuffer (N) ::JEditBuffer_void_undo__TextArea__
BASE_VERB::redo (V) | value (N) ++ :: void (N) :: jeditbuffer (N) ::JEditBuffer_void_redo__TextArea__
SPECIAL::is (V) | transaction in progress (N) ++ :: boolean (N) :: jeditbuffer (N) ::JEditBuffer_boolean_isTransactionInProgress____
BASE_VERB::begin (V) | compound edit (N) ++ :: void (N) :: jeditbuffer (N) ::JEditBuffer_void_beginCompoundEdit____
BASE_VERB::end (V) | compound edit (N) ++ :: void (N) :: jeditbuffer (N) ::JEditBuffer_void_endCompoundEdit____
BASE_VERB::inside (V) | compound edit (N) ++ :: boolean (N) :: jeditbuffer (N) ::JEditBuffer_boolean_insideCompoundEdit____
SPECIAL::is (V) | undo in progress (N) ++ :: boolean (N) :: jeditbuffer (N) ::JEditBuffer_boolean_isUndoInProgress____
SPECIAL::get (V) | undo id (N) ++ :: Object (N) :: jeditbuffer (N) ::JEditBuffer_Object_getUndoId____
CONSTRUCTOR::create (V) | value (N) ++ :: JEditBuffer (N) :: jeditbuffer (N) ::JEditBuffer_JEditBuffer_Listener__BufferListener-int__
BASE_VERB::add (V) | buffer listener (N) ++ :: void (N) :: jeditbuffer (N) ::JEditBuffer_void_addBufferListener__BufferListener-int__
BASE_VERB::add (V) | buffer listener (N) ++ :: void (N) :: jeditbuffer (N) ::JEditBuffer_void_addBufferListener__BufferListener__
BASE_VERB::remove (V) | buffer listener (N) ++ :: void (N) :: jeditbuffer (N) ::JEditBuffer_void_removeBufferListener__BufferListener__
SPECIAL::get (V) | buffer listeners (N) ++ :: BufferListenerArray (N) :: jeditbuffer (N) ::JEditBuffer_BufferListenerArray_getBufferListeners____
SPECIAL::set (V) | undo limit (N) ++ :: void (N) :: jeditbuffer (N) ::JEditBuffer_void_setUndoLimit__int__
BASE_VERB::can (V) | undo (N) ++ :: boolean (N) :: jeditbuffer (N) ::JEditBuffer_boolean_canUndo____
BASE_VERB::can (V) | redo (N) ++ :: boolean (N) :: jeditbuffer (N) ::JEditBuffer_boolean_canRedo____
SPECIAL::is (V) | context insensitive (N) ++ :: boolean (N) :: jeditbuffer (N) ::JEditBuffer_boolean_isContextInsensitive____
SPECIAL::set (V) | context insensitive (N) ++ :: void (N) :: jeditbuffer (N) ::JEditBuffer_void_setContextInsensitive__boolean__
BASE_VERB::fire (V) | fold level changed (N) ++ :: void (N) :: jeditbuffer (N) ::JEditBuffer_void_fireFoldLevelChanged__int-int__
BASE_VERB::fire (V) | content inserted (N) ++ :: void (N) :: jeditbuffer (N) ::JEditBuffer_void_fireContentInserted__int-int-int-int__
BASE_VERB::fire (V) | content removed (N) ++ :: void (N) :: jeditbuffer (N) ::JEditBuffer_void_fireContentRemoved__int-int-int-int__
BASE_VERB::fire (V) | pre content inserted (N) ++ :: void (N) :: jeditbuffer (N) ::JEditBuffer_void_firePreContentInserted__int-int-int-int__
BASE_VERB::fire (V) | pre content removed (N) ++ :: void (N) :: jeditbuffer (N) ::JEditBuffer_void_firePreContentRemoved__int-int-int-int__
BASE_VERB::fire (V) | begin undo (N) ++ :: void (N) :: jeditbuffer (N) ::JEditBuffer_void_fireBeginUndo____
BASE_VERB::fire (V) | end undo (N) ++ :: void (N) :: jeditbuffer (N) ::JEditBuffer_void_fireEndUndo____
BASE_VERB::fire (V) | begin redo (N) ++ :: void (N) :: jeditbuffer (N) ::JEditBuffer_void_fireBeginRedo____
BASE_VERB::fire (V) | end redo (N) ++ :: void (N) :: jeditbuffer (N) ::JEditBuffer_void_fireEndRedo____
BASE_VERB::fire (V) | transaction complete (N) ++ :: void (N) :: jeditbuffer (N) ::JEditBuffer_void_fireTransactionComplete____
BASE_VERB::fire (V) | fold handler changed (N) ++ :: void (N) :: jeditbuffer (N) ::JEditBuffer_void_fireFoldHandlerChanged____
BASE_VERB::fire (V) | buffer loaded (N) ++ :: void (N) :: jeditbuffer (N) ::JEditBuffer_void_fireBufferLoaded____
SPECIAL::is (V) | file read only (N) ++ :: boolean (N) :: jeditbuffer (N) ::JEditBuffer_boolean_isFileReadOnly____
SPECIAL::set (V) | file read only (N) ++ :: void (N) :: jeditbuffer (N) ::JEditBuffer_void_setFileReadOnly__boolean__
BASE_VERB::load (V) | text (N) ++ :: void (N) :: jeditbuffer (N) ::JEditBuffer_void_loadText__Segment-IntegerArray__
BASE_VERB::invalidate (V) | fold levels (N) ++ :: void (N) :: jeditbuffer (N) ::JEditBuffer_void_invalidateFoldLevels____
BASE_VERB::parse (V) | buffer local properties (N) ++ :: void (N) :: jeditbuffer (N) ::JEditBuffer_void_parseBufferLocalProperties____
BASE_VERB::mark (V) | tokens (N) ++ :: TokenMarker.LineContext (N) :: jeditbuffer (N) ::JEditBuffer_TokenMarker.LineContext_markTokens__Segment-TokenMarker.LineContext-TokenHandler__
CONSTRUCTOR::create (V) | value (N) ++ :: JEditBuffer (N) :: jeditbuffer (N) ::JEditBuffer_JEditBuffer_PropValue__Object-boolean__
BASE_VERB::to (V) | string (N) ++ :: String (N) :: jeditbuffer (N) ::JEditBuffer_String_toString____
SPECIAL::get (V) | listener (N) ++ :: BufferListener (N) :: jeditbuffer (N) ::JEditBuffer_BufferListener_getListener__int__
BASE_VERB::content (V) | inserted (N) ++ :: void (N) :: jeditbuffer (N) ::JEditBuffer_void_contentInserted__int-int-IntegerArray__
BASE_VERB::parse (V) | buffer local properties (N) ++ :: void (N) :: jeditbuffer (N) ::JEditBuffer_void_parseBufferLocalProperties__CharSequence__
SPECIAL::get (V) | indent rules (N) ++ :: ListIndentRule (N) :: jeditbuffer (N) ::JEditBuffer_ListIndentRule_getIndentRules__int__
BASE_VERB::update (V) | column blocks (N) ++ :: void (N) :: jeditbuffer (N) ::JEditBuffer_void_updateColumnBlocks__int-int-int-Node__
SPECIAL::get (V) | tab stop position (N) ++ :: int (N) :: jeditbuffer (N) ::JEditBuffer_int_getTabStopPosition__Segment__
BASE_VERB::indent (V) | using elastic tabstops (N) ++ :: void (N) :: jeditbuffer (N) ::JEditBuffer_void_indentUsingElasticTabstops____
SPECIAL::get (V) | column block (N) ++ :: ColumnBlock (N) :: jeditbuffer (N) ::JEditBuffer_ColumnBlock_getColumnBlock____
SPECIAL::get (V) | instance (N) ++ :: KillRing (N) :: killring (N) ::KillRing_KillRing_getInstance____
SPECIAL::set (V) | instance (N) ++ :: void (N) :: killring (N) ::KillRing_void_setInstance__KillRing__
BASE_VERB::properties (V) | changed (N) ++ :: void (N) :: killring (N) ::KillRing_void_propertiesChanged__int__
BASE_VERB::load (V) | value (N) ++ :: void (N) :: killring (N) ::KillRing_void_load____
BASE_VERB::save (V) | value (N) ++ :: void (N) :: killring (N) ::KillRing_void_save____
BASE_VERB::reset (V) | value (N) ++ :: void (N) :: killring (N) ::KillRing_void_reset__Collection__
BASE_VERB::add (V) | list data listener (N) ++ :: void (N) :: killring (N) ::KillRing_void_addListDataListener__ListDataListener__
BASE_VERB::remove (V) | list data listener (N) ++ :: void (N) :: killring (N) ::KillRing_void_removeListDataListener__ListDataListener__
SPECIAL::get (V) | element at (N) ++ :: Object (N) :: killring (N) ::KillRing_Object_getElementAt__int__
SPECIAL::get (V) | size (N) ++ :: int (N) :: killring (N) ::KillRing_int_getSize____
BASE_VERB::remove (V) | element (N) ++ :: boolean (N) :: killring (N) ::KillRing_boolean_removeElement__Object__
BASE_VERB::insert (V) | element at (N) ++ :: void (N) :: killring (N) ::KillRing_void_insertElementAt__Object-int__
BASE_VERB::changed (V) | value (N) ++ :: void (N) :: killring (N) ::KillRing_void_changed__UndoManager.RemovedContent__
BASE_VERB::add (V) | value (N) ++ :: void (N) :: killring (N) ::KillRing_void_add__UndoManager.RemovedContent__
BASE_VERB::remove (V) | value (N) ++ :: void (N) :: killring (N) ::KillRing_void_remove__int__
BASE_VERB::virtual (V) | to physical index (N) ++ :: int (N) :: killring (N) ::KillRing_int_virtualToPhysicalIndex__int__
CONSTRUCTOR::create (V) | manager (N) ++ :: LineManager (N) :: linemanager (N) ::LineManager_LineManager_LineManager____
SPECIAL::get (V) | line count (N) ++ :: int (N) :: linemanager (N) ::LineManager_int_getLineCount____
SPECIAL::get (V) | line of offset (N) ++ :: int (N) :: linemanager (N) ::LineManager_int_getLineOfOffset__int__
SPECIAL::get (V) | line end offset (N) ++ :: int (N) :: linemanager (N) ::LineManager_int_getLineEndOffset__int__
SPECIAL::get (V) | fold level (N) ++ :: int (N) :: linemanager (N) ::LineManager_int_getFoldLevel__int__
SPECIAL::set (V) | fold level (N) ++ :: void (N) :: linemanager (N) ::LineManager_void_setFoldLevel__int-int__
SPECIAL::set (V) | first invalid fold level (N) ++ :: void (N) :: linemanager (N) ::LineManager_void_setFirstInvalidFoldLevel__int__
SPECIAL::get (V) | first invalid fold level (N) ++ :: int (N) :: linemanager (N) ::LineManager_int_getFirstInvalidFoldLevel____
SPECIAL::get (V) | line context (N) ++ :: TokenMarker.LineContext (N) :: linemanager (N) ::LineManager_TokenMarker.LineContext_getLineContext__int__
SPECIAL::set (V) | line context (N) ++ :: void (N) :: linemanager (N) ::LineManager_void_setLineContext__int-TokenMarker.LineContext__
SPECIAL::set (V) | first invalid line context (N) ++ :: void (N) :: linemanager (N) ::LineManager_void_setFirstInvalidLineContext__int__
SPECIAL::get (V) | first invalid line context (N) ++ :: int (N) :: linemanager (N) ::LineManager_int_getFirstInvalidLineContext____
BASE_VERB::content (V) | inserted (N) ++ :: void (N) :: linemanager (N) ::LineManager_void__contentInserted__IntegerArray__
BASE_VERB::content (V) | inserted (N) ++ :: void (N) :: linemanager (N) ::LineManager_void_contentInserted__int-int-int-int-IntegerArray__
BASE_VERB::content (V) | removed (N) ++ :: void (N) :: linemanager (N) ::LineManager_void_contentRemoved__int-int-int-int__
SPECIAL::set (V) | line end offset (N) ++ :: void (N) :: linemanager (N) ::LineManager_void_setLineEndOffset__int-int__
BASE_VERB::move (V) | gap (N) ++ :: void (N) :: linemanager (N) ::LineManager_void_moveGap__int-int-String__
CONSTRUCTOR::create (V) | manager (N) ++ :: UndoManager (N) :: undomanager (N) ::UndoManager_UndoManager_UndoManager__JEditBuffer__
SPECIAL::set (V) | limit (N) ++ :: void (N) :: undomanager (N) ::UndoManager_void_setLimit__int__
BASE_VERB::clear (V) | value (N) ++ :: void (N) :: undomanager (N) ::UndoManager_void_clear____
BASE_VERB::can (V) | undo (N) ++ :: boolean (N) :: undomanager (N) ::UndoManager_boolean_canUndo____
BASE_VERB::undo (V) | value (N) ++ :: int (N) :: undomanager (N) ::UndoManager_int_undo____
BASE_VERB::can (V) | redo (N) ++ :: boolean (N) :: undomanager (N) ::UndoManager_boolean_canRedo____
BASE_VERB::redo (V) | value (N) ++ :: int (N) :: undomanager (N) ::UndoManager_int_redo____
BASE_VERB::begin (V) | compound edit (N) ++ :: void (N) :: undomanager (N) ::UndoManager_void_beginCompoundEdit____
BASE_VERB::end (V) | compound edit (N) ++ :: void (N) :: undomanager (N) ::UndoManager_void_endCompoundEdit____
BASE_VERB::inside (V) | compound edit (N) ++ :: boolean (N) :: undomanager (N) ::UndoManager_boolean_insideCompoundEdit____
SPECIAL::get (V) | undo id (N) ++ :: Object (N) :: undomanager (N) ::UndoManager_Object_getUndoId____
BASE_VERB::content (V) | inserted (N) ++ :: void (N) :: undomanager (N) ::UndoManager_void_contentInserted__int-int-String-boolean__
BASE_VERB::content (V) | removed (N) ++ :: void (N) :: undomanager (N) ::UndoManager_void_contentRemoved__int-int-String-boolean__
BASE_VERB::reset (V) | clear dirty (N) ++ :: void (N) :: undomanager (N) ::UndoManager_void_resetClearDirty____
BASE_VERB::add (V) | edit (N) ++ :: void (N) :: undomanager (N) ::UndoManager_void_addEdit__Edit__
SPECIAL::get (V) | merge edit (N) ++ :: Edit (N) :: undomanager (N) ::UndoManager_Edit_getMergeEdit____
SPECIAL::get (V) | last edit (N) ++ :: Edit (N) :: undomanager (N) ::UndoManager_Edit_getLastEdit____
BASE_VERB::revise (V) | undo id (N) ++ :: void (N) :: undomanager (N) ::UndoManager_void_reviseUndoId____
BASE_VERB::undo (V) | value (N) ++ :: int (N) :: undomanager (N) ::UndoManager_int_undo____
BASE_VERB::redo (V) | value (N) ++ :: int (N) :: undomanager (N) ::UndoManager_int_redo____
CONSTRUCTOR::create (V) | value (N) ++ :: UndoManager (N) :: undomanager (N) ::UndoManager_UndoManager_Insert__UndoManager-int-int-String__
BASE_VERB::undo (V) | value (N) ++ :: int (N) :: undomanager (N) ::UndoManager_int_undo____
BASE_VERB::redo (V) | value (N) ++ :: int (N) :: undomanager (N) ::UndoManager_int_redo____
CONSTRUCTOR::create (V) | content (N) ++ :: UndoManager (N) :: undomanager (N) ::UndoManager_UndoManager_RemovedContent__String__
BASE_VERB::to (V) | string (N) ++ :: String (N) :: undomanager (N) ::UndoManager_String_toString____
CONSTRUCTOR::create (V) | value (N) ++ :: UndoManager (N) :: undomanager (N) ::UndoManager_UndoManager_Remove__UndoManager-int-int-String__
BASE_VERB::undo (V) | value (N) ++ :: int (N) :: undomanager (N) ::UndoManager_int_undo____
BASE_VERB::redo (V) | value (N) ++ :: int (N) :: undomanager (N) ::UndoManager_int_redo____
BASE_VERB::undo (V) | value (N) ++ :: int (N) :: undomanager (N) ::UndoManager_int_undo____
BASE_VERB::redo (V) | value (N) ++ :: int (N) :: undomanager (N) ::UndoManager_int_redo____
BASE_VERB::add (V) | value (N) ++ :: void (N) :: undomanager (N) ::UndoManager_void_add__Edit__
SPECIAL::get (V) | size (N) ++ :: int (N) :: completionpopup (N) ::CompletionPopup_int_getSize____
SPECIAL::is (V) | valid (N) ++ :: boolean (N) :: completionpopup (N) ::CompletionPopup_boolean_isValid____
BASE_VERB::complete (V) | value (N) ++ :: void (N) :: completionpopup (N) ::CompletionPopup_void_complete__int__
SPECIAL::get (V) | cell renderer (N) ++ :: Component (N) :: completionpopup (N) ::CompletionPopup_Component_getCellRenderer__JList-int-boolean-boolean__
SPECIAL::get (V) | description (N) ++ :: String (N) :: completionpopup (N) ::CompletionPopup_String_getDescription__int__
CONSTRUCTOR::create (V) | popup (N) ++ :: CompletionPopup (N) :: completionpopup (N) ::CompletionPopup_CompletionPopup_CompletionPopup__View__
CONSTRUCTOR::create (V) | popup (N) ++ :: CompletionPopup (N) :: completionpopup (N) ::CompletionPopup_CompletionPopup_CompletionPopup__View-Point__
BASE_VERB::run (V) | value (N) ++ :: void (N) :: completionpopup (N) ::CompletionPopup_void_run____
BASE_VERB::dispose (V) | value (N) ++ :: void (N) :: completionpopup (N) ::CompletionPopup_void_dispose____
BASE_VERB::reset (V) | value (N) ++ :: void (N) :: completionpopup (N) ::CompletionPopup_void_reset__Candidates-boolean__
SPECIAL::get (V) | candidates (N) ++ :: Candidates (N) :: completionpopup (N) ::CompletionPopup_Candidates_getCandidates____
SPECIAL::get (V) | selected index (N) ++ :: int (N) :: completionpopup (N) ::CompletionPopup_int_getSelectedIndex____
SPECIAL::set (V) | selected index (N) ++ :: void (N) :: completionpopup (N) ::CompletionPopup_void_setSelectedIndex__int__
BASE_VERB::do (V) | selected completion (N) ++ :: boolean (N) :: completionpopup (N) ::CompletionPopup_boolean_doSelectedCompletion____
BASE_VERB::key (V) | pressed (N) ++ :: void (N) :: completionpopup (N) ::CompletionPopup_void_keyPressed__KeyEvent__
BASE_VERB::key (V) | typed (N) ++ :: void (N) :: completionpopup (N) ::CompletionPopup_void_keyTyped__KeyEvent__
BASE_VERB::fit (V) | in screen (N) ++ :: Point (N) :: completionpopup (N) ::CompletionPopup_Point_fitInScreen__Point-Window-int__
BASE_VERB::move (V) | relative (N) ++ :: void (N) :: completionpopup (N) ::CompletionPopup_void_moveRelative__int__
BASE_VERB::move (V) | relative pages (N) ++ :: void (N) :: completionpopup (N) ::CompletionPopup_void_moveRelativePages__int__
BASE_VERB::pass (V) | key event to view (N) ++ :: void (N) :: completionpopup (N) ::CompletionPopup_void_passKeyEventToView__KeyEvent__
SPECIAL::get (V) | size (N) ++ :: int (N) :: completionpopup (N) ::CompletionPopup_int_getSize____
SPECIAL::get (V) | element at (N) ++ :: Object (N) :: completionpopup (N) ::CompletionPopup_Object_getElementAt__int__
SPECIAL::get (V) | list cell renderer component (N) ++ :: Component (N) :: completionpopup (N) ::CompletionPopup_Component_getListCellRendererComponent__JList-Object-int-boolean-boolean__
BASE_VERB::key (V) | pressed (N) ++ :: void (N) :: completionpopup (N) ::CompletionPopup_void_keyPressed__KeyEvent__
BASE_VERB::key (V) | typed (N) ++ :: void (N) :: completionpopup (N) ::CompletionPopup_void_keyTyped__KeyEvent__
BASE_VERB::mouse (V) | clicked (N) ++ :: void (N) :: completionpopup (N) ::CompletionPopup_void_mouseClicked__MouseEvent__
BASE_VERB::window (V) | gained focus (N) ++ :: void (N) :: completionpopup (N) ::CompletionPopup_void_windowGainedFocus__WindowEvent__
BASE_VERB::window (V) | lost focus (N) ++ :: void (N) :: completionpopup (N) ::CompletionPopup_void_windowLostFocus__WindowEvent__
SPECIAL::is (V) | alternate layout (N) ++ :: boolean (N) :: dockablelayout (N) ::DockableLayout_boolean_isAlternateLayout____
SPECIAL::set (V) | alternate layout (N) ++ :: void (N) :: dockablelayout (N) ::DockableLayout_void_setAlternateLayout__boolean__
BASE_VERB::add (V) | layout component (N) ++ :: void (N) :: dockablelayout (N) ::DockableLayout_void_addLayoutComponent__String-Component__
BASE_VERB::add (V) | layout component (N) ++ :: void (N) :: dockablelayout (N) ::DockableLayout_void_addLayoutComponent__Component-Object__
BASE_VERB::remove (V) | layout component (N) ++ :: void (N) :: dockablelayout (N) ::DockableLayout_void_removeLayoutComponent__Component__
BASE_VERB::preferred (V) | layout size (N) ++ :: Dimension (N) :: dockablelayout (N) ::DockableLayout_Dimension_preferredLayoutSize__Container__
BASE_VERB::minimum (V) | layout size (N) ++ :: Dimension (N) :: dockablelayout (N) ::DockableLayout_Dimension_minimumLayoutSize__Container__
BASE_VERB::maximum (V) | layout size (N) ++ :: Dimension (N) :: dockablelayout (N) ::DockableLayout_Dimension_maximumLayoutSize__Container__
BASE_VERB::layout (V) | container (N) ++ :: void (N) :: dockablelayout (N) ::DockableLayout_void_layoutContainer__Container__
BASE_VERB::adjust (V) | docking areas to fit (N) ++ :: intArray (N) :: dockablelayout (N) ::DockableLayout_intArray_adjustDockingAreasToFit__Dimension-int-int-int-int-int-int-int-int-Dimension-Dimension__
SPECIAL::get (V) | layout alignment x (N) ++ :: float (N) :: dockablelayout (N) ::DockableLayout_float_getLayoutAlignmentX__Container__
SPECIAL::get (V) | layout alignment y (N) ++ :: float (N) :: dockablelayout (N) ::DockableLayout_float_getLayoutAlignmentY__Container__
BASE_VERB::invalidate (V) | layout (N) ++ :: void (N) :: dockablelayout (N) ::DockableLayout_void_invalidateLayout__Container__
CONSTRUCTOR::create (V) | window manager (N) ++ :: DockableWindowManager (N) :: dockablewindowmanager (N) ::DockableWindowManager_DockableWindowManager_DockableWindowManager__View-DockableWindowFactory-ViewConfig__
SPECIAL::set (V) | main panel (N) ++ :: void (N) :: dockablewindowmanager (N) ::DockableWindowManager_void_setMainPanel__JPanel__
BASE_VERB::show (V) | dockable window (N) ++ :: void (N) :: dockablewindowmanager (N) ::DockableWindowManager_void_showDockableWindow__String__
BASE_VERB::hide (V) | dockable window (N) ++ :: void (N) :: dockablewindowmanager (N) ::DockableWindowManager_void_hideDockableWindow__String__
BASE_VERB::dispose (V) | dockable window (N) ++ :: void (N) :: dockablewindowmanager (N) ::DockableWindowManager_void_disposeDockableWindow__String__
BASE_VERB::float (V) | dockable window (N) ++ :: JComponent (N) :: dockablewindowmanager (N) ::DockableWindowManager_JComponent_floatDockableWindow__String__
SPECIAL::is (V) | dockable window docked (N) ++ :: boolean (N) :: dockablewindowmanager (N) ::DockableWindowManager_boolean_isDockableWindowDocked__String__
SPECIAL::is (V) | dockable window visible (N) ++ :: boolean (N) :: dockablewindowmanager (N) ::DockableWindowManager_boolean_isDockableWindowVisible__String__
BASE_VERB::close (V) | current area (N) ++ :: void (N) :: dockablewindowmanager (N) ::DockableWindowManager_void_closeCurrentArea____
SPECIAL::get (V) | docking layout (N) ++ :: DockingLayout (N) :: dockablewindowmanager (N) ::DockableWindowManager_DockingLayout_getDockingLayout__ViewConfig__
SPECIAL::get (V) | left docking area (N) ++ :: DockingArea (N) :: dockablewindowmanager (N) ::DockableWindowManager_DockingArea_getLeftDockingArea____
SPECIAL::get (V) | right docking area (N) ++ :: DockingArea (N) :: dockablewindowmanager (N) ::DockableWindowManager_DockingArea_getRightDockingArea____
SPECIAL::get (V) | top docking area (N) ++ :: DockingArea (N) :: dockablewindowmanager (N) ::DockableWindowManager_DockingArea_getTopDockingArea____
SPECIAL::get (V) | bottom docking area (N) ++ :: DockingArea (N) :: dockablewindowmanager (N) ::DockableWindowManager_DockingArea_getBottomDockingArea____
BASE_VERB::init (V) | value (N) ++ :: void (N) :: dockablewindowmanager (N) ::DockableWindowManager_void_init____
BASE_VERB::close (V) | value (N) ++ :: void (N) :: dockablewindowmanager (N) ::DockableWindowManager_void_close____
BASE_VERB::apply (V) | docking layout (N) ++ :: void (N) :: dockablewindowmanager (N) ::DockableWindowManager_void_applyDockingLayout__DockingLayout__
BASE_VERB::add (V) | dockable window (N) ++ :: void (N) :: dockablewindowmanager (N) ::DockableWindowManager_void_addDockableWindow__String__
BASE_VERB::remove (V) | dockable window (N) ++ :: void (N) :: dockablewindowmanager (N) ::DockableWindowManager_void_removeDockableWindow__String__
BASE_VERB::toggle (V) | dockable window (N) ++ :: void (N) :: dockablewindowmanager (N) ::DockableWindowManager_void_toggleDockableWindow__String__
SPECIAL::get (V) | dockable window (N) ++ :: JComponent (N) :: dockablewindowmanager (N) ::DockableWindowManager_JComponent_getDockableWindow__String__
BASE_VERB::toggle (V) | dock areas (N) ++ :: void (N) :: dockablewindowmanager (N) ::DockableWindowManager_void_toggleDockAreas____
BASE_VERB::dockable (V) | title changed (N) ++ :: void (N) :: dockablewindowmanager (N) ::DockableWindowManager_void_dockableTitleChanged__String-String__
BASE_VERB::close (V) | listener (N) ++ :: KeyListener (N) :: dockablewindowmanager (N) ::DockableWindowManager_KeyListener_closeListener__String__
SPECIAL::get (V) | view (N) ++ :: View (N) :: dockablewindowmanager (N) ::DockableWindowManager_View_getView____
SPECIAL::get (V) | dockable (N) ++ :: JComponent (N) :: dockablewindowmanager (N) ::DockableWindowManager_JComponent_getDockable__String__
SPECIAL::get (V) | dockable title (N) ++ :: String (N) :: dockablewindowmanager (N) ::DockableWindowManager_String_getDockableTitle__String__
SPECIAL::set (V) | dockable title (N) ++ :: void (N) :: dockablewindowmanager (N) ::DockableWindowManager_void_setDockableTitle__String-String__
SPECIAL::get (V) | registered dockable windows (N) ++ :: StringArray (N) :: dockablewindowmanager (N) ::DockableWindowManager_StringArray_getRegisteredDockableWindows____
SPECIAL::get (V) | dockable window plugin name (N) ++ :: String (N) :: dockablewindowmanager (N) ::DockableWindowManager_String_getDockableWindowPluginName__String__
SPECIAL::set (V) | docking layout (N) ++ :: void (N) :: dockablewindowmanager (N) ::DockableWindowManager_void_setDockingLayout__DockingLayout__
BASE_VERB::add (V) | plugin dockable (N) ++ :: void (N) :: dockablewindowmanager (N) ::DockableWindowManager_void_addPluginDockable__PluginJAR-String__
BASE_VERB::handle (V) | dockable window update (N) ++ :: void (N) :: dockablewindowmanager (N) ::DockableWindowManager_void_handleDockableWindowUpdate__DockableWindowUpdate__
BASE_VERB::handle (V) | properties changed (N) ++ :: void (N) :: dockablewindowmanager (N) ::DockableWindowManager_void_handlePropertiesChanged__PropertiesChanged__
BASE_VERB::handle (V) | plugin update (N) ++ :: void (N) :: dockablewindowmanager (N) ::DockableWindowManager_void_handlePluginUpdate__PluginUpdate__
BASE_VERB::long (V) | title (N) ++ :: String (N) :: dockablewindowmanager (N) ::DockableWindowManager_String_longTitle__String__
BASE_VERB::short (V) | title (N) ++ :: String (N) :: dockablewindowmanager (N) ::DockableWindowManager_String_shortTitle__String__
BASE_VERB::apply (V) | alternate layout (N) ++ :: void (N) :: dockablewindowmanager (N) ::DockableWindowManager_void_applyAlternateLayout__boolean__
BASE_VERB::dockable (V) | loaded (N) ++ :: void (N) :: dockablewindowmanager (N) ::DockableWindowManager_void_dockableLoaded__String-String__
BASE_VERB::docking (V) | position changed (N) ++ :: void (N) :: dockablewindowmanager (N) ::DockableWindowManager_void_dockingPositionChanged__String-String-String__
SPECIAL::get (V) | alternate layout prop (N) ++ :: boolean (N) :: dockablewindowmanager (N) ::DockableWindowManager_boolean_getAlternateLayoutProp____
BASE_VERB::properties (V) | changed (N) ++ :: void (N) :: dockablewindowmanager (N) ::DockableWindowManager_void_propertiesChanged____
BASE_VERB::create (V) | dockable (N) ++ :: JComponent (N) :: dockablewindowmanager (N) ::DockableWindowManager_JComponent_createDockable__String__
SPECIAL::get (V) | dockable position (N) ++ :: String (N) :: dockablewindowmanager (N) ::DockableWindowManager_String_getDockablePosition__String__
BASE_VERB::focus (V) | dockable (N) ++ :: void (N) :: dockablewindowmanager (N) ::DockableWindowManager_void_focusDockable__String__
SPECIAL::get (V) | long title property name (N) ++ :: String (N) :: dockablewindowmanager (N) ::DockableWindowManager_String_getLongTitlePropertyName__String__
BASE_VERB::show (V) | most recent (N) ++ :: void (N) :: dockablewindowmanager (N) ::DockableWindowManager_void_showMostRecent____
SPECIAL::get (V) | current (N) ++ :: String (N) :: dockablewindowmanager (N) ::DockableWindowManager_String_getCurrent____
BASE_VERB::show (V) | value (N) ++ :: void (N) :: dockablewindowmanager (N) ::DockableWindowManager_void_show__String__
SPECIAL::get (V) | dockables (N) ++ :: StringArray (N) :: dockablewindowmanager (N) ::DockableWindowManager_StringArray_getDockables____
CONSTRUCTOR::create (V) | handler (N) ++ :: DockableWindowManager (N) :: dockablewindowmanager (N) ::DockableWindowManager_DockableWindowManager_KeyHandler__String__
BASE_VERB::key (V) | typed (N) ++ :: void (N) :: dockablewindowmanager (N) ::DockableWindowManager_void_keyTyped__KeyEvent__
BASE_VERB::match (V) | value (N) ++ :: int (N) :: dockablewindowmanager (N) ::DockableWindowManager_int_match__KeyEvent-ListKey-int__
BASE_VERB::parse (V) | shortcut (N) ++ :: ListKey (N) :: dockablewindowmanager (N) ::DockableWindowManager_ListKey_parseShortcut__String__
BASE_VERB::load (V) | layout (N) ++ :: boolean (N) :: dockablewindowmanager (N) ::DockableWindowManager_boolean_loadLayout__String-int__
BASE_VERB::save (V) | layout (N) ++ :: boolean (N) :: dockablewindowmanager (N) ::DockableWindowManager_boolean_saveLayout__String-int__
SPECIAL::get (V) | name (N) ++ :: String (N) :: dockablewindowmanager (N) ::DockableWindowManager_String_getName____
SPECIAL::set (V) | plain view (N) ++ :: void (N) :: dockablewindowmanager (N) ::DockableWindowManager_void_setPlainView__boolean__
BASE_VERB::accept (V) | value (N) ++ :: boolean (N) :: dockablewindowmanager (N) ::DockableWindowManager_boolean_accept__File-String__
SPECIAL::get (V) | saved layouts (N) ++ :: StringArray (N) :: dockablewindowmanager (N) ::DockableWindowManager_StringArray_getSavedLayouts____
BASE_VERB::file (V) | to layout (N) ++ :: String (N) :: dockablewindowmanager (N) ::DockableWindowManager_String_fileToLayout__String__
BASE_VERB::layout (V) | to file (N) ++ :: String (N) :: dockablewindowmanager (N) ::DockableWindowManager_String_layoutToFile__String-int__
SPECIAL::get (V) | layout filename (N) ++ :: String (N) :: dockablewindowmanager (N) ::DockableWindowManager_String_getLayoutFilename__String-int__
SPECIAL::get (V) | layout directory (N) ++ :: String (N) :: dockablewindowmanager (N) ::DockableWindowManager_String_getLayoutDirectory____
BASE_VERB::start (V) | element (N) ++ :: void (N) :: dockablewindowmanagerimpl (N) ::DockableWindowManagerImpl_void_startElement__String-String-String-Attributes__
BASE_VERB::attribute (V) | value (N) ++ :: void (N) :: dockablewindowmanagerimpl (N) ::DockableWindowManagerImpl_void_attribute__String-String__
SPECIAL::get (V) | perspective handler (N) ++ :: DefaultHandler (N) :: dockablewindowmanagerimpl (N) ::DockableWindowManagerImpl_DefaultHandler_getPerspectiveHandler____
BASE_VERB::save (V) | layout (N) ++ :: boolean (N) :: dockablewindowmanagerimpl (N) ::DockableWindowManagerImpl_boolean_saveLayout__String-int__
BASE_VERB::load (V) | layout (N) ++ :: boolean (N) :: dockablewindowmanagerimpl (N) ::DockableWindowManagerImpl_boolean_loadLayout__String-int__
SPECIAL::get (V) | name (N) ++ :: String (N) :: dockablewindowmanagerimpl (N) ::DockableWindowManagerImpl_String_getName____
SPECIAL::set (V) | docking layout (N) ++ :: void (N) :: dockablewindowmanagerimpl (N) ::DockableWindowManagerImpl_void_setDockingLayout__DockingLayout__
SPECIAL::get (V) | docking layout (N) ++ :: DockingLayout (N) :: dockablewindowmanagerimpl (N) ::DockableWindowManagerImpl_DockingLayout_getDockingLayout__ViewConfig__
CONSTRUCTOR::create (V) | window manager impl (N) ++ :: DockableWindowManagerImpl (N) :: dockablewindowmanagerimpl (N) ::DockableWindowManagerImpl_DockableWindowManagerImpl_DockableWindowManagerImpl__View-DockableWindowFactory-View.ViewConfig__
SPECIAL::set (V) | main panel (N) ++ :: void (N) :: dockablewindowmanagerimpl (N) ::DockableWindowManagerImpl_void_setMainPanel__JPanel__
BASE_VERB::init (V) | value (N) ++ :: void (N) :: dockablewindowmanagerimpl (N) ::DockableWindowManagerImpl_void_init____
BASE_VERB::float (V) | dockable window (N) ++ :: JComponent (N) :: dockablewindowmanagerimpl (N) ::DockableWindowManagerImpl_JComponent_floatDockableWindow__String__
BASE_VERB::show (V) | dockable window (N) ++ :: void (N) :: dockablewindowmanagerimpl (N) ::DockableWindowManagerImpl_void_showDockableWindow__String__
BASE_VERB::hide (V) | dockable window (N) ++ :: void (N) :: dockablewindowmanagerimpl (N) ::DockableWindowManagerImpl_void_hideDockableWindow__String__
SPECIAL::get (V) | dockable (N) ++ :: JComponent (N) :: dockablewindowmanagerimpl (N) ::DockableWindowManagerImpl_JComponent_getDockable__String__
SPECIAL::is (V) | dockable window visible (N) ++ :: boolean (N) :: dockablewindowmanagerimpl (N) ::DockableWindowManagerImpl_boolean_isDockableWindowVisible__String__
SPECIAL::is (V) | dockable window docked (N) ++ :: boolean (N) :: dockablewindowmanagerimpl (N) ::DockableWindowManagerImpl_boolean_isDockableWindowDocked__String__
BASE_VERB::run (V) | value (N) ++ :: void (N) :: dockablewindowmanagerimpl (N) ::DockableWindowManagerImpl_void_run____
BASE_VERB::close (V) | current area (N) ++ :: void (N) :: dockablewindowmanagerimpl (N) ::DockableWindowManagerImpl_void_closeCurrentArea____
BASE_VERB::close (V) | value (N) ++ :: void (N) :: dockablewindowmanagerimpl (N) ::DockableWindowManagerImpl_void_close____
SPECIAL::get (V) | top docking area (N) ++ :: PanelWindowContainer (N) :: dockablewindowmanagerimpl (N) ::DockableWindowManagerImpl_PanelWindowContainer_getTopDockingArea____
SPECIAL::get (V) | left docking area (N) ++ :: PanelWindowContainer (N) :: dockablewindowmanagerimpl (N) ::DockableWindowManagerImpl_PanelWindowContainer_getLeftDockingArea____
SPECIAL::get (V) | bottom docking area (N) ++ :: PanelWindowContainer (N) :: dockablewindowmanagerimpl (N) ::DockableWindowManagerImpl_PanelWindowContainer_getBottomDockingArea____
SPECIAL::get (V) | right docking area (N) ++ :: PanelWindowContainer (N) :: dockablewindowmanagerimpl (N) ::DockableWindowManagerImpl_PanelWindowContainer_getRightDockingArea____
BASE_VERB::action (V) | performed (N) ++ :: void (N) :: dockablewindowmanagerimpl (N) ::DockableWindowManagerImpl_void_actionPerformed__ActionEvent__
BASE_VERB::action (V) | performed (N) ++ :: void (N) :: dockablewindowmanagerimpl (N) ::DockableWindowManagerImpl_void_actionPerformed__ActionEvent__
BASE_VERB::action (V) | performed (N) ++ :: void (N) :: dockablewindowmanagerimpl (N) ::DockableWindowManagerImpl_void_actionPerformed__ActionEvent__
BASE_VERB::action (V) | performed (N) ++ :: void (N) :: dockablewindowmanagerimpl (N) ::DockableWindowManagerImpl_void_actionPerformed__ActionEvent__
BASE_VERB::action (V) | performed (N) ++ :: void (N) :: dockablewindowmanagerimpl (N) ::DockableWindowManagerImpl_void_actionPerformed__ActionEvent__
BASE_VERB::create (V) | popup menu (N) ++ :: JPopupMenu (N) :: dockablewindowmanagerimpl (N) ::DockableWindowManagerImpl_JPopupMenu_createPopupMenu__DockableWindowContainer-String-boolean__
BASE_VERB::paint (V) | children (N) ++ :: void (N) :: dockablewindowmanagerimpl (N) ::DockableWindowManagerImpl_void_paintChildren__Graphics__
BASE_VERB::handle (V) | dockable window update (N) ++ :: void (N) :: dockablewindowmanagerimpl (N) ::DockableWindowManagerImpl_void_handleDockableWindowUpdate__DockableWindowUpdate__
BASE_VERB::handle (V) | properties changed (N) ++ :: void (N) :: dockablewindowmanagerimpl (N) ::DockableWindowManagerImpl_void_handlePropertiesChanged__PropertiesChanged__
BASE_VERB::handle (V) | plugin update (N) ++ :: void (N) :: dockablewindowmanagerimpl (N) ::DockableWindowManagerImpl_void_handlePluginUpdate__PluginUpdate__
SPECIAL::set (V) | resize pos (N) ++ :: void (N) :: dockablewindowmanagerimpl (N) ::DockableWindowManagerImpl_void_setResizePos__int-PanelWindowContainer__
BASE_VERB::finish (V) | resizing (N) ++ :: void (N) :: dockablewindowmanagerimpl (N) ::DockableWindowManagerImpl_void_finishResizing____
BASE_VERB::properties (V) | changed (N) ++ :: void (N) :: dockablewindowmanagerimpl (N) ::DockableWindowManagerImpl_void_propertiesChanged____
BASE_VERB::add (V) | entry (N) ++ :: void (N) :: dockablewindowmanagerimpl (N) ::DockableWindowManagerImpl_void_addEntry__DockableWindowFactory.Window__
SPECIAL::get (V) | all plugin entries (N) ++ :: IteratorEntry (N) :: dockablewindowmanagerimpl (N) ::DockableWindowManagerImpl_IteratorEntry_getAllPluginEntries__PluginJAR-boolean__
CONSTRUCTOR::create (V) | value (N) ++ :: DockableWindowManagerImpl (N) :: dockablewindowmanagerimpl (N) ::DockableWindowManagerImpl_DockableWindowManagerImpl_Entry__DockableWindowFactory.Window__
BASE_VERB::long (V) | title (N) ++ :: String (N) :: dockablewindowmanagerimpl (N) ::DockableWindowManagerImpl_String_longTitle____
BASE_VERB::short (V) | title (N) ++ :: String (N) :: dockablewindowmanagerimpl (N) ::DockableWindowManagerImpl_String_shortTitle____
BASE_VERB::label (V) | value (N) ++ :: String (N) :: dockablewindowmanagerimpl (N) ::DockableWindowManagerImpl_String_label____
CONSTRUCTOR::create (V) | value (N) ++ :: DockableWindowManagerImpl (N) :: dockablewindowmanagerimpl (N) ::DockableWindowManagerImpl_DockableWindowManagerImpl_Entry__DockableWindowFactory.Window-String__
BASE_VERB::dispose (V) | dockable window (N) ++ :: void (N) :: dockablewindowmanagerimpl (N) ::DockableWindowManagerImpl_void_disposeDockableWindow__String__
CONSTRUCTOR::create (V) | grid layout (N) ++ :: ExtendedGridLayout (N) :: extendedgridlayout (N) ::ExtendedGridLayout_ExtendedGridLayout_ExtendedGridLayout__int-int-Insets__
CONSTRUCTOR::create (V) | grid layout (N) ++ :: ExtendedGridLayout (N) :: extendedgridlayout (N) ::ExtendedGridLayout_ExtendedGridLayout_ExtendedGridLayout____
BASE_VERB::add (V) | layout component (N) ++ :: void (N) :: extendedgridlayout (N) ::ExtendedGridLayout_void_addLayoutComponent__String-Component__
BASE_VERB::add (V) | layout component (N) ++ :: void (N) :: extendedgridlayout (N) ::ExtendedGridLayout_void_addLayoutComponent__Component-Object__
BASE_VERB::lookup (V) | constraints (N) ++ :: ExtendedGridLayoutConstraints (N) :: extendedgridlayout (N) ::ExtendedGridLayout_ExtendedGridLayoutConstraints_lookupConstraints__Component__
BASE_VERB::remove (V) | layout component (N) ++ :: void (N) :: extendedgridlayout (N) ::ExtendedGridLayout_void_removeLayoutComponent__Component__
SPECIAL::get (V) | layout alignment x (N) ++ :: float (N) :: extendedgridlayout (N) ::ExtendedGridLayout_float_getLayoutAlignmentX__Container__
SPECIAL::get (V) | layout alignment y (N) ++ :: float (N) :: extendedgridlayout (N) ::ExtendedGridLayout_float_getLayoutAlignmentY__Container__
BASE_VERB::minimum (V) | layout size (N) ++ :: Dimension (N) :: extendedgridlayout (N) ::ExtendedGridLayout_Dimension_minimumLayoutSize__Container__
BASE_VERB::preferred (V) | layout size (N) ++ :: Dimension (N) :: extendedgridlayout (N) ::ExtendedGridLayout_Dimension_preferredLayoutSize__Container__
BASE_VERB::maximum (V) | layout size (N) ++ :: Dimension (N) :: extendedgridlayout (N) ::ExtendedGridLayout_Dimension_maximumLayoutSize__Container__
BASE_VERB::invalidate (V) | layout (N) ++ :: void (N) :: extendedgridlayout (N) ::ExtendedGridLayout_void_invalidateLayout__Container__
BASE_VERB::layout (V) | container (N) ++ :: void (N) :: extendedgridlayout (N) ::ExtendedGridLayout_void_layoutContainer__Container__
BASE_VERB::redistribute (V) | space (N) ++ :: void (N) :: extendedgridlayout (N) ::ExtendedGridLayout_void_redistributeSpace__int-int-int-int-intArray-intArray-intArray__
SPECIAL::get (V) | size (N) ++ :: Dimension (N) :: extendedgridlayout (N) ::ExtendedGridLayout_Dimension_getSize__Container-LayoutSize-boolean-Dimension-ListListExtendedGridLayoutConstraints-SetExtendedGridLayoutConstraints-SetExtendedGridLayoutConstraints-intArrayArray__
BASE_VERB::build (V) | grid (N) ++ :: Dimension (N) :: extendedgridlayout (N) ::ExtendedGridLayout_Dimension_buildGrid__Container-ListListExtendedGridLayoutConstraints-SetExtendedGridLayoutConstraints-SetExtendedGridLayoutConstraints__
BASE_VERB::to (V) | string (N) ++ :: String (N) :: extendedgridlayout (N) ::ExtendedGridLayout_String_toString____
CONSTRUCTOR::create (V) | grid layout constraints (N) ++ :: ExtendedGridLayoutConstraints (N) :: extendedgridlayoutconstraints (N) ::ExtendedGridLayoutConstraints_ExtendedGridLayoutConstraints_ExtendedGridLayoutConstraints__Component__
CONSTRUCTOR::create (V) | grid layout constraints (N) ++ :: ExtendedGridLayoutConstraints (N) :: extendedgridlayoutconstraints (N) ::ExtendedGridLayoutConstraints_ExtendedGridLayoutConstraints_ExtendedGridLayoutConstraints__int-Component__
CONSTRUCTOR::create (V) | grid layout constraints (N) ++ :: ExtendedGridLayoutConstraints (N) :: extendedgridlayoutconstraints (N) ::ExtendedGridLayoutConstraints_ExtendedGridLayoutConstraints_ExtendedGridLayoutConstraints__int-int-int-Component__
CONSTRUCTOR::create (V) | grid layout constraints (N) ++ :: ExtendedGridLayoutConstraints (N) :: extendedgridlayoutconstraints (N) ::ExtendedGridLayoutConstraints_ExtendedGridLayoutConstraints_ExtendedGridLayoutConstraints__int-int-int-int-Component-boolean-ExtendedGridLayoutConstraints__
SPECIAL::get (V) | colspan placeholder (N) ++ :: ExtendedGridLayoutConstraints (N) :: extendedgridlayoutconstraints (N) ::ExtendedGridLayoutConstraints_ExtendedGridLayoutConstraints_getColspanPlaceholder__boolean__
SPECIAL::get (V) | rowspan placeholder (N) ++ :: ExtendedGridLayoutConstraints (N) :: extendedgridlayoutconstraints (N) ::ExtendedGridLayoutConstraints_ExtendedGridLayoutConstraints_getRowspanPlaceholder__boolean__
SPECIAL::get (V) | row (N) ++ :: int (N) :: extendedgridlayoutconstraints (N) ::ExtendedGridLayoutConstraints_int_getRow____
SPECIAL::get (V) | col (N) ++ :: int (N) :: extendedgridlayoutconstraints (N) ::ExtendedGridLayoutConstraints_int_getCol____
SPECIAL::set (V) | col (N) ++ :: void (N) :: extendedgridlayoutconstraints (N) ::ExtendedGridLayoutConstraints_void_setCol__int__
SPECIAL::get (V) | colspan (N) ++ :: int (N) :: extendedgridlayoutconstraints (N) ::ExtendedGridLayoutConstraints_int_getColspan____
SPECIAL::get (V) | effective colspan (N) ++ :: int (N) :: extendedgridlayoutconstraints (N) ::ExtendedGridLayoutConstraints_int_getEffectiveColspan____
SPECIAL::get (V) | rowspan (N) ++ :: int (N) :: extendedgridlayoutconstraints (N) ::ExtendedGridLayoutConstraints_int_getRowspan____
SPECIAL::get (V) | effective rowspan (N) ++ :: int (N) :: extendedgridlayoutconstraints (N) ::ExtendedGridLayoutConstraints_int_getEffectiveRowspan____
SPECIAL::get (V) | component (N) ++ :: Component (N) :: extendedgridlayoutconstraints (N) ::ExtendedGridLayoutConstraints_Component_getComponent____
SPECIAL::is (V) | placeholder (N) ++ :: boolean (N) :: extendedgridlayoutconstraints (N) ::ExtendedGridLayoutConstraints_boolean_isPlaceholder____
SPECIAL::get (V) | work copy (N) ++ :: ExtendedGridLayoutConstraints (N) :: extendedgridlayoutconstraints (N) ::ExtendedGridLayoutConstraints_ExtendedGridLayoutConstraints_getWorkCopy____
BASE_VERB::equals (V) | value (N) ++ :: boolean (N) :: extendedgridlayoutconstraints (N) ::ExtendedGridLayoutConstraints_boolean_equals__Object__
BASE_VERB::hash (V) | code (N) ++ :: int (N) :: extendedgridlayoutconstraints (N) ::ExtendedGridLayoutConstraints_int_hashCode____
BASE_VERB::to (V) | string (N) ++ :: String (N) :: extendedgridlayoutconstraints (N) ::ExtendedGridLayoutConstraints_String_toString____
CONSTRUCTOR::create (V) | list model (N) ++ :: FilteredListModel (N) :: filteredlistmodel (N) ::FilteredListModel_FilteredListModel_FilteredListModel__E__
SPECIAL::set (V) | list (N) ++ :: void (N) :: filteredlistmodel (N) ::FilteredListModel_void_setList__JList__
SPECIAL::get (V) | delegated (N) ++ :: E (N) :: filteredlistmodel (N) ::FilteredListModel_E_getDelegated____
SPECIAL::set (V) | delegated (N) ++ :: void (N) :: filteredlistmodel (N) ::FilteredListModel_void_setDelegated__E__
BASE_VERB::reset (V) | filter (N) ++ :: void (N) :: filteredlistmodel (N) ::FilteredListModel_void_resetFilter____
BASE_VERB::run (V) | value (N) ++ :: void (N) :: filteredlistmodel (N) ::FilteredListModel_void_run____
SPECIAL::set (V) | filter (N) ++ :: void (N) :: filteredlistmodel (N) ::FilteredListModel_void_setFilter__String__
BASE_VERB::prepare (V) | filter (N) ++ :: String (N) :: filteredlistmodel (N) ::FilteredListModel_String_prepareFilter__String__
BASE_VERB::pass (V) | filter (N) ++ :: boolean (N) :: filteredlistmodel (N) ::FilteredListModel_boolean_passFilter__int-String__
BASE_VERB::save (V) | selection (N) ++ :: SetInteger (N) :: filteredlistmodel (N) ::FilteredListModel_SetInteger_saveSelection____
BASE_VERB::restore (V) | selection (N) ++ :: void (N) :: filteredlistmodel (N) ::FilteredListModel_void_restoreSelection__SetInteger__
SPECIAL::get (V) | true row (N) ++ :: int (N) :: filteredlistmodel (N) ::FilteredListModel_int_getTrueRow__int__
SPECIAL::get (V) | internal2external row (N) ++ :: int (N) :: filteredlistmodel (N) ::FilteredListModel_int_getInternal2ExternalRow__int__
SPECIAL::get (V) | element at (N) ++ :: Object (N) :: filteredlistmodel (N) ::FilteredListModel_Object_getElementAt__int__
SPECIAL::get (V) | size (N) ++ :: int (N) :: filteredlistmodel (N) ::FilteredListModel_int_getSize____
BASE_VERB::contents (V) | changed (N) ++ :: void (N) :: filteredlistmodel (N) ::FilteredListModel_void_contentsChanged__ListDataEvent__
BASE_VERB::interval (V) | added (N) ++ :: void (N) :: filteredlistmodel (N) ::FilteredListModel_void_intervalAdded__ListDataEvent__
BASE_VERB::interval (V) | removed (N) ++ :: void (N) :: filteredlistmodel (N) ::FilteredListModel_void_intervalRemoved__ListDataEvent__
CONSTRUCTOR::create (V) | table model (N) ++ :: FilteredTableModel (N) :: filteredtablemodel (N) ::FilteredTableModel_FilteredTableModel_FilteredTableModel__E__
CONSTRUCTOR::create (V) | table model (N) ++ :: FilteredTableModel (N) :: filteredtablemodel (N) ::FilteredTableModel_FilteredTableModel_FilteredTableModel____
SPECIAL::set (V) | table (N) ++ :: void (N) :: filteredtablemodel (N) ::FilteredTableModel_void_setTable__JTable__
SPECIAL::get (V) | delegated (N) ++ :: E (N) :: filteredtablemodel (N) ::FilteredTableModel_E_getDelegated____
SPECIAL::set (V) | delegated (N) ++ :: void (N) :: filteredtablemodel (N) ::FilteredTableModel_void_setDelegated__E__
BASE_VERB::reset (V) | filter (N) ++ :: void (N) :: filteredtablemodel (N) ::FilteredTableModel_void_resetFilter____
SPECIAL::set (V) | filter (N) ++ :: void (N) :: filteredtablemodel (N) ::FilteredTableModel_void_setFilter__String__
BASE_VERB::prepare (V) | filter (N) ++ :: String (N) :: filteredtablemodel (N) ::FilteredTableModel_String_prepareFilter__String__
BASE_VERB::pass (V) | filter (N) ++ :: boolean (N) :: filteredtablemodel (N) ::FilteredTableModel_boolean_passFilter__int-String__
BASE_VERB::save (V) | selection (N) ++ :: SetInteger (N) :: filteredtablemodel (N) ::FilteredTableModel_SetInteger_saveSelection____
BASE_VERB::restore (V) | selection (N) ++ :: void (N) :: filteredtablemodel (N) ::FilteredTableModel_void_restoreSelection__SetInteger__
SPECIAL::get (V) | row count (N) ++ :: int (N) :: filteredtablemodel (N) ::FilteredTableModel_int_getRowCount____
SPECIAL::get (V) | column count (N) ++ :: int (N) :: filteredtablemodel (N) ::FilteredTableModel_int_getColumnCount____
SPECIAL::get (V) | column name (N) ++ :: String (N) :: filteredtablemodel (N) ::FilteredTableModel_String_getColumnName__int__
SPECIAL::get (V) | column class (N) ++ :: Class (N) :: filteredtablemodel (N) ::FilteredTableModel_Class_getColumnClass__int__
SPECIAL::is (V) | cell editable (N) ++ :: boolean (N) :: filteredtablemodel (N) ::FilteredTableModel_boolean_isCellEditable__int-int__
SPECIAL::get (V) | value at (N) ++ :: Object (N) :: filteredtablemodel (N) ::FilteredTableModel_Object_getValueAt__int-int__
SPECIAL::set (V) | value at (N) ++ :: void (N) :: filteredtablemodel (N) ::FilteredTableModel_void_setValueAt__Object-int-int__
SPECIAL::get (V) | true row (N) ++ :: int (N) :: filteredtablemodel (N) ::FilteredTableModel_int_getTrueRow__int__
SPECIAL::get (V) | internal2external row (N) ++ :: int (N) :: filteredtablemodel (N) ::FilteredTableModel_int_getInternal2ExternalRow__int__
BASE_VERB::table (V) | changed (N) ++ :: void (N) :: filteredtablemodel (N) ::FilteredTableModel_void_tableChanged__TableModelEvent__
CONSTRUCTOR::create (V) | model (N) ++ :: HistoryModel (N) :: historymodel (N) ::HistoryModel_HistoryModel_HistoryModel__String__
BASE_VERB::add (V) | item (N) ++ :: void (N) :: historymodel (N) ::HistoryModel_void_addItem__String__
BASE_VERB::insert (V) | element at (N) ++ :: void (N) :: historymodel (N) ::HistoryModel_void_insertElementAt__Object-int__
SPECIAL::get (V) | item (N) ++ :: String (N) :: historymodel (N) ::HistoryModel_String_getItem__int__
BASE_VERB::remove (V) | element (N) ++ :: boolean (N) :: historymodel (N) ::HistoryModel_boolean_removeElement__Object__
BASE_VERB::remove (V) | all elements (N) ++ :: void (N) :: historymodel (N) ::HistoryModel_void_removeAllElements____
SPECIAL::get (V) | name (N) ++ :: String (N) :: historymodel (N) ::HistoryModel_String_getName____
SPECIAL::get (V) | model (N) ++ :: HistoryModel (N) :: historymodel (N) ::HistoryModel_HistoryModel_getModel__String__
BASE_VERB::load (V) | history (N) ++ :: void (N) :: historymodel (N) ::HistoryModel_void_loadHistory____
BASE_VERB::save (V) | history (N) ++ :: void (N) :: historymodel (N) ::HistoryModel_void_saveHistory____
SPECIAL::set (V) | max (N) ++ :: void (N) :: historymodel (N) ::HistoryModel_void_setMax__int__
SPECIAL::get (V) | max (N) ++ :: int (N) :: historymodel (N) ::HistoryModel_int_getMax____
SPECIAL::set (V) | max size (N) ++ :: void (N) :: historymodel (N) ::HistoryModel_void_setMaxSize__int__
SPECIAL::get (V) | max size (N) ++ :: int (N) :: historymodel (N) ::HistoryModel_int_getMaxSize____
SPECIAL::set (V) | default max (N) ++ :: void (N) :: historymodel (N) ::HistoryModel_void_setDefaultMax__int__
SPECIAL::get (V) | default max (N) ++ :: int (N) :: historymodel (N) ::HistoryModel_int_getDefaultMax____
SPECIAL::set (V) | default max size (N) ++ :: void (N) :: historymodel (N) ::HistoryModel_void_setDefaultMaxSize__int__
SPECIAL::get (V) | default max size (N) ++ :: int (N) :: historymodel (N) ::HistoryModel_int_getDefaultMaxSize____
SPECIAL::set (V) | saver (N) ++ :: void (N) :: historymodel (N) ::HistoryModel_void_setSaver__HistoryModelSaver__
SPECIAL::get (V) | current size (N) ++ :: int (N) :: historymodel (N) ::HistoryModel_int_getCurrentSize____
CONSTRUCTOR::create (V) | text (N) ++ :: HistoryText (N) :: historytext (N) ::HistoryText_HistoryText_HistoryText__JTextComponent-String__
BASE_VERB::fire (V) | action performed (N) ++ :: void (N) :: historytext (N) ::HistoryText_void_fireActionPerformed____
SPECIAL::get (V) | index (N) ++ :: int (N) :: historytext (N) ::HistoryText_int_getIndex____
SPECIAL::set (V) | index (N) ++ :: void (N) :: historytext (N) ::HistoryText_void_setIndex__int__
SPECIAL::get (V) | model (N) ++ :: HistoryModel (N) :: historytext (N) ::HistoryText_HistoryModel_getModel____
SPECIAL::set (V) | model (N) ++ :: void (N) :: historytext (N) ::HistoryText_void_setModel__String__
SPECIAL::set (V) | instant popups (N) ++ :: void (N) :: historytext (N) ::HistoryText_void_setInstantPopups__boolean__
SPECIAL::get (V) | instant popups (N) ++ :: boolean (N) :: historytext (N) ::HistoryText_boolean_getInstantPopups____
BASE_VERB::add (V) | current to history (N) ++ :: void (N) :: historytext (N) ::HistoryText_void_addCurrentToHistory____
BASE_VERB::do (V) | backward search (N) ++ :: void (N) :: historytext (N) ::HistoryText_void_doBackwardSearch____
BASE_VERB::do (V) | forward search (N) ++ :: void (N) :: historytext (N) ::HistoryText_void_doForwardSearch____
BASE_VERB::history (V) | previous (N) ++ :: void (N) :: historytext (N) ::HistoryText_void_historyPrevious____
BASE_VERB::history (V) | next (N) ++ :: void (N) :: historytext (N) ::HistoryText_void_historyNext____
SPECIAL::get (V) | document (N) ++ :: Document (N) :: historytext (N) ::HistoryText_Document_getDocument____
SPECIAL::get (V) | text (N) ++ :: String (N) :: historytext (N) ::HistoryText_String_getText____
SPECIAL::set (V) | text (N) ++ :: void (N) :: historytext (N) ::HistoryText_void_setText__String__
SPECIAL::get (V) | input start (N) ++ :: int (N) :: historytext (N) ::HistoryText_int_getInputStart____
SPECIAL::set (V) | visible (N) ++ :: void (N) :: historytext (N) ::HistoryText_void_setVisible__boolean__
BASE_VERB::action (V) | performed (N) ++ :: void (N) :: historytext (N) ::HistoryText_void_actionPerformed__ActionEvent__
BASE_VERB::show (V) | popup menu (N) ++ :: void (N) :: historytext (N) ::HistoryText_void_showPopupMenu__String-int-int__
BASE_VERB::show (V) | popup menu (N) ++ :: void (N) :: historytext (N) ::HistoryText_void_showPopupMenu__boolean__
BASE_VERB::action (V) | performed (N) ++ :: void (N) :: historytext (N) ::HistoryText_void_actionPerformed__ActionEvent__
CONSTRUCTOR::create (V) | text field (N) ++ :: HistoryTextField (N) :: historytextfield (N) ::HistoryTextField_HistoryTextField_HistoryTextField____
CONSTRUCTOR::create (V) | text field (N) ++ :: HistoryTextField (N) :: historytextfield (N) ::HistoryTextField_HistoryTextField_HistoryTextField__String__
CONSTRUCTOR::create (V) | text field (N) ++ :: HistoryTextField (N) :: historytextfield (N) ::HistoryTextField_HistoryTextField_HistoryTextField__String-boolean__
BASE_VERB::fire (V) | action performed (N) ++ :: void (N) :: historytextfield (N) ::HistoryTextField_void_fireActionPerformed____
CONSTRUCTOR::create (V) | text field (N) ++ :: HistoryTextField (N) :: historytextfield (N) ::HistoryTextField_HistoryTextField_HistoryTextField__String-boolean-boolean__
SPECIAL::set (V) | instant popups (N) ++ :: void (N) :: historytextfield (N) ::HistoryTextField_void_setInstantPopups__boolean__
SPECIAL::get (V) | instant popups (N) ++ :: boolean (N) :: historytextfield (N) ::HistoryTextField_boolean_getInstantPopups____
SPECIAL::set (V) | enter adds to history (N) ++ :: void (N) :: historytextfield (N) ::HistoryTextField_void_setEnterAddsToHistory__boolean__
SPECIAL::set (V) | enter adds to history (N) ++ :: boolean (N) :: historytextfield (N) ::HistoryTextField_boolean_setEnterAddsToHistory____
SPECIAL::set (V) | select all on focus (N) ++ :: void (N) :: historytextfield (N) ::HistoryTextField_void_setSelectAllOnFocus__boolean__
SPECIAL::set (V) | select all on focus (N) ++ :: boolean (N) :: historytextfield (N) ::HistoryTextField_boolean_setSelectAllOnFocus____
SPECIAL::get (V) | model (N) ++ :: HistoryModel (N) :: historytextfield (N) ::HistoryTextField_HistoryModel_getModel____
SPECIAL::set (V) | model (N) ++ :: void (N) :: historytextfield (N) ::HistoryTextField_void_setModel__String__
BASE_VERB::add (V) | current to history (N) ++ :: void (N) :: historytextfield (N) ::HistoryTextField_void_addCurrentToHistory____
SPECIAL::set (V) | text (N) ++ :: void (N) :: historytextfield (N) ::HistoryTextField_void_setText__String__
BASE_VERB::fire (V) | action performed (N) ++ :: void (N) :: historytextfield (N) ::HistoryTextField_void_fireActionPerformed____
BASE_VERB::process (V) | key event (N) ++ :: void (N) :: historytextfield (N) ::HistoryTextField_void_processKeyEvent__KeyEvent__
BASE_VERB::process (V) | mouse event (N) ++ :: void (N) :: historytextfield (N) ::HistoryTextField_void_processMouseEvent__MouseEvent__
BASE_VERB::mouse (V) | pressed (N) ++ :: void (N) :: historytextfield (N) ::HistoryTextField_void_mousePressed__MouseEvent__
BASE_VERB::run (V) | value (N) ++ :: void (N) :: historytextfield (N) ::HistoryTextField_void_run____
BASE_VERB::mouse (V) | released (N) ++ :: void (N) :: historytextfield (N) ::HistoryTextField_void_mouseReleased__MouseEvent__
BASE_VERB::mouse (V) | moved (N) ++ :: void (N) :: historytextfield (N) ::HistoryTextField_void_mouseMoved__MouseEvent__
BASE_VERB::mouse (V) | dragged (N) ++ :: void (N) :: historytextfield (N) ::HistoryTextField_void_mouseDragged__MouseEvent__
BASE_VERB::paint (V) | border (N) ++ :: void (N) :: historytextfield (N) ::HistoryTextField_void_paintBorder__Component-Graphics-int-int-int-int__
SPECIAL::get (V) | border insets (N) ++ :: Insets (N) :: historytextfield (N) ::HistoryTextField_Insets_getBorderInsets__Component__
CONSTRUCTOR::create (V) | handler (N) ++ :: InputHandler (N) :: inputhandler (N) ::InputHandler_InputHandler_InputHandler__View__
BASE_VERB::handle (V) | key (N) ++ :: boolean (N) :: inputhandler (N) ::InputHandler_boolean_handleKey__KeyEventTranslator.Key__
BASE_VERB::process (V) | key event (N) ++ :: void (N) :: inputhandler (N) ::InputHandler_void_processKeyEvent__KeyEvent-int-boolean__
BASE_VERB::preprocess (V) | key event (N) ++ :: KeyEvent (N) :: inputhandler (N) ::InputHandler_KeyEvent__preprocessKeyEvent__KeyEvent__
BASE_VERB::process (V) | key event sub (N) ++ :: void (N) :: inputhandler (N) ::InputHandler_void_processKeyEventSub__boolean__
SPECIAL::get (V) | repeat count (N) ++ :: int (N) :: inputhandler (N) ::InputHandler_int_getRepeatCount____
SPECIAL::set (V) | repeat count (N) ++ :: void (N) :: inputhandler (N) ::InputHandler_void_setRepeatCount__int__
SPECIAL::get (V) | last action (N) ++ :: EditAction (N) :: inputhandler (N) ::InputHandler_EditAction_getLastAction____
BASE_VERB::read (V) | next char (N) ++ :: void (N) :: inputhandler (N) ::InputHandler_void_readNextChar__String-String__
BASE_VERB::invoke (V) | action (N) ++ :: void (N) :: inputhandler (N) ::InputHandler_void_invokeAction__String__
BASE_VERB::invoke (V) | action (N) ++ :: void (N) :: inputhandler (N) ::InputHandler_void_invokeAction__EditAction__
BASE_VERB::invoke (V) | last action (N) ++ :: void (N) :: inputhandler (N) ::InputHandler_void_invokeLastAction____
BASE_VERB::user (V) | input (N) ++ :: void (N) :: inputhandler (N) ::InputHandler_void_userInput__char__
BASE_VERB::invoke (V) | read next char (N) ++ :: void (N) :: inputhandler (N) ::InputHandler_void_invokeReadNextChar__char__
BASE_VERB::changed (V) | update (N) ++ :: void (N) :: logviewer (N) ::LogViewer_void_changedUpdate__DocumentEvent__
BASE_VERB::insert (V) | update (N) ++ :: void (N) :: logviewer (N) ::LogViewer_void_insertUpdate__DocumentEvent__
BASE_VERB::remove (V) | update (N) ++ :: void (N) :: logviewer (N) ::LogViewer_void_removeUpdate__DocumentEvent__
BASE_VERB::action (V) | performed (N) ++ :: void (N) :: logviewer (N) ::LogViewer_void_actionPerformed__ActionEvent__
CONSTRUCTOR::create (V) | viewer (N) ++ :: LogViewer (N) :: logviewer (N) ::LogViewer_LogViewer_LogViewer____
SPECIAL::set (V) | bounds (N) ++ :: void (N) :: logviewer (N) ::LogViewer_void_setBounds__int-int-int-int__
BASE_VERB::handle (V) | properties changed (N) ++ :: void (N) :: logviewer (N) ::LogViewer_void_handlePropertiesChanged__PropertiesChanged__
BASE_VERB::add (V) | notify (N) ++ :: void (N) :: logviewer (N) ::LogViewer_void_addNotify____
BASE_VERB::remove (V) | notify (N) ++ :: void (N) :: logviewer (N) ::LogViewer_void_removeNotify____
BASE_VERB::focus (V) | on default component (N) ++ :: void (N) :: logviewer (N) ::LogViewer_void_focusOnDefaultComponent____
SPECIAL::set (V) | filter (N) ++ :: void (N) :: logviewer (N) ::LogViewer_void_setFilter____
BASE_VERB::properties (V) | changed (N) ++ :: void (N) :: logviewer (N) ::LogViewer_void_propertiesChanged____
BASE_VERB::scroll (V) | to tail (N) ++ :: void (N) :: logviewer (N) ::LogViewer_void_scrollToTail____
BASE_VERB::run (V) | value (N) ++ :: void (N) :: logviewer (N) ::LogViewer_void_run____
BASE_VERB::scroll (V) | later if required (N) ++ :: void (N) :: logviewer (N) ::LogViewer_void_scrollLaterIfRequired____
BASE_VERB::action (V) | performed (N) ++ :: void (N) :: logviewer (N) ::LogViewer_void_actionPerformed__ActionEvent__
BASE_VERB::interval (V) | added (N) ++ :: void (N) :: logviewer (N) ::LogViewer_void_intervalAdded__ListDataEvent__
BASE_VERB::interval (V) | removed (N) ++ :: void (N) :: logviewer (N) ::LogViewer_void_intervalRemoved__ListDataEvent__
BASE_VERB::contents (V) | changed (N) ++ :: void (N) :: logviewer (N) ::LogViewer_void_contentsChanged__ListDataEvent__
CONSTRUCTOR::create (V) | list (N) ++ :: LogViewer (N) :: logviewer (N) ::LogViewer_LogViewer_LogList__ListModel__
BASE_VERB::process (V) | mouse event (N) ++ :: void (N) :: logviewer (N) ::LogViewer_void_processMouseEvent__MouseEvent__
BASE_VERB::process (V) | mouse motion event (N) ++ :: void (N) :: logviewer (N) ::LogViewer_void_processMouseMotionEvent__MouseEvent__
SPECIAL::get (V) | list cell renderer component (N) ++ :: Component (N) :: logviewer (N) ::LogViewer_Component_getListCellRendererComponent__JList-Object-int-boolean-boolean__
CONSTRUCTOR::create (V) | filtered list model (N) ++ :: LogViewer (N) :: logviewer (N) ::LogViewer_LogViewer_MyFilteredListModel__ListModel__
BASE_VERB::prepare (V) | filter (N) ++ :: String (N) :: logviewer (N) ::LogViewer_String_prepareFilter__String__
BASE_VERB::pass (V) | filter (N) ++ :: boolean (N) :: logviewer (N) ::LogViewer_boolean_passFilter__int-String__
BASE_VERB::action (V) | performed (N) ++ :: void (N) :: logviewer (N) ::LogViewer_void_actionPerformed__ActionEvent__
BASE_VERB::action (V) | performed (N) ++ :: void (N) :: logviewer (N) ::LogViewer_void_actionPerformed__ActionEvent__
BASE_VERB::init (V) | value (N) ++ :: void (N) :: logviewer (N) ::LogViewer_void__init____
BASE_VERB::save (V) | value (N) ++ :: void (N) :: logviewer (N) ::LogViewer_void__save____
CONSTRUCTOR::create (V) | settings (N) ++ :: LogViewer (N) :: logviewer (N) ::LogViewer_LogViewer_LogSettings____
CONSTRUCTOR::create (V) | dialog (N) ++ :: OptionsDialog (N) :: optionsdialog (N) ::OptionsDialog_OptionsDialog_OptionsDialog__Frame-String-String__
CONSTRUCTOR::create (V) | dialog (N) ++ :: OptionsDialog (N) :: optionsdialog (N) ::OptionsDialog_OptionsDialog_OptionsDialog__Dialog-String-String__
BASE_VERB::add (V) | option group (N) ++ :: void (N) :: optionsdialog (N) ::OptionsDialog_void_addOptionGroup__OptionGroup__
BASE_VERB::add (V) | option pane (N) ++ :: void (N) :: optionsdialog (N) ::OptionsDialog_void_addOptionPane__OptionPane__
BASE_VERB::ok (V) | value (N) ++ :: void (N) :: optionsdialog (N) ::OptionsDialog_void_ok____
BASE_VERB::cancel (V) | value (N) ++ :: void (N) :: optionsdialog (N) ::OptionsDialog_void_cancel____
BASE_VERB::ok (V) | value (N) ++ :: void (N) :: optionsdialog (N) ::OptionsDialog_void_ok__boolean__
BASE_VERB::dispose (V) | value (N) ++ :: void (N) :: optionsdialog (N) ::OptionsDialog_void_dispose____
BASE_VERB::action (V) | performed (N) ++ :: void (N) :: optionsdialog (N) ::OptionsDialog_void_actionPerformed__ActionEvent__
BASE_VERB::value (V) | changed (N) ++ :: void (N) :: optionsdialog (N) ::OptionsDialog_void_valueChanged__TreeSelectionEvent__
BASE_VERB::create (V) | option tree model (N) ++ :: OptionTreeModel (N) :: optionsdialog (N) ::OptionsDialog_OptionTreeModel_createOptionTreeModel____
SPECIAL::get (V) | default group (N) ++ :: OptionGroup (N) :: optionsdialog (N) ::OptionsDialog_OptionGroup_getDefaultGroup____
BASE_VERB::init (V) | value (N) ++ :: void (N) :: optionsdialog (N) ::OptionsDialog_void_init__String-String__
BASE_VERB::select (V) | pane (N) ++ :: boolean (N) :: optionsdialog (N) ::OptionsDialog_boolean_selectPane__OptionGroup-String__
BASE_VERB::select (V) | pane (N) ++ :: boolean (N) :: optionsdialog (N) ::OptionsDialog_boolean_selectPane__OptionGroup-String-ListObject__
BASE_VERB::save (V) | value (N) ++ :: void (N) :: optionsdialog (N) ::OptionsDialog_void_save__Object__
BASE_VERB::update (V) | size (N) ++ :: void (N) :: optionsdialog (N) ::OptionsDialog_void_updateSize____
CONSTRUCTOR::create (V) | name renderer (N) ++ :: OptionsDialog (N) :: optionsdialog (N) ::OptionsDialog_OptionsDialog_PaneNameRenderer____
BASE_VERB::new (V) | instance (N) ++ :: TreeCellRenderer (N) :: optionsdialog (N) ::OptionsDialog_TreeCellRenderer_newInstance____
BASE_VERB::configure (V) | tree cell renderer component (N) ++ :: void (N) :: optionsdialog (N) ::OptionsDialog_void_configureTreeCellRendererComponent__JTree-Object-boolean-boolean-boolean-int-boolean__
CONSTRUCTOR::create (V) | tree model (N) ++ :: OptionsDialog (N) :: optionsdialog (N) ::OptionsDialog_OptionsDialog_OptionTreeModel____
CONSTRUCTOR::create (V) | tree model (N) ++ :: OptionsDialog (N) :: optionsdialog (N) ::OptionsDialog_OptionsDialog_OptionTreeModel__OptionGroup__
BASE_VERB::add (V) | tree model listener (N) ++ :: void (N) :: optionsdialog (N) ::OptionsDialog_void_addTreeModelListener__TreeModelListener__
BASE_VERB::remove (V) | tree model listener (N) ++ :: void (N) :: optionsdialog (N) ::OptionsDialog_void_removeTreeModelListener__TreeModelListener__
SPECIAL::get (V) | child (N) ++ :: Object (N) :: optionsdialog (N) ::OptionsDialog_Object_getChild__Object-int__
SPECIAL::get (V) | child count (N) ++ :: int (N) :: optionsdialog (N) ::OptionsDialog_int_getChildCount__Object__
SPECIAL::get (V) | index of child (N) ++ :: int (N) :: optionsdialog (N) ::OptionsDialog_int_getIndexOfChild__Object-Object__
SPECIAL::get (V) | root (N) ++ :: Object (N) :: optionsdialog (N) ::OptionsDialog_Object_getRoot____
SPECIAL::is (V) | leaf (N) ++ :: boolean (N) :: optionsdialog (N) ::OptionsDialog_boolean_isLeaf__Object__
BASE_VERB::value (V) | for path changed (N) ++ :: void (N) :: optionsdialog (N) ::OptionsDialog_void_valueForPathChanged__TreePath-Object__
BASE_VERB::fire (V) | nodes changed (N) ++ :: void (N) :: optionsdialog (N) ::OptionsDialog_void_fireNodesChanged__Object-ObjectArray-intArray-ObjectArray__
BASE_VERB::fire (V) | nodes inserted (N) ++ :: void (N) :: optionsdialog (N) ::OptionsDialog_void_fireNodesInserted__Object-ObjectArray-intArray-ObjectArray__
BASE_VERB::fire (V) | nodes removed (N) ++ :: void (N) :: optionsdialog (N) ::OptionsDialog_void_fireNodesRemoved__Object-ObjectArray-intArray-ObjectArray__
BASE_VERB::fire (V) | tree structure changed (N) ++ :: void (N) :: optionsdialog (N) ::OptionsDialog_void_fireTreeStructureChanged__Object-ObjectArray-intArray-ObjectArray__
CONSTRUCTOR::create (V) | window container (N) ++ :: PanelWindowContainer (N) :: panelwindowcontainer (N) ::PanelWindowContainer_PanelWindowContainer_PanelWindowContainer__DockableWindowManagerImpl-String-int__
SPECIAL::get (V) | dockable window manager (N) ++ :: DockableWindowManagerImpl (N) :: panelwindowcontainer (N) ::PanelWindowContainer_DockableWindowManagerImpl_getDockableWindowManager____
BASE_VERB::register (V) | value (N) ++ :: void (N) :: panelwindowcontainer (N) ::PanelWindowContainer_void_register__DockableWindowManagerImpl.Entry__
BASE_VERB::unregister (V) | value (N) ++ :: void (N) :: panelwindowcontainer (N) ::PanelWindowContainer_void_unregister__DockableWindowManagerImpl.Entry__
BASE_VERB::remove (V) | value (N) ++ :: void (N) :: panelwindowcontainer (N) ::PanelWindowContainer_void_remove__DockableWindowManagerImpl.Entry__
BASE_VERB::show (V) | most recent (N) ++ :: void (N) :: panelwindowcontainer (N) ::PanelWindowContainer_void_showMostRecent____
BASE_VERB::show (V) | value (N) ++ :: void (N) :: panelwindowcontainer (N) ::PanelWindowContainer_void_show__DockableWindowManagerImpl.Entry__
SPECIAL::is (V) | visible (N) ++ :: boolean (N) :: panelwindowcontainer (N) ::PanelWindowContainer_boolean_isVisible__DockableWindowManagerImpl.Entry__
SPECIAL::get (V) | current (N) ++ :: String (N) :: panelwindowcontainer (N) ::PanelWindowContainer_String_getCurrent____
SPECIAL::get (V) | dimension (N) ++ :: int (N) :: panelwindowcontainer (N) ::PanelWindowContainer_int_getDimension____
SPECIAL::get (V) | position (N) ++ :: String (N) :: panelwindowcontainer (N) ::PanelWindowContainer_String_getPosition____
SPECIAL::get (V) | dockables (N) ++ :: StringArray (N) :: panelwindowcontainer (N) ::PanelWindowContainer_StringArray_getDockables____
BASE_VERB::save (V) | value (N) ++ :: void (N) :: panelwindowcontainer (N) ::PanelWindowContainer_void_save____
SPECIAL::set (V) | dimension (N) ++ :: void (N) :: panelwindowcontainer (N) ::PanelWindowContainer_void_setDimension__int__
BASE_VERB::sort (V) | dockables (N) ++ :: void (N) :: panelwindowcontainer (N) ::PanelWindowContainer_void_sortDockables____
SPECIAL::get (V) | wrapped dimension (N) ++ :: int (N) :: panelwindowcontainer (N) ::PanelWindowContainer_int_getWrappedDimension__int__
BASE_VERB::compare (V) | value (N) ++ :: int (N) :: panelwindowcontainer (N) ::PanelWindowContainer_int_compare__AbstractButton-AbstractButton__
BASE_VERB::action (V) | performed (N) ++ :: void (N) :: panelwindowcontainer (N) ::PanelWindowContainer_void_actionPerformed__ActionEvent__
BASE_VERB::mouse (V) | pressed (N) ++ :: void (N) :: panelwindowcontainer (N) ::PanelWindowContainer_void_mousePressed__MouseEvent__
CONSTRUCTOR::create (V) | border (N) ++ :: PanelWindowContainer (N) :: panelwindowcontainer (N) ::PanelWindowContainer_PanelWindowContainer_DockBorder__String__
BASE_VERB::paint (V) | border (N) ++ :: void (N) :: panelwindowcontainer (N) ::PanelWindowContainer_void_paintBorder__Component-Graphics-int-int-int-int__
SPECIAL::get (V) | border insets (N) ++ :: Insets (N) :: panelwindowcontainer (N) ::PanelWindowContainer_Insets_getBorderInsets__Component__
SPECIAL::is (V) | border opaque (N) ++ :: boolean (N) :: panelwindowcontainer (N) ::PanelWindowContainer_boolean_isBorderOpaque____
BASE_VERB::paint (V) | horiz border (N) ++ :: void (N) :: panelwindowcontainer (N) ::PanelWindowContainer_void_paintHorizBorder__Graphics-int-int-int__
BASE_VERB::paint (V) | vert border (N) ++ :: void (N) :: panelwindowcontainer (N) ::PanelWindowContainer_void_paintVertBorder__Graphics-int-int-int__
BASE_VERB::update (V) | colors (N) ++ :: void (N) :: panelwindowcontainer (N) ::PanelWindowContainer_void_updateColors____
CONSTRUCTOR::create (V) | text icon (N) ++ :: PanelWindowContainer (N) :: panelwindowcontainer (N) ::PanelWindowContainer_PanelWindowContainer_RotatedTextIcon__int-Font-String__
SPECIAL::get (V) | icon width (N) ++ :: int (N) :: panelwindowcontainer (N) ::PanelWindowContainer_int_getIconWidth____
SPECIAL::get (V) | icon height (N) ++ :: int (N) :: panelwindowcontainer (N) ::PanelWindowContainer_int_getIconHeight____
BASE_VERB::paint (V) | icon (N) ++ :: void (N) :: panelwindowcontainer (N) ::PanelWindowContainer_void_paintIcon__Component-Graphics-int-int__
BASE_VERB::add (V) | layout component (N) ++ :: void (N) :: panelwindowcontainer (N) ::PanelWindowContainer_void_addLayoutComponent__String-Component__
BASE_VERB::remove (V) | layout component (N) ++ :: void (N) :: panelwindowcontainer (N) ::PanelWindowContainer_void_removeLayoutComponent__Component__
SPECIAL::get (V) | wrapped dimension (N) ++ :: int (N) :: panelwindowcontainer (N) ::PanelWindowContainer_int_getWrappedDimension__JComponent-int__
BASE_VERB::preferred (V) | layout size (N) ++ :: Dimension (N) :: panelwindowcontainer (N) ::PanelWindowContainer_Dimension_preferredLayoutSize__Container__
BASE_VERB::minimum (V) | layout size (N) ++ :: Dimension (N) :: panelwindowcontainer (N) ::PanelWindowContainer_Dimension_minimumLayoutSize__Container__
BASE_VERB::layout (V) | container (N) ++ :: void (N) :: panelwindowcontainer (N) ::PanelWindowContainer_void_layoutContainer__Container__
BASE_VERB::preferred (V) | layout size lr (N) ++ :: Dimension (N) :: panelwindowcontainer (N) ::PanelWindowContainer_Dimension_preferredLayoutSizeLR__Insets-ComponentArray-Dimension-int__
BASE_VERB::preferred (V) | layout size tb (N) ++ :: Dimension (N) :: panelwindowcontainer (N) ::PanelWindowContainer_Dimension_preferredLayoutSizeTB__int-Insets-ComponentArray-Dimension__
BASE_VERB::show (V) | value (N) ++ :: void (N) :: panelwindowcontainer (N) ::PanelWindowContainer_void_show__String__
CONSTRUCTOR::create (V) | viewer (N) ++ :: RegisterViewer (N) :: registerviewer (N) ::RegisterViewer_RegisterViewer_RegisterViewer__View-String__
BASE_VERB::focus (V) | on default component (N) ++ :: void (N) :: registerviewer (N) ::RegisterViewer_void_focusOnDefaultComponent____
BASE_VERB::handle (V) | register changed (N) ++ :: void (N) :: registerviewer (N) ::RegisterViewer_void_handleRegisterChanged__RegisterChanged__
BASE_VERB::add (V) | notify (N) ++ :: void (N) :: registerviewer (N) ::RegisterViewer_void_addNotify____
BASE_VERB::remove (V) | notify (N) ++ :: void (N) :: registerviewer (N) ::RegisterViewer_void_removeNotify____
BASE_VERB::move (V) | value (N) ++ :: void (N) :: registerviewer (N) ::RegisterViewer_void_move__String__
BASE_VERB::refresh (V) | list (N) ++ :: void (N) :: registerviewer (N) ::RegisterViewer_void_refreshList____
BASE_VERB::insert (V) | register (N) ++ :: void (N) :: registerviewer (N) ::RegisterViewer_void_insertRegister____
BASE_VERB::clear (V) | selected index (N) ++ :: void (N) :: registerviewer (N) ::RegisterViewer_void_clearSelectedIndex____
SPECIAL::get (V) | list cell renderer component (N) ++ :: Component (N) :: registerviewer (N) ::RegisterViewer_Component_getListCellRendererComponent__JList-Object-int-boolean-boolean__
BASE_VERB::value (V) | changed (N) ++ :: void (N) :: registerviewer (N) ::RegisterViewer_void_valueChanged__ListSelectionEvent__
BASE_VERB::mouse (V) | clicked (N) ++ :: void (N) :: registerviewer (N) ::RegisterViewer_void_mouseClicked__MouseEvent__
BASE_VERB::changed (V) | update (N) ++ :: void (N) :: registerviewer (N) ::RegisterViewer_void_changedUpdate__DocumentEvent__
BASE_VERB::insert (V) | update (N) ++ :: void (N) :: registerviewer (N) ::RegisterViewer_void_insertUpdate__DocumentEvent__
BASE_VERB::remove (V) | update (N) ++ :: void (N) :: registerviewer (N) ::RegisterViewer_void_removeUpdate__DocumentEvent__
BASE_VERB::update (V) | register safely (N) ++ :: void (N) :: registerviewer (N) ::RegisterViewer_void_updateRegisterSafely____
BASE_VERB::update (V) | register (N) ++ :: void (N) :: registerviewer (N) ::RegisterViewer_void_updateRegister____
BASE_VERB::focus (V) | gained (N) ++ :: void (N) :: registerviewer (N) ::RegisterViewer_void_focusGained__FocusEvent__
BASE_VERB::focus (V) | lost (N) ++ :: void (N) :: registerviewer (N) ::RegisterViewer_void_focusLost__FocusEvent__
BASE_VERB::action (V) | performed (N) ++ :: void (N) :: registerviewer (N) ::RegisterViewer_void_actionPerformed__ActionEvent__
BASE_VERB::action (V) | performed (N) ++ :: void (N) :: registerviewer (N) ::RegisterViewer_void_actionPerformed__ActionEvent__
BASE_VERB::action (V) | performed (N) ++ :: void (N) :: registerviewer (N) ::RegisterViewer_void_actionPerformed__ActionEvent__
BASE_VERB::action (V) | performed (N) ++ :: void (N) :: registerviewer (N) ::RegisterViewer_void_actionPerformed__ActionEvent__
CONSTRUCTOR::create (V) | screen (N) ++ :: SplashScreen (N) :: splashscreen (N) ::SplashScreen_SplashScreen_SplashScreen____
BASE_VERB::dispose (V) | value (N) ++ :: void (N) :: splashscreen (N) ::SplashScreen_void_dispose____
BASE_VERB::advance (V) | value (N) ++ :: void (N) :: splashscreen (N) ::SplashScreen_void_advance____
BASE_VERB::advance (V) | value (N) ++ :: void (N) :: splashscreen (N) ::SplashScreen_void_advance__String__
BASE_VERB::log (V) | advance time (N) ++ :: void (N) :: splashscreen (N) ::SplashScreen_void_logAdvanceTime__String__
BASE_VERB::paint (V) | component (N) ++ :: void (N) :: splashscreen (N) ::SplashScreen_void_paintComponent__Graphics__
BASE_VERB::paint (V) | string (N) ++ :: void (N) :: splashscreen (N) ::SplashScreen_void_paintString__Graphics-String-int-int__
CONSTRUCTOR::create (V) | bar (N) ++ :: StatusBar (N) :: statusbar (N) ::StatusBar_StatusBar_StatusBar__View__
BASE_VERB::properties (V) | changed (N) ++ :: void (N) :: statusbar (N) ::StatusBar_void_propertiesChanged____
BASE_VERB::add (V) | notify (N) ++ :: void (N) :: statusbar (N) ::StatusBar_void_addNotify____
BASE_VERB::remove (V) | notify (N) ++ :: void (N) :: statusbar (N) ::StatusBar_void_removeNotify____
BASE_VERB::run (V) | value (N) ++ :: void (N) :: statusbar (N) ::StatusBar_void_run____
BASE_VERB::status (V) | update (N) ++ :: void (N) :: statusbar (N) ::StatusBar_void_statusUpdate__WorkThreadPool-int__
BASE_VERB::progress (V) | update (N) ++ :: void (N) :: statusbar (N) ::StatusBar_void_progressUpdate__WorkThreadPool-int__
SPECIAL::get (V) | message (N) ++ :: String (N) :: statusbar (N) ::StatusBar_String_getMessage____
BASE_VERB::action (V) | performed (N) ++ :: void (N) :: statusbar (N) ::StatusBar_void_actionPerformed__ActionEvent__
SPECIAL::set (V) | message and clear (N) ++ :: void (N) :: statusbar (N) ::StatusBar_void_setMessageAndClear__String__
SPECIAL::set (V) | message (N) ++ :: void (N) :: statusbar (N) ::StatusBar_void_setMessage__String__
SPECIAL::set (V) | message component (N) ++ :: void (N) :: statusbar (N) ::StatusBar_void_setMessageComponent__Component__
BASE_VERB::update (V) | caret status (N) ++ :: void (N) :: statusbar (N) ::StatusBar_void_updateCaretStatus____
BASE_VERB::update (V) | buffer status (N) ++ :: void (N) :: statusbar (N) ::StatusBar_void_updateBufferStatus____
BASE_VERB::update (V) | misc status (N) ++ :: void (N) :: statusbar (N) ::StatusBar_void_updateMiscStatus____
SPECIAL::get (V) | widget (N) ++ :: Widget (N) :: statusbar (N) ::StatusBar_Widget_getWidget__String__
BASE_VERB::get (V) | widget (N) ++ :: Widget (N) :: statusbar (N) ::StatusBar_Widget__getWidget__String__
BASE_VERB::mouse (V) | clicked (N) ++ :: void (N) :: statusbar (N) ::StatusBar_void_mouseClicked__MouseEvent__
CONSTRUCTOR::create (V) | history model (N) ++ :: HelpHistoryModel (N) :: helphistorymodel (N) ::HelpHistoryModel_HelpHistoryModel_HelpHistoryModel__int__
BASE_VERB::forward (V) | value (N) ++ :: HistoryEntry (N) :: helphistorymodel (N) ::HelpHistoryModel_HistoryEntry_forward__HelpViewer__
BASE_VERB::has (V) | next (N) ++ :: boolean (N) :: helphistorymodel (N) ::HelpHistoryModel_boolean_hasNext____
BASE_VERB::back (V) | value (N) ++ :: HistoryEntry (N) :: helphistorymodel (N) ::HelpHistoryModel_HistoryEntry_back__HelpViewer__
BASE_VERB::has (V) | previous (N) ++ :: boolean (N) :: helphistorymodel (N) ::HelpHistoryModel_boolean_hasPrevious____
BASE_VERB::add (V) | to history (N) ++ :: void (N) :: helphistorymodel (N) ::HelpHistoryModel_void_addToHistory__String__
SPECIAL::set (V) | current scroll position (N) ++ :: void (N) :: helphistorymodel (N) ::HelpHistoryModel_void_setCurrentScrollPosition__URL-int__
SPECIAL::set (V) | current entry (N) ++ :: void (N) :: helphistorymodel (N) ::HelpHistoryModel_void_setCurrentEntry__HistoryEntry__
BASE_VERB::update (V) | title (N) ++ :: void (N) :: helphistorymodel (N) ::HelpHistoryModel_void_updateTitle__String-String__
SPECIAL::get (V) | previous urls (N) ++ :: HistoryEntryArray (N) :: helphistorymodel (N) ::HelpHistoryModel_HistoryEntryArray_getPreviousURLs____
SPECIAL::get (V) | next urls (N) ++ :: HistoryEntryArray (N) :: helphistorymodel (N) ::HelpHistoryModel_HistoryEntryArray_getNextURLs____
BASE_VERB::add (V) | help history model listener (N) ++ :: void (N) :: helphistorymodel (N) ::HelpHistoryModel_void_addHelpHistoryModelListener__HelpHistoryModelListener__
BASE_VERB::remove (V) | help history model listener (N) ++ :: void (N) :: helphistorymodel (N) ::HelpHistoryModel_void_removeHelpHistoryModelListener__HelpHistoryModelListener__
BASE_VERB::fire (V) | update (N) ++ :: void (N) :: helphistorymodel (N) ::HelpHistoryModel_void_fireUpdate____
CONSTRUCTOR::create (V) | entry (N) ++ :: HelpHistoryModel (N) :: helphistorymodel (N) ::HelpHistoryModel_HelpHistoryModel_HistoryEntry__String-String__
CONSTRUCTOR::create (V) | entry (N) ++ :: HelpHistoryModel (N) :: helphistorymodel (N) ::HelpHistoryModel_HelpHistoryModel_HistoryEntry__HistoryEntry__
CONSTRUCTOR::create (V) | entry (N) ++ :: HelpHistoryModel (N) :: helphistorymodel (N) ::HelpHistoryModel_HelpHistoryModel_HistoryEntry__String-String-int__
BASE_VERB::equals (V) | value (N) ++ :: boolean (N) :: helphistorymodel (N) ::HelpHistoryModel_boolean_equals__HistoryEntry__
BASE_VERB::to (V) | string (N) ++ :: String (N) :: helphistorymodel (N) ::HelpHistoryModel_String_toString____
BASE_VERB::calculate (V) | indent (N) ++ :: int (N) :: indentaction (N) ::IndentAction_int_calculateIndent__JEditBuffer-int-int-int__
BASE_VERB::keep (V) | checking (N) ++ :: boolean (N) :: indentaction (N) ::IndentAction_boolean_keepChecking____
BASE_VERB::calculate (V) | indent (N) ++ :: int (N) :: indentaction (N) ::IndentAction_int_calculateIndent__JEditBuffer-int-int-int__
BASE_VERB::keep (V) | checking (N) ++ :: boolean (N) :: indentaction (N) ::IndentAction_boolean_keepChecking____
CONSTRUCTOR::create (V) | value (N) ++ :: IndentAction (N) :: indentaction (N) ::IndentAction_IndentAction_Collapse____
BASE_VERB::calculate (V) | indent (N) ++ :: int (N) :: indentaction (N) ::IndentAction_int_calculateIndent__JEditBuffer-int-int-int__
BASE_VERB::keep (V) | checking (N) ++ :: boolean (N) :: indentaction (N) ::IndentAction_boolean_keepChecking____
CONSTRUCTOR::create (V) | value (N) ++ :: IndentAction (N) :: indentaction (N) ::IndentAction_IndentAction_Increase____
CONSTRUCTOR::create (V) | value (N) ++ :: IndentAction (N) :: indentaction (N) ::IndentAction_IndentAction_Increase__int__
BASE_VERB::calculate (V) | indent (N) ++ :: int (N) :: indentaction (N) ::IndentAction_int_calculateIndent__JEditBuffer-int-int-int__
BASE_VERB::keep (V) | checking (N) ++ :: boolean (N) :: indentaction (N) ::IndentAction_boolean_keepChecking____
BASE_VERB::equals (V) | value (N) ++ :: boolean (N) :: indentaction (N) ::IndentAction_boolean_equals__Object__
BASE_VERB::calculate (V) | indent (N) ++ :: int (N) :: indentaction (N) ::IndentAction_int_calculateIndent__JEditBuffer-int-int-int__
BASE_VERB::keep (V) | checking (N) ++ :: boolean (N) :: indentaction (N) ::IndentAction_boolean_keepChecking____
CONSTRUCTOR::create (V) | offset (N) ++ :: IndentAction (N) :: indentaction (N) ::IndentAction_IndentAction_AlignOffset__int__
BASE_VERB::calculate (V) | indent (N) ++ :: int (N) :: indentaction (N) ::IndentAction_int_calculateIndent__JEditBuffer-int-int-int__
BASE_VERB::keep (V) | checking (N) ++ :: boolean (N) :: indentaction (N) ::IndentAction_boolean_keepChecking____
CONSTRUCTOR::create (V) | parameter (N) ++ :: IndentAction (N) :: indentaction (N) ::IndentAction_IndentAction_AlignParameter__int__
BASE_VERB::calculate (V) | indent (N) ++ :: int (N) :: indentaction (N) ::IndentAction_int_calculateIndent__JEditBuffer-int-int-int__
BASE_VERB::keep (V) | checking (N) ++ :: boolean (N) :: indentaction (N) ::IndentAction_boolean_keepChecking____
BASE_VERB::calculate (V) | indent (N) ++ :: int (N) :: indentaction (N) ::IndentAction_int_calculateIndent__JEditBuffer-int-int-int__
BASE_VERB::keep (V) | checking (N) ++ :: boolean (N) :: indentaction (N) ::IndentAction_boolean_keepChecking____
CONSTRUCTOR::create (V) | value (N) ++ :: VFS (N) :: vfs (N) ::VFS_VFS_VFS__String-int__
CONSTRUCTOR::create (V) | value (N) ++ :: VFS (N) :: vfs (N) ::VFS_VFS_VFS__String-int-StringArray__
SPECIAL::get (V) | name (N) ++ :: String (N) :: vfs (N) ::VFS_String_getName____
SPECIAL::get (V) | capabilities (N) ++ :: int (N) :: vfs (N) ::VFS_int_getCapabilities____
SPECIAL::is (V) | markers file supported (N) ++ :: boolean (N) :: vfs (N) ::VFS_boolean_isMarkersFileSupported____
SPECIAL::get (V) | extended attributes (N) ++ :: StringArray (N) :: vfs (N) ::VFS_StringArray_getExtendedAttributes____
SPECIAL::get (V) | file name (N) ++ :: String (N) :: vfs (N) ::VFS_String_getFileName__String__
SPECIAL::get (V) | file path (N) ++ :: String (N) :: vfs (N) ::VFS_String_getFilePath__String__
SPECIAL::get (V) | parent of path (N) ++ :: String (N) :: vfs (N) ::VFS_String_getParentOfPath__String__
BASE_VERB::construct (V) | path (N) ++ :: String (N) :: vfs (N) ::VFS_String_constructPath__String-String__
SPECIAL::get (V) | file separator (N) ++ :: char (N) :: vfs (N) ::VFS_char_getFileSeparator____
SPECIAL::get (V) | two stage save name (N) ++ :: String (N) :: vfs (N) ::VFS_String_getTwoStageSaveName__String__
BASE_VERB::reload (V) | directory (N) ++ :: void (N) :: vfs (N) ::VFS_void_reloadDirectory__String__
BASE_VERB::create (V) | vfssession (N) ++ :: Object (N) :: vfs (N) ::VFS_Object_createVFSSession__String-Component__
BASE_VERB::create (V) | vfssession safe (N) ++ :: Object (N) :: vfs (N) ::VFS_Object_createVFSSessionSafe__String-Component__
BASE_VERB::load (V) | value (N) ++ :: boolean (N) :: vfs (N) ::VFS_boolean_load__View-Buffer-String__
BASE_VERB::save (V) | value (N) ++ :: boolean (N) :: vfs (N) ::VFS_boolean_save__View-Buffer-String__
BASE_VERB::copy (V) | value (N) ++ :: boolean (N) :: vfs (N) ::VFS_boolean_copy__ProgressObserver-VFS-Object-String-VFS-Object-String-Component-boolean__
BASE_VERB::copy (V) | value (N) ++ :: boolean (N) :: vfs (N) ::VFS_boolean_copy__ProgressObserver-VFS-Object-String-VFS-Object-String-Component-boolean-boolean__
BASE_VERB::copy (V) | value (N) ++ :: boolean (N) :: vfs (N) ::VFS_boolean_copy__ProgressObserver-String-String-Component-boolean-boolean__
BASE_VERB::copy (V) | value (N) ++ :: boolean (N) :: vfs (N) ::VFS_boolean_copy__ProgressObserver-String-String-Component-boolean__
BASE_VERB::insert (V) | value (N) ++ :: boolean (N) :: vfs (N) ::VFS_boolean_insert__View-Buffer-String__
BASE_VERB::canon (V) | path (N) ++ :: String (N) :: vfs (N) ::VFS_String__canonPath__Object-String-Component__
BASE_VERB::list (V) | directory (N) ++ :: StringArray (N) :: vfs (N) ::VFS_StringArray__listDirectory__Object-String-String-boolean-Component__
BASE_VERB::list (V) | directory (N) ++ :: StringArray (N) :: vfs (N) ::VFS_StringArray__listDirectory__Object-String-String-boolean-Component-boolean-boolean__
BASE_VERB::list (V) | directory (N) ++ :: StringArray (N) :: vfs (N) ::VFS_StringArray__listDirectory__Object-String-VFSFileFilter-boolean-Component-boolean-boolean__
BASE_VERB::list (V) | files (N) ++ :: VFSFileArray (N) :: vfs (N) ::VFS_VFSFileArray__listFiles__Object-String-Component__
BASE_VERB::get (V) | file (N) ++ :: VFSFile (N) :: vfs (N) ::VFS_VFSFile__getFile__Object-String-Component__
BASE_VERB::delete (V) | value (N) ++ :: boolean (N) :: vfs (N) ::VFS_boolean__delete__Object-String-Component__
BASE_VERB::rename (V) | value (N) ++ :: boolean (N) :: vfs (N) ::VFS_boolean__rename__Object-String-String-Component__
BASE_VERB::mkdir (V) | value (N) ++ :: boolean (N) :: vfs (N) ::VFS_boolean__mkdir__Object-String-Component__
BASE_VERB::backup (V) | value (N) ++ :: void (N) :: vfs (N) ::VFS_void__backup__Object-String-Component__
BASE_VERB::create (V) | input stream (N) ++ :: InputStream (N) :: vfs (N) ::VFS_InputStream__createInputStream__Object-String-boolean-Component__
BASE_VERB::create (V) | output stream (N) ++ :: OutputStream (N) :: vfs (N) ::VFS_OutputStream__createOutputStream__Object-String-Component__
BASE_VERB::save (V) | complete (N) ++ :: void (N) :: vfs (N) ::VFS_void__saveComplete__Object-Buffer-String-Component__
BASE_VERB::finish (V) | two stage save (N) ++ :: void (N) :: vfs (N) ::VFS_void__finishTwoStageSave__Object-Buffer-String-Component__
BASE_VERB::end (V) | vfssession (N) ++ :: void (N) :: vfs (N) ::VFS_void__endVFSSession__Object-Component__
SPECIAL::get (V) | default color for (N) ++ :: Color (N) :: vfs (N) ::VFS_Color_getDefaultColorFor__String__
CONSTRUCTOR::create (V) | entry compare (N) ++ :: VFS (N) :: vfs (N) ::VFS_VFS_DirectoryEntryCompare__boolean-boolean__
BASE_VERB::compare (V) | value (N) ++ :: int (N) :: vfs (N) ::VFS_int_compare__VFSFile-VFSFile__
BASE_VERB::handle (V) | message (N) ++ :: void (N) :: vfs (N) ::VFS_void_handleMessage__EBMessage__
BASE_VERB::list (V) | files (N) ++ :: void (N) :: vfs (N) ::VFS_void_listFiles__Object-CollectionString-ListString-String-VFSFileFilter-boolean-Component-boolean-boolean__
BASE_VERB::load (V) | colors (N) ++ :: void (N) :: vfs (N) ::VFS_void_loadColors____
CONSTRUCTOR::create (V) | entry (N) ++ :: VFS (N) :: vfs (N) ::VFS_VFS_ColorEntry__Pattern-Color__
CONSTRUCTOR::create (V) | getter (N) ++ :: VFS (N) :: vfs (N) ::VFS_VFS_SessionGetter__String-Component__
BASE_VERB::run (V) | value (N) ++ :: void (N) :: vfs (N) ::VFS_void_run____
SPECIAL::get (V) | value (N) ++ :: Object (N) :: vfs (N) ::VFS_Object_get____
BASE_VERB::find (V) | completion (N) ++ :: int (N) :: vfsfile (N) ::VFSFile_int_findCompletion__VFSFileArray-int-int-String-boolean__
BASE_VERB::find (V) | completion (N) ++ :: String (N) :: vfsfile (N) ::VFSFile_String_findCompletion__String-String-VFSBrowser-boolean__
SPECIAL::get (V) | icon (N) ++ :: Icon (N) :: vfsfile (N) ::VFSFile_Icon_getIcon__boolean__
SPECIAL::get (V) | icon (N) ++ :: Icon (N) :: vfsfile (N) ::VFSFile_Icon_getIcon__boolean-boolean__
SPECIAL::get (V) | default icon (N) ++ :: Icon (N) :: vfsfile (N) ::VFSFile_Icon_getDefaultIcon__boolean-boolean__
SPECIAL::get (V) | default icon (N) ++ :: Icon (N) :: vfsfile (N) ::VFSFile_Icon_getDefaultIcon__boolean__
CONSTRUCTOR::create (V) | value (N) ++ :: VFSFile (N) :: vfsfile (N) ::VFSFile_VFSFile_VFSFile____
CONSTRUCTOR::create (V) | value (N) ++ :: VFSFile (N) :: vfsfile (N) ::VFSFile_VFSFile_VFSFile__String-String-String-int-long-boolean__
SPECIAL::get (V) | vfs (N) ++ :: VFS (N) :: vfsfile (N) ::VFSFile_VFS_getVFS____
SPECIAL::get (V) | name (N) ++ :: String (N) :: vfsfile (N) ::VFSFile_String_getName____
SPECIAL::set (V) | name (N) ++ :: void (N) :: vfsfile (N) ::VFSFile_void_setName__String__
SPECIAL::is (V) | binary (N) ++ :: boolean (N) :: vfsfile (N) ::VFSFile_boolean_isBinary__Object__
SPECIAL::get (V) | path (N) ++ :: String (N) :: vfsfile (N) ::VFSFile_String_getPath____
SPECIAL::set (V) | path (N) ++ :: void (N) :: vfsfile (N) ::VFSFile_void_setPath__String__
SPECIAL::get (V) | symlink path (N) ++ :: String (N) :: vfsfile (N) ::VFSFile_String_getSymlinkPath____
SPECIAL::set (V) | symlink path (N) ++ :: void (N) :: vfsfile (N) ::VFSFile_void_setSymlinkPath__String__
SPECIAL::get (V) | delete path (N) ++ :: String (N) :: vfsfile (N) ::VFSFile_String_getDeletePath____
SPECIAL::set (V) | delete path (N) ++ :: void (N) :: vfsfile (N) ::VFSFile_void_setDeletePath__String__
SPECIAL::get (V) | type (N) ++ :: int (N) :: vfsfile (N) ::VFSFile_int_getType____
SPECIAL::set (V) | type (N) ++ :: void (N) :: vfsfile (N) ::VFSFile_void_setType__int__
SPECIAL::get (V) | length (N) ++ :: long (N) :: vfsfile (N) ::VFSFile_long_getLength____
SPECIAL::set (V) | length (N) ++ :: void (N) :: vfsfile (N) ::VFSFile_void_setLength__long__
SPECIAL::is (V) | hidden (N) ++ :: boolean (N) :: vfsfile (N) ::VFSFile_boolean_isHidden____
SPECIAL::set (V) | hidden (N) ++ :: void (N) :: vfsfile (N) ::VFSFile_void_setHidden__boolean__
SPECIAL::is (V) | readable (N) ++ :: boolean (N) :: vfsfile (N) ::VFSFile_boolean_isReadable____
SPECIAL::set (V) | readable (N) ++ :: void (N) :: vfsfile (N) ::VFSFile_void_setReadable__boolean__
SPECIAL::is (V) | writeable (N) ++ :: boolean (N) :: vfsfile (N) ::VFSFile_boolean_isWriteable____
SPECIAL::set (V) | writeable (N) ++ :: void (N) :: vfsfile (N) ::VFSFile_void_setWriteable__boolean__
SPECIAL::get (V) | extended attribute (N) ++ :: String (N) :: vfsfile (N) ::VFSFile_String_getExtendedAttribute__String__
SPECIAL::get (V) | color (N) ++ :: Color (N) :: vfsfile (N) ::VFSFile_Color_getColor____
BASE_VERB::to (V) | string (N) ++ :: String (N) :: vfsfile (N) ::VFSFile_String_toString____
BASE_VERB::fetched (V) | attrs (N) ++ :: boolean (N) :: vfsfile (N) ::VFSFile_boolean_fetchedAttrs____
BASE_VERB::fetch (V) | attrs (N) ++ :: void (N) :: vfsfile (N) ::VFSFile_void_fetchAttrs____
SPECIAL::get (V) | instance (N) ++ :: PluginManager (N) :: pluginmanager (N) ::PluginManager_PluginManager_getInstance____
BASE_VERB::dispose (V) | value (N) ++ :: void (N) :: pluginmanager (N) ::PluginManager_void_dispose____
BASE_VERB::handle (V) | properties changed (N) ++ :: void (N) :: pluginmanager (N) ::PluginManager_void_handlePropertiesChanged__PropertiesChanged__
BASE_VERB::run (V) | value (N) ++ :: void (N) :: pluginmanager (N) ::PluginManager_void_run____
BASE_VERB::handle (V) | plugin update (N) ++ :: void (N) :: pluginmanager (N) ::PluginManager_void_handlePluginUpdate__PluginUpdate__
BASE_VERB::show (V) | plugin manager (N) ++ :: void (N) :: pluginmanager (N) ::PluginManager_void_showPluginManager__Frame__
BASE_VERB::ok (V) | value (N) ++ :: void (N) :: pluginmanager (N) ::PluginManager_void_ok____
BASE_VERB::cancel (V) | value (N) ++ :: void (N) :: pluginmanager (N) ::PluginManager_void_cancel____
SPECIAL::get (V) | plugin list (N) ++ :: PluginList (N) :: pluginmanager (N) ::PluginManager_PluginList_getPluginList____
BASE_VERB::plugin (V) | removed (N) ++ :: void (N) :: pluginmanager (N) ::PluginManager_void_pluginRemoved____
CONSTRUCTOR::create (V) | manager (N) ++ :: PluginManager (N) :: pluginmanager (N) ::PluginManager_PluginManager_PluginManager__Frame__
BASE_VERB::init (V) | value (N) ++ :: void (N) :: pluginmanager (N) ::PluginManager_void_init____
BASE_VERB::should (V) | update plugin list (N) ++ :: boolean (N) :: pluginmanager (N) ::PluginManager_boolean_shouldUpdatePluginList____
BASE_VERB::run (V) | value (N) ++ :: void (N) :: pluginmanager (N) ::PluginManager_void_run____
BASE_VERB::run (V) | value (N) ++ :: void (N) :: pluginmanager (N) ::PluginManager_void__run____
BASE_VERB::update (V) | plugin list (N) ++ :: void (N) :: pluginmanager (N) ::PluginManager_void_updatePluginList____
BASE_VERB::plugin (V) | list updated (N) ++ :: void (N) :: pluginmanager (N) ::PluginManager_void_pluginListUpdated____
BASE_VERB::process (V) | key events (N) ++ :: void (N) :: pluginmanager (N) ::PluginManager_void_processKeyEvents__KeyEvent__
BASE_VERB::action (V) | performed (N) ++ :: void (N) :: pluginmanager (N) ::PluginManager_void_actionPerformed__ActionEvent__
BASE_VERB::state (V) | changed (N) ++ :: void (N) :: pluginmanager (N) ::PluginManager_void_stateChanged__ChangeEvent__
SPECIAL::get (V) | buffer (N) ++ :: Buffer (N) :: hypersearchresult (N) ::HyperSearchResult_Buffer_getBuffer__View__
SPECIAL::get (V) | selection (N) ++ :: SelectionArray (N) :: hypersearchresult (N) ::HyperSearchResult_SelectionArray_getSelection____
BASE_VERB::go (V) | to (N) ++ :: void (N) :: hypersearchresult (N) ::HyperSearchResult_void_goTo__EditPane__
BASE_VERB::to (V) | string (N) ++ :: String (N) :: hypersearchresult (N) ::HyperSearchResult_String_toString____
CONSTRUCTOR::create (V) | search result (N) ++ :: HyperSearchResult (N) :: hypersearchresult (N) ::HyperSearchResult_HyperSearchResult_HyperSearchResult__Buffer-int__
BASE_VERB::buffer (V) | opened (N) ++ :: void (N) :: hypersearchresult (N) ::HyperSearchResult_void_bufferOpened__Buffer__
BASE_VERB::buffer (V) | closed (N) ++ :: void (N) :: hypersearchresult (N) ::HyperSearchResult_void_bufferClosed____
BASE_VERB::add (V) | occur (N) ++ :: void (N) :: hypersearchresult (N) ::HyperSearchResult_void_addOccur__int-int__
BASE_VERB::path (V) | equals (N) ++ :: boolean (N) :: hypersearchresult (N) ::HyperSearchResult_boolean_pathEquals__String__
BASE_VERB::equals (V) | value (N) ++ :: boolean (N) :: hypersearchresult (N) ::HyperSearchResult_boolean_equals__Object__
CONSTRUCTOR::create (V) | value (N) ++ :: HyperSearchResult (N) :: hypersearchresult (N) ::HyperSearchResult_HyperSearchResult_Occur__int-int__
BASE_VERB::buffer (V) | opened (N) ++ :: void (N) :: hypersearchresult (N) ::HyperSearchResult_void_bufferOpened____
BASE_VERB::buffer (V) | closed (N) ++ :: void (N) :: hypersearchresult (N) ::HyperSearchResult_void_bufferClosed____
CONSTRUCTOR::create (V) | delayed (N) ++ :: HyperSearchResult (N) :: hypersearchresult (N) ::HyperSearchResult_HyperSearchResult_GotoDelayed__EditPane__
BASE_VERB::run (V) | value (N) ++ :: void (N) :: hypersearchresult (N) ::HyperSearchResult_void_run____
BASE_VERB::buffer (V) | loaded (N) ++ :: void (N) :: hypersearchresult (N) ::HyperSearchResult_void_bufferLoaded____
BASE_VERB::handle (V) | buffer update (N) ++ :: void (N) :: hypersearchresult (N) ::HyperSearchResult_void_handleBufferUpdate__BufferUpdate__
CONSTRUCTOR::create (V) | search results (N) ++ :: HyperSearchResults (N) :: hypersearchresults (N) ::HyperSearchResults_HyperSearchResults_HyperSearchResults__View__
BASE_VERB::focus (V) | on default component (N) ++ :: void (N) :: hypersearchresults (N) ::HyperSearchResults_void_focusOnDefaultComponent____
BASE_VERB::add (V) | notify (N) ++ :: void (N) :: hypersearchresults (N) ::HyperSearchResults_void_addNotify____
BASE_VERB::remove (V) | notify (N) ++ :: void (N) :: hypersearchresults (N) ::HyperSearchResults_void_removeNotify____
BASE_VERB::process (V) | node (N) ++ :: boolean (N) :: hypersearchresults (N) ::HyperSearchResults_boolean_processNode__DefaultMutableTreeNode__
BASE_VERB::visit (V) | buffers (N) ++ :: void (N) :: hypersearchresults (N) ::HyperSearchResults_void_visitBuffers__ResultVisitor-Buffer__
BASE_VERB::handle (V) | buffer update (N) ++ :: void (N) :: hypersearchresults (N) ::HyperSearchResults_void_handleBufferUpdate__BufferUpdate__
BASE_VERB::traverse (V) | nodes (N) ++ :: boolean (N) :: hypersearchresults (N) ::HyperSearchResults_boolean_traverseNodes__DefaultMutableTreeNode-HyperSearchTreeNodeCallback__
SPECIAL::get (V) | tree model (N) ++ :: DefaultTreeModel (N) :: hypersearchresults (N) ::HyperSearchResults_DefaultTreeModel_getTreeModel____
SPECIAL::get (V) | tree (N) ++ :: JTree (N) :: hypersearchresults (N) ::HyperSearchResults_JTree_getTree____
BASE_VERB::search (V) | started (N) ++ :: void (N) :: hypersearchresults (N) ::HyperSearchResults_void_searchStarted____
SPECIAL::set (V) | search status (N) ++ :: void (N) :: hypersearchresults (N) ::HyperSearchResults_void_setSearchStatus__String__
BASE_VERB::search (V) | failed (N) ++ :: void (N) :: hypersearchresults (N) ::HyperSearchResults_void_searchFailed____
BASE_VERB::run (V) | value (N) ++ :: void (N) :: hypersearchresults (N) ::HyperSearchResults_void_run____
BASE_VERB::search (V) | done (N) ++ :: void (N) :: hypersearchresults (N) ::HyperSearchResults_void_searchDone__DefaultMutableTreeNode-DefaultMutableTreeNode__
BASE_VERB::search (V) | done (N) ++ :: void (N) :: hypersearchresults (N) ::HyperSearchResults_void_searchDone__DefaultMutableTreeNode__
BASE_VERB::update (V) | highlight status (N) ++ :: void (N) :: hypersearchresults (N) ::HyperSearchResults_void_updateHighlightStatus____
BASE_VERB::update (V) | multi status (N) ++ :: void (N) :: hypersearchresults (N) ::HyperSearchResults_void_updateMultiStatus____
BASE_VERB::go (V) | to selected node (N) ++ :: void (N) :: hypersearchresults (N) ::HyperSearchResults_void_goToSelectedNode__int__
BASE_VERB::remove (V) | selected node (N) ++ :: void (N) :: hypersearchresults (N) ::HyperSearchResults_void_removeSelectedNode____
BASE_VERB::remove (V) | all nodes (N) ++ :: void (N) :: hypersearchresults (N) ::HyperSearchResults_void_removeAllNodes____
BASE_VERB::hide (V) | dockable (N) ++ :: void (N) :: hypersearchresults (N) ::HyperSearchResults_void_hideDockable____
BASE_VERB::trim (V) | search string (N) ++ :: String (N) :: hypersearchresults (N) ::HyperSearchResults_String_trimSearchString____
BASE_VERB::parse (V) | highlight style (N) ++ :: SyntaxStyle (N) :: hypersearchresults (N) ::HyperSearchResults_SyntaxStyle_parseHighlightStyle__String__
BASE_VERB::action (V) | performed (N) ++ :: void (N) :: hypersearchresults (N) ::HyperSearchResults_void_actionPerformed__ActionEvent__
CONSTRUCTOR::create (V) | tree (N) ++ :: HyperSearchResults (N) :: hypersearchresults (N) ::HyperSearchResults_HyperSearchResults_HighlightingTree__DefaultTreeModel__
BASE_VERB::convert (V) | value to text (N) ++ :: String (N) :: hypersearchresults (N) ::HyperSearchResults_String_convertValueToText__Object-boolean-boolean-boolean-int-boolean__
BASE_VERB::run (V) | value (N) ++ :: void (N) :: hypersearchresults (N) ::HyperSearchResults_void_run____
BASE_VERB::key (V) | pressed (N) ++ :: void (N) :: hypersearchresults (N) ::HyperSearchResults_void_keyPressed__KeyEvent__
BASE_VERB::mouse (V) | pressed (N) ++ :: void (N) :: hypersearchresults (N) ::HyperSearchResults_void_mousePressed__MouseEvent__
BASE_VERB::show (V) | popup menu (N) ++ :: void (N) :: hypersearchresults (N) ::HyperSearchResults_void_showPopupMenu__MouseEvent__
CONSTRUCTOR::create (V) | tree node action (N) ++ :: HyperSearchResults (N) :: hypersearchresults (N) ::HyperSearchResults_HyperSearchResults_RemoveTreeNodeAction____
BASE_VERB::action (V) | performed (N) ++ :: void (N) :: hypersearchresults (N) ::HyperSearchResults_void_actionPerformed__ActionEvent__
CONSTRUCTOR::create (V) | all tree nodes action (N) ++ :: HyperSearchResults (N) :: hypersearchresults (N) ::HyperSearchResults_HyperSearchResults_RemoveAllTreeNodesAction____
BASE_VERB::action (V) | performed (N) ++ :: void (N) :: hypersearchresults (N) ::HyperSearchResults_void_actionPerformed__ActionEvent__
CONSTRUCTOR::create (V) | search action (N) ++ :: HyperSearchResults (N) :: hypersearchresults (N) ::HyperSearchResults_HyperSearchResults_NewSearchAction____
BASE_VERB::action (V) | performed (N) ++ :: void (N) :: hypersearchresults (N) ::HyperSearchResults_void_actionPerformed__ActionEvent__
CONSTRUCTOR::create (V) | child tree nodes action (N) ++ :: HyperSearchResults (N) :: hypersearchresults (N) ::HyperSearchResults_HyperSearchResults_ExpandChildTreeNodesAction____
BASE_VERB::action (V) | performed (N) ++ :: void (N) :: hypersearchresults (N) ::HyperSearchResults_void_actionPerformed__ActionEvent__
CONSTRUCTOR::create (V) | to clipboard action (N) ++ :: HyperSearchResults (N) :: hypersearchresults (N) ::HyperSearchResults_HyperSearchResults_CopyToClipboardAction____
BASE_VERB::action (V) | performed (N) ++ :: void (N) :: hypersearchresults (N) ::HyperSearchResults_void_actionPerformed__ActionEvent__
BASE_VERB::process (V) | node (N) ++ :: boolean (N) :: hypersearchresults (N) ::HyperSearchResults_boolean_processNode__DefaultMutableTreeNode__
CONSTRUCTOR::create (V) | child tree nodes action (N) ++ :: HyperSearchResults (N) :: hypersearchresults (N) ::HyperSearchResults_HyperSearchResults_CollapseChildTreeNodesAction____
BASE_VERB::action (V) | performed (N) ++ :: void (N) :: hypersearchresults (N) ::HyperSearchResults_void_actionPerformed__ActionEvent__
CONSTRUCTOR::create (V) | search action (N) ++ :: HyperSearchResults (N) :: hypersearchresults (N) ::HyperSearchResults_HyperSearchResults_RedoSearchAction__HyperSearchOperationNode__
BASE_VERB::action (V) | performed (N) ++ :: void (N) :: hypersearchresults (N) ::HyperSearchResults_void_actionPerformed__ActionEvent__
BASE_VERB::action (V) | performed (N) ++ :: void (N) :: hypersearchresults (N) ::HyperSearchResults_void_actionPerformed__ActionEvent__
BASE_VERB::process (V) | node (N) ++ :: boolean (N) :: hypersearchresults (N) ::HyperSearchResults_boolean_processNode__DefaultMutableTreeNode__
BASE_VERB::expand (V) | all nodes (N) ++ :: void (N) :: hypersearchresults (N) ::HyperSearchResults_void_expandAllNodes__DefaultMutableTreeNode__
CONSTRUCTOR::create (V) | to node action (N) ++ :: HyperSearchResults (N) :: hypersearchresults (N) ::HyperSearchResults_HyperSearchResults_GoToNodeAction__String-int__
BASE_VERB::action (V) | performed (N) ++ :: void (N) :: hypersearchresults (N) ::HyperSearchResults_void_actionPerformed__ActionEvent__
CONSTRUCTOR::create (V) | cell renderer (N) ++ :: HyperSearchResults (N) :: hypersearchresults (N) ::HyperSearchResults_HyperSearchResults_ResultCellRenderer____
BASE_VERB::new (V) | instance (N) ++ :: TreeCellRenderer (N) :: hypersearchresults (N) ::HyperSearchResults_TreeCellRenderer_newInstance____
BASE_VERB::configure (V) | tree cell renderer component (N) ++ :: void (N) :: hypersearchresults (N) ::HyperSearchResults_void_configureTreeCellRendererComponent__JTree-Object-boolean-boolean-boolean-int-boolean__
BASE_VERB::process (V) | node (N) ++ :: boolean (N) :: hypersearchresults (N) ::HyperSearchResults_boolean_processNode__DefaultMutableTreeNode__
BASE_VERB::export (V) | to clipboard (N) ++ :: void (N) :: hypersearchresults (N) ::HyperSearchResults_void_exportToClipboard__JComponent-Clipboard-int__
BASE_VERB::visit (V) | value (N) ++ :: void (N) :: hypersearchresults (N) ::HyperSearchResults_void_visit__Buffer-HyperSearchResult__
BASE_VERB::visit (V) | value (N) ++ :: void (N) :: hypersearchresults (N) ::HyperSearchResults_void_visit__Buffer-HyperSearchResult__
BASE_VERB::visit (V) | value (N) ++ :: void (N) :: hypersearchresults (N) ::HyperSearchResults_void_visit__Buffer-HyperSearchResult__
BASE_VERB::process (V) | node (N) ++ :: boolean (N) :: hypersearchresults (N) ::HyperSearchResults_boolean_processNode__DefaultMutableTreeNode__
BASE_VERB::action (V) | performed (N) ++ :: void (N) :: searchbar (N) ::SearchBar_void_actionPerformed__ActionEvent__
CONSTRUCTOR::create (V) | bar (N) ++ :: SearchBar (N) :: searchbar (N) ::SearchBar_SearchBar_SearchBar__View-boolean__
SPECIAL::get (V) | field (N) ++ :: HistoryTextField (N) :: searchbar (N) ::SearchBar_HistoryTextField_getField____
SPECIAL::set (V) | hyper search (N) ++ :: void (N) :: searchbar (N) ::SearchBar_void_setHyperSearch__boolean__
BASE_VERB::update (V) | value (N) ++ :: void (N) :: searchbar (N) ::SearchBar_void_update____
BASE_VERB::properties (V) | changed (N) ++ :: void (N) :: searchbar (N) ::SearchBar_void_propertiesChanged____
BASE_VERB::find (V) | value (N) ++ :: void (N) :: searchbar (N) ::SearchBar_void_find__boolean__
BASE_VERB::incremental (V) | search (N) ++ :: boolean (N) :: searchbar (N) ::SearchBar_boolean_incrementalSearch__int-boolean__
BASE_VERB::timer (V) | incremental search (N) ++ :: void (N) :: searchbar (N) ::SearchBar_void_timerIncrementalSearch__int-boolean__
SPECIAL::set (V) | close button visibility (N) ++ :: void (N) :: searchbar (N) ::SearchBar_void_setCloseButtonVisibility____
BASE_VERB::action (V) | performed (N) ++ :: void (N) :: searchbar (N) ::SearchBar_void_actionPerformed__ActionEvent__
BASE_VERB::insert (V) | update (N) ++ :: void (N) :: searchbar (N) ::SearchBar_void_insertUpdate__DocumentEvent__
BASE_VERB::remove (V) | update (N) ++ :: void (N) :: searchbar (N) ::SearchBar_void_removeUpdate__DocumentEvent__
BASE_VERB::changed (V) | update (N) ++ :: void (N) :: searchbar (N) ::SearchBar_void_changedUpdate__DocumentEvent__
BASE_VERB::key (V) | pressed (N) ++ :: void (N) :: searchbar (N) ::SearchBar_void_keyPressed__KeyEvent__
BASE_VERB::focus (V) | lost (N) ++ :: void (N) :: searchbar (N) ::SearchBar_void_focusLost__FocusEvent__
SPECIAL::get (V) | search dialog (N) ++ :: SearchDialog (N) :: searchdialog (N) ::SearchDialog_SearchDialog_getSearchDialog__View__
BASE_VERB::run (V) | value (N) ++ :: void (N) :: searchdialog (N) ::SearchDialog_void_run____
BASE_VERB::show (V) | search dialog (N) ++ :: void (N) :: searchdialog (N) ::SearchDialog_void_showSearchDialog__View-String-int__
SPECIAL::set (V) | search string (N) ++ :: void (N) :: searchdialog (N) ::SearchDialog_void_setSearchString__String-int__
BASE_VERB::ok (V) | value (N) ++ :: void (N) :: searchdialog (N) ::SearchDialog_void_ok____
BASE_VERB::cancel (V) | value (N) ++ :: void (N) :: searchdialog (N) ::SearchDialog_void_cancel____
BASE_VERB::handle (V) | search settings changed (N) ++ :: void (N) :: searchdialog (N) ::SearchDialog_void_handleSearchSettingsChanged__EBMessage__
SPECIAL::set (V) | visible (N) ++ :: void (N) :: searchdialog (N) ::SearchDialog_void_setVisible__boolean__
BASE_VERB::dispose (V) | value (N) ++ :: void (N) :: searchdialog (N) ::SearchDialog_void_dispose____
CONSTRUCTOR::create (V) | dialog (N) ++ :: SearchDialog (N) :: searchdialog (N) ::SearchDialog_SearchDialog_SearchDialog__View__
BASE_VERB::create (V) | find label and field (N) ++ :: void (N) :: searchdialog (N) ::SearchDialog_void_createFindLabelAndField__JPanel-GridBagConstraints__
BASE_VERB::create (V) | replace label and field (N) ++ :: void (N) :: searchdialog (N) ::SearchDialog_void_createReplaceLabelAndField__JPanel-GridBagConstraints__
BASE_VERB::create (V) | field panel (N) ++ :: JPanel (N) :: searchdialog (N) ::SearchDialog_JPanel_createFieldPanel____
BASE_VERB::create (V) | search settings panel (N) ++ :: JPanel (N) :: searchdialog (N) ::SearchDialog_JPanel_createSearchSettingsPanel____
BASE_VERB::create (V) | multi file panel (N) ++ :: JPanel (N) :: searchdialog (N) ::SearchDialog_JPanel_createMultiFilePanel____
BASE_VERB::create (V) | buttons panel (N) ++ :: Box (N) :: searchdialog (N) ::SearchDialog_Box_createButtonsPanel____
BASE_VERB::update (V) | enabled (N) ++ :: void (N) :: searchdialog (N) ::SearchDialog_void_updateEnabled____
BASE_VERB::save (V) | value (N) ++ :: boolean (N) :: searchdialog (N) ::SearchDialog_boolean_save__boolean__
BASE_VERB::close (V) | or keep dialog (N) ++ :: void (N) :: searchdialog (N) ::SearchDialog_void_closeOrKeepDialog____
BASE_VERB::load (V) | value (N) ++ :: void (N) :: searchdialog (N) ::SearchDialog_void_load____
CONSTRUCTOR::create (V) | jradio button (N) ++ :: SearchDialog (N) :: searchdialog (N) ::SearchDialog_SearchDialog_MyJRadioButton__String__
SPECIAL::is (V) | focusable (N) ++ :: boolean (N) :: searchdialog (N) ::SearchDialog_boolean_isFocusable____
BASE_VERB::action (V) | performed (N) ++ :: void (N) :: searchdialog (N) ::SearchDialog_void_actionPerformed__ActionEvent__
BASE_VERB::action (V) | performed (N) ++ :: void (N) :: searchdialog (N) ::SearchDialog_void_actionPerformed__ActionEvent__
BASE_VERB::action (V) | performed (N) ++ :: void (N) :: searchdialog (N) ::SearchDialog_void_actionPerformed__ActionEvent__
BASE_VERB::synchronize (V) | multi file settings (N) ++ :: void (N) :: searchdialog (N) ::SearchDialog_void_synchronizeMultiFileSettings____
BASE_VERB::action (V) | performed (N) ++ :: void (N) :: searchdialog (N) ::SearchDialog_void_actionPerformed__ActionEvent__
CONSTRUCTOR::create (V) | map (N) ++ :: KeywordMap (N) :: keywordmap (N) ::KeywordMap_KeywordMap_KeywordMap__boolean__
CONSTRUCTOR::create (V) | map (N) ++ :: KeywordMap (N) :: keywordmap (N) ::KeywordMap_KeywordMap_KeywordMap__boolean-int__
BASE_VERB::lookup (V) | value (N) ++ :: byte (N) :: keywordmap (N) ::KeywordMap_byte_lookup__Segment-int-int__
BASE_VERB::add (V) | value (N) ++ :: void (N) :: keywordmap (N) ::KeywordMap_void_add__String-byte__
BASE_VERB::add (V) | value (N) ++ :: void (N) :: keywordmap (N) ::KeywordMap_void_add__charArray-byte__
SPECIAL::get (V) | non alpha numeric chars (N) ++ :: String (N) :: keywordmap (N) ::KeywordMap_String_getNonAlphaNumericChars____
SPECIAL::get (V) | keywords (N) ++ :: StringArray (N) :: keywordmap (N) ::KeywordMap_StringArray_getKeywords____
SPECIAL::get (V) | ignore case (N) ++ :: boolean (N) :: keywordmap (N) ::KeywordMap_boolean_getIgnoreCase____
SPECIAL::set (V) | ignore case (N) ++ :: void (N) :: keywordmap (N) ::KeywordMap_void_setIgnoreCase__boolean__
BASE_VERB::add (V) | value (N) ++ :: void (N) :: keywordmap (N) ::KeywordMap_void_add__KeywordMap__
SPECIAL::get (V) | string map key (N) ++ :: int (N) :: keywordmap (N) ::KeywordMap_int_getStringMapKey__charArray__
SPECIAL::get (V) | segment map key (N) ++ :: int (N) :: keywordmap (N) ::KeywordMap_int_getSegmentMapKey__Segment-int-int__
CONSTRUCTOR::create (V) | value (N) ++ :: KeywordMap (N) :: keywordmap (N) ::KeywordMap_KeywordMap_Keyword__charArray-byte-Keyword__
BASE_VERB::remove (V) | all (N) ++ :: void (N) :: modeprovider (N) ::ModeProvider_void_removeAll____
SPECIAL::get (V) | mode (N) ++ :: Mode (N) :: modeprovider (N) ::ModeProvider_Mode_getMode__String__
SPECIAL::get (V) | mode for file (N) ++ :: Mode (N) :: modeprovider (N) ::ModeProvider_Mode_getModeForFile__String-String__
SPECIAL::get (V) | mode for file (N) ++ :: Mode (N) :: modeprovider (N) ::ModeProvider_Mode_getModeForFile__String-String-String__
SPECIAL::get (V) | modes (N) ++ :: ModeArray (N) :: modeprovider (N) ::ModeProvider_ModeArray_getModes____
BASE_VERB::add (V) | mode (N) ++ :: void (N) :: modeprovider (N) ::ModeProvider_void_addMode__Mode__
BASE_VERB::load (V) | mode (N) ++ :: void (N) :: modeprovider (N) ::ModeProvider_void_loadMode__Mode-XModeHandler__
BASE_VERB::error (V) | value (N) ++ :: void (N) :: modeprovider (N) ::ModeProvider_void_error__String-Object__
SPECIAL::get (V) | token marker (N) ++ :: TokenMarker (N) :: modeprovider (N) ::ModeProvider_TokenMarker_getTokenMarker__String__
BASE_VERB::load (V) | mode (N) ++ :: void (N) :: modeprovider (N) ::ModeProvider_void_loadMode__Mode__
BASE_VERB::error (V) | value (N) ++ :: void (N) :: modeprovider (N) ::ModeProvider_void_error__String-Throwable__
SPECIAL::get (V) | standard rule set (N) ++ :: ParserRuleSet (N) :: parserruleset (N) ::ParserRuleSet_ParserRuleSet_getStandardRuleSet__byte__
CONSTRUCTOR::create (V) | rule set (N) ++ :: ParserRuleSet (N) :: parserruleset (N) ::ParserRuleSet_ParserRuleSet_ParserRuleSet__String-String__
SPECIAL::get (V) | mode name (N) ++ :: String (N) :: parserruleset (N) ::ParserRuleSet_String_getModeName____
SPECIAL::get (V) | set name (N) ++ :: String (N) :: parserruleset (N) ::ParserRuleSet_String_getSetName____
SPECIAL::get (V) | name (N) ++ :: String (N) :: parserruleset (N) ::ParserRuleSet_String_getName____
SPECIAL::get (V) | properties (N) ++ :: HashtableString,String (N) :: parserruleset (N) ::ParserRuleSet_HashtableString,String_getProperties____
SPECIAL::set (V) | properties (N) ++ :: void (N) :: parserruleset (N) ::ParserRuleSet_void_setProperties__HashtableString,String__
BASE_VERB::resolve (V) | imports (N) ++ :: void (N) :: parserruleset (N) ::ParserRuleSet_void_resolveImports____
BASE_VERB::add (V) | rule set (N) ++ :: void (N) :: parserruleset (N) ::ParserRuleSet_void_addRuleSet__ParserRuleSet__
BASE_VERB::add (V) | rule (N) ++ :: void (N) :: parserruleset (N) ::ParserRuleSet_void_addRule__ParserRule__
SPECIAL::get (V) | rules (N) ++ :: ListParserRule (N) :: parserruleset (N) ::ParserRuleSet_ListParserRule_getRules__Character__
SPECIAL::get (V) | rule count (N) ++ :: int (N) :: parserruleset (N) ::ParserRuleSet_int_getRuleCount____
SPECIAL::get (V) | terminate char (N) ++ :: int (N) :: parserruleset (N) ::ParserRuleSet_int_getTerminateChar____
SPECIAL::set (V) | terminate char (N) ++ :: void (N) :: parserruleset (N) ::ParserRuleSet_void_setTerminateChar__int__
SPECIAL::get (V) | ignore case (N) ++ :: boolean (N) :: parserruleset (N) ::ParserRuleSet_boolean_getIgnoreCase____
SPECIAL::set (V) | ignore case (N) ++ :: void (N) :: parserruleset (N) ::ParserRuleSet_void_setIgnoreCase__boolean__
SPECIAL::get (V) | keywords (N) ++ :: KeywordMap (N) :: parserruleset (N) ::ParserRuleSet_KeywordMap_getKeywords____
SPECIAL::set (V) | keywords (N) ++ :: void (N) :: parserruleset (N) ::ParserRuleSet_void_setKeywords__KeywordMap__
SPECIAL::get (V) | highlight digits (N) ++ :: boolean (N) :: parserruleset (N) ::ParserRuleSet_boolean_getHighlightDigits____
SPECIAL::set (V) | highlight digits (N) ++ :: void (N) :: parserruleset (N) ::ParserRuleSet_void_setHighlightDigits__boolean__
SPECIAL::get (V) | digit regexp (N) ++ :: Pattern (N) :: parserruleset (N) ::ParserRuleSet_Pattern_getDigitRegexp____
SPECIAL::set (V) | digit regexp (N) ++ :: void (N) :: parserruleset (N) ::ParserRuleSet_void_setDigitRegexp__Pattern__
SPECIAL::get (V) | escape rule (N) ++ :: ParserRule (N) :: parserruleset (N) ::ParserRuleSet_ParserRule_getEscapeRule____
SPECIAL::set (V) | escape rule (N) ++ :: void (N) :: parserruleset (N) ::ParserRuleSet_void_setEscapeRule__ParserRule__
SPECIAL::get (V) | default (N) ++ :: byte (N) :: parserruleset (N) ::ParserRuleSet_byte_getDefault____
SPECIAL::set (V) | default (N) ++ :: void (N) :: parserruleset (N) ::ParserRuleSet_void_setDefault__byte__
SPECIAL::get (V) | no word sep (N) ++ :: String (N) :: parserruleset (N) ::ParserRuleSet_String_getNoWordSep____
SPECIAL::set (V) | no word sep (N) ++ :: void (N) :: parserruleset (N) ::ParserRuleSet_void_setNoWordSep__String__
SPECIAL::is (V) | built in (N) ++ :: boolean (N) :: parserruleset (N) ::ParserRuleSet_boolean_isBuiltIn____
BASE_VERB::to (V) | string (N) ++ :: String (N) :: parserruleset (N) ::ParserRuleSet_String_toString____
CONSTRUCTOR::create (V) | marker (N) ++ :: TokenMarker (N) :: tokenmarker (N) ::TokenMarker_TokenMarker_TokenMarker____
BASE_VERB::add (V) | rule set (N) ++ :: void (N) :: tokenmarker (N) ::TokenMarker_void_addRuleSet__ParserRuleSet__
SPECIAL::get (V) | main rule set (N) ++ :: ParserRuleSet (N) :: tokenmarker (N) ::TokenMarker_ParserRuleSet_getMainRuleSet____
SPECIAL::get (V) | rule set (N) ++ :: ParserRuleSet (N) :: tokenmarker (N) ::TokenMarker_ParserRuleSet_getRuleSet__String__
SPECIAL::get (V) | rule sets (N) ++ :: ParserRuleSetArray (N) :: tokenmarker (N) ::TokenMarker_ParserRuleSetArray_getRuleSets____
BASE_VERB::mark (V) | tokens (N) ++ :: LineContext (N) :: tokenmarker (N) ::TokenMarker_LineContext_markTokens__LineContext-TokenHandler-Segment__
BASE_VERB::check (V) | delegate end (N) ++ :: boolean (N) :: tokenmarker (N) ::TokenMarker_boolean_checkDelegateEnd__ParserRule__
BASE_VERB::offset (V) | matches (N) ++ :: boolean (N) :: tokenmarker (N) ::TokenMarker_boolean_offsetMatches__int-int__
BASE_VERB::handle (V) | rule start (N) ++ :: boolean (N) :: tokenmarker (N) ::TokenMarker_boolean_handleRuleStart__ParserRule__
BASE_VERB::handle (V) | rule end (N) ++ :: boolean (N) :: tokenmarker (N) ::TokenMarker_boolean_handleRuleEnd__ParserRule__
BASE_VERB::handle (V) | no word break (N) ++ :: void (N) :: tokenmarker (N) ::TokenMarker_void_handleNoWordBreak____
BASE_VERB::handle (V) | token with spaces (N) ++ :: void (N) :: tokenmarker (N) ::TokenMarker_void_handleTokenWithSpaces__TokenHandler-byte-int-int-LineContext__
BASE_VERB::mark (V) | keyword (N) ++ :: void (N) :: tokenmarker (N) ::TokenMarker_void_markKeyword__boolean__
BASE_VERB::substitute (V) | value (N) ++ :: charArray (N) :: tokenmarker (N) ::TokenMarker_charArray_substitute__Matcher-charArray-boolean__
BASE_VERB::match (V) | token (N) ++ :: byte (N) :: tokenmarker (N) ::TokenMarker_byte_matchToken__ParserRule-ParserRule-LineContext__
BASE_VERB::check (V) | hash string (N) ++ :: boolean (N) :: tokenmarker (N) ::TokenMarker_boolean_checkHashString__ParserRule__
CONSTRUCTOR::create (V) | context (N) ++ :: TokenMarker (N) :: tokenmarker (N) ::TokenMarker_TokenMarker_LineContext__ParserRuleSet-LineContext__
CONSTRUCTOR::create (V) | context (N) ++ :: TokenMarker (N) :: tokenmarker (N) ::TokenMarker_TokenMarker_LineContext____
BASE_VERB::intern (V) | value (N) ++ :: LineContext (N) :: tokenmarker (N) ::TokenMarker_LineContext_intern____
BASE_VERB::hash (V) | code (N) ++ :: int (N) :: tokenmarker (N) ::TokenMarker_int_hashCode____
BASE_VERB::equals (V) | value (N) ++ :: boolean (N) :: tokenmarker (N) ::TokenMarker_boolean_equals__Object__
BASE_VERB::clone (V) | value (N) ++ :: Object (N) :: tokenmarker (N) ::TokenMarker_Object_clone____
BASE_VERB::char (V) | arrays equal (N) ++ :: boolean (N) :: tokenmarker (N) ::TokenMarker_boolean_charArraysEqual__charArray-charArray__
SPECIAL::set (V) | in rule (N) ++ :: void (N) :: tokenmarker (N) ::TokenMarker_void_setInRule__ParserRule__
CONSTRUCTOR::create (V) | handler (N) ++ :: XModeHandler (N) :: xmodehandler (N) ::XModeHandler_XModeHandler_XModeHandler__String__
BASE_VERB::resolve (V) | entity (N) ++ :: InputSource (N) :: xmodehandler (N) ::XModeHandler_InputSource_resolveEntity__String-String__
BASE_VERB::characters (V) | value (N) ++ :: void (N) :: xmodehandler (N) ::XModeHandler_void_characters__charArray-int-int__
BASE_VERB::start (V) | element (N) ++ :: void (N) :: xmodehandler (N) ::XModeHandler_void_startElement__String-String-String-Attributes__
BASE_VERB::end (V) | element (N) ++ :: void (N) :: xmodehandler (N) ::XModeHandler_void_endElement__String-String-String__
BASE_VERB::start (V) | document (N) ++ :: void (N) :: xmodehandler (N) ::XModeHandler_void_startDocument____
BASE_VERB::end (V) | document (N) ++ :: void (N) :: xmodehandler (N) ::XModeHandler_void_endDocument____
SPECIAL::get (V) | token marker (N) ++ :: TokenMarker (N) :: xmodehandler (N) ::XModeHandler_TokenMarker_getTokenMarker____
SPECIAL::get (V) | mode properties (N) ++ :: HashtableString,String (N) :: xmodehandler (N) ::XModeHandler_HashtableString,String_getModeProperties____
BASE_VERB::error (V) | value (N) ++ :: void (N) :: xmodehandler (N) ::XModeHandler_void_error__String-Object__
SPECIAL::get (V) | token marker (N) ++ :: TokenMarker (N) :: xmodehandler (N) ::XModeHandler_TokenMarker_getTokenMarker__String__
BASE_VERB::add (V) | keyword (N) ++ :: void (N) :: xmodehandler (N) ::XModeHandler_void_addKeyword__String-byte__
BASE_VERB::push (V) | element (N) ++ :: TagDecl (N) :: xmodehandler (N) ::XModeHandler_TagDecl_pushElement__String-Attributes__
BASE_VERB::peek (V) | element (N) ++ :: TagDecl (N) :: xmodehandler (N) ::XModeHandler_TagDecl_peekElement____
BASE_VERB::pop (V) | element (N) ++ :: TagDecl (N) :: xmodehandler (N) ::XModeHandler_TagDecl_popElement____
BASE_VERB::find (V) | parent (N) ++ :: TagDecl (N) :: xmodehandler (N) ::XModeHandler_TagDecl_findParent__String__
CONSTRUCTOR::create (V) | decl (N) ++ :: XModeHandler (N) :: xmodehandler (N) ::XModeHandler_XModeHandler_TagDecl__String-Attributes__
SPECIAL::set (V) | text (N) ++ :: void (N) :: xmodehandler (N) ::XModeHandler_void_setText__charArray-int-int__
CONSTRUCTOR::create (V) | cache (N) ++ :: ChunkCache (N) :: chunkcache (N) ::ChunkCache_ChunkCache_ChunkCache__TextArea__
SPECIAL::get (V) | max horizontal scroll width (N) ++ :: int (N) :: chunkcache (N) ::ChunkCache_int_getMaxHorizontalScrollWidth____
SPECIAL::get (V) | screen line of offset (N) ++ :: int (N) :: chunkcache (N) ::ChunkCache_int_getScreenLineOfOffset__int-int__
BASE_VERB::recalculate (V) | visible lines (N) ++ :: void (N) :: chunkcache (N) ::ChunkCache_void_recalculateVisibleLines____
SPECIAL::set (V) | buffer (N) ++ :: void (N) :: chunkcache (N) ::ChunkCache_void_setBuffer__JEditBuffer__
BASE_VERB::scroll (V) | down (N) ++ :: void (N) :: chunkcache (N) ::ChunkCache_void_scrollDown__int__
BASE_VERB::scroll (V) | up (N) ++ :: void (N) :: chunkcache (N) ::ChunkCache_void_scrollUp__int__
BASE_VERB::invalidate (V) | all (N) ++ :: void (N) :: chunkcache (N) ::ChunkCache_void_invalidateAll____
BASE_VERB::invalidate (V) | chunks from phys (N) ++ :: void (N) :: chunkcache (N) ::ChunkCache_void_invalidateChunksFromPhys__int__
SPECIAL::get (V) | line info (N) ++ :: LineInfo (N) :: chunkcache (N) ::ChunkCache_LineInfo_getLineInfo__int__
SPECIAL::get (V) | line subregion count (N) ++ :: int (N) :: chunkcache (N) ::ChunkCache_int_getLineSubregionCount__int__
SPECIAL::get (V) | subregion of offset (N) ++ :: int (N) :: chunkcache (N) ::ChunkCache_int_getSubregionOfOffset__int-LineInfoArray__
BASE_VERB::x (V) | to subregion offset (N) ++ :: int (N) :: chunkcache (N) ::ChunkCache_int_xToSubregionOffset__int-int-int-boolean__
BASE_VERB::x (V) | to subregion offset (N) ++ :: int (N) :: chunkcache (N) ::ChunkCache_int_xToSubregionOffset__LineInfo-int-boolean__
BASE_VERB::subregion (V) | offset to x (N) ++ :: int (N) :: chunkcache (N) ::ChunkCache_int_subregionOffsetToX__int-int__
BASE_VERB::subregion (V) | offset to x (N) ++ :: int (N) :: chunkcache (N) ::ChunkCache_int_subregionOffsetToX__LineInfo-int__
SPECIAL::get (V) | subregion start offset (N) ++ :: int (N) :: chunkcache (N) ::ChunkCache_int_getSubregionStartOffset__int-int__
SPECIAL::get (V) | subregion end offset (N) ++ :: int (N) :: chunkcache (N) ::ChunkCache_int_getSubregionEndOffset__int-int__
SPECIAL::get (V) | below position (N) ++ :: int (N) :: chunkcache (N) ::ChunkCache_int_getBelowPosition__int-int-int-boolean__
SPECIAL::get (V) | above position (N) ++ :: int (N) :: chunkcache (N) ::ChunkCache_int_getAbovePosition__int-int-int-boolean__
BASE_VERB::need (V) | full repaint (N) ++ :: boolean (N) :: chunkcache (N) ::ChunkCache_boolean_needFullRepaint____
SPECIAL::get (V) | line infos for physical line (N) ++ :: LineInfoArray (N) :: chunkcache (N) ::ChunkCache_LineInfoArray_getLineInfosForPhysicalLine__int__
SPECIAL::get (V) | line infos for physical line (N) ++ :: void (N) :: chunkcache (N) ::ChunkCache_void_getLineInfosForPhysicalLine__int-ListLineInfo__
SPECIAL::get (V) | first screen line (N) ++ :: int (N) :: chunkcache (N) ::ChunkCache_int_getFirstScreenLine____
SPECIAL::get (V) | update start line (N) ++ :: int (N) :: chunkcache (N) ::ChunkCache_int_getUpdateStartLine__int__
BASE_VERB::update (V) | chunks up to (N) ++ :: void (N) :: chunkcache (N) ::ChunkCache_void_updateChunksUpTo__int__
BASE_VERB::line (V) | to chunk list (N) ++ :: void (N) :: chunkcache (N) ::ChunkCache_void_lineToChunkList__int-ListChunk__
BASE_VERB::to (V) | string (N) ++ :: String (N) :: chunkcache (N) ::ChunkCache_String_toString____
SPECIAL::get (V) | display manager (N) ++ :: DisplayManager (N) :: displaymanager (N) ::DisplayManager_DisplayManager_getDisplayManager__JEditBuffer-TextArea__
BASE_VERB::release (V) | value (N) ++ :: void (N) :: displaymanager (N) ::DisplayManager_void_release____
BASE_VERB::buffer (V) | closed (N) ++ :: void (N) :: displaymanager (N) ::DisplayManager_void_bufferClosed__JEditBuffer__
BASE_VERB::text (V) | area disposed (N) ++ :: void (N) :: displaymanager (N) ::DisplayManager_void_textAreaDisposed__TextArea__
SPECIAL::get (V) | buffer (N) ++ :: JEditBuffer (N) :: displaymanager (N) ::DisplayManager_JEditBuffer_getBuffer____
SPECIAL::is (V) | line visible (N) ++ :: boolean (N) :: displaymanager (N) ::DisplayManager_boolean_isLineVisible__int__
SPECIAL::is (V) | outside narrowing (N) ++ :: boolean (N) :: displaymanager (N) ::DisplayManager_boolean_isOutsideNarrowing__int__
SPECIAL::get (V) | first visible line (N) ++ :: int (N) :: displaymanager (N) ::DisplayManager_int_getFirstVisibleLine____
SPECIAL::get (V) | last visible line (N) ++ :: int (N) :: displaymanager (N) ::DisplayManager_int_getLastVisibleLine____
SPECIAL::get (V) | next visible line (N) ++ :: int (N) :: displaymanager (N) ::DisplayManager_int_getNextVisibleLine__int__
SPECIAL::get (V) | prev visible line (N) ++ :: int (N) :: displaymanager (N) ::DisplayManager_int_getPrevVisibleLine__int__
SPECIAL::get (V) | screen line count (N) ++ :: int (N) :: displaymanager (N) ::DisplayManager_int_getScreenLineCount__int__
SPECIAL::get (V) | scroll line count (N) ++ :: int (N) :: displaymanager (N) ::DisplayManager_int_getScrollLineCount____
BASE_VERB::collapse (V) | fold (N) ++ :: void (N) :: displaymanager (N) ::DisplayManager_void_collapseFold__int__
BASE_VERB::expand (V) | fold (N) ++ :: int (N) :: displaymanager (N) ::DisplayManager_int_expandFold__int-boolean__
BASE_VERB::expand (V) | all folds (N) ++ :: void (N) :: displaymanager (N) ::DisplayManager_void_expandAllFolds____
BASE_VERB::expand (V) | folds (N) ++ :: void (N) :: displaymanager (N) ::DisplayManager_void_expandFolds__char__
BASE_VERB::expand (V) | folds (N) ++ :: void (N) :: displaymanager (N) ::DisplayManager_void_expandFolds__int-boolean__
BASE_VERB::expand (V) | folds (N) ++ :: void (N) :: displaymanager (N) ::DisplayManager_void_expandFolds__int__
BASE_VERB::narrow (V) | value (N) ++ :: void (N) :: displaymanager (N) ::DisplayManager_void_narrow__int-int__
BASE_VERB::init (V) | value (N) ++ :: void (N) :: displaymanager (N) ::DisplayManager_void_init____
BASE_VERB::notify (V) | screen line changes (N) ++ :: void (N) :: displaymanager (N) ::DisplayManager_void_notifyScreenLineChanges____
SPECIAL::set (V) | first line (N) ++ :: void (N) :: displaymanager (N) ::DisplayManager_void_setFirstLine__int-int__
SPECIAL::set (V) | first physical line (N) ++ :: void (N) :: displaymanager (N) ::DisplayManager_void_setFirstPhysicalLine__int-int__
BASE_VERB::invalidate (V) | screen line counts (N) ++ :: void (N) :: displaymanager (N) ::DisplayManager_void_invalidateScreenLineCounts____
BASE_VERB::update (V) | screen line count (N) ++ :: void (N) :: displaymanager (N) ::DisplayManager_void_updateScreenLineCount__int__
BASE_VERB::buffer (V) | loaded (N) ++ :: void (N) :: displaymanager (N) ::DisplayManager_void_bufferLoaded____
BASE_VERB::fold (V) | handler changed (N) ++ :: void (N) :: displaymanager (N) ::DisplayManager_void_foldHandlerChanged____
CONSTRUCTOR::create (V) | manager (N) ++ :: DisplayManager (N) :: displaymanager (N) ::DisplayManager_DisplayManager_DisplayManager__JEditBuffer-TextArea-DisplayManager__
BASE_VERB::reset (V) | anchors (N) ++ :: void (N) :: displaymanager (N) ::DisplayManager_void_resetAnchors____
BASE_VERB::dispose (V) | value (N) ++ :: void (N) :: displaymanager (N) ::DisplayManager_void_dispose____
BASE_VERB::show (V) | line range (N) ++ :: void (N) :: displaymanager (N) ::DisplayManager_void_showLineRange__int-int__
BASE_VERB::hide (V) | line range (N) ++ :: void (N) :: displaymanager (N) ::DisplayManager_void_hideLineRange__int-int__
SPECIAL::set (V) | screen line count (N) ++ :: void (N) :: displaymanager (N) ::DisplayManager_void_setScreenLineCount__int-int__
BASE_VERB::expand (V) | fold (N) ++ :: boolean (N) :: displaymanager (N) ::DisplayManager_boolean__expandFold__int-boolean-MutableInteger__
CONSTRUCTOR::create (V) | integer (N) ++ :: DisplayManager (N) :: displaymanager (N) ::DisplayManager_DisplayManager_MutableInteger__int__
SPECIAL::set (V) | value (N) ++ :: void (N) :: displaymanager (N) ::DisplayManager_void_set__int__
SPECIAL::get (V) | value (N) ++ :: int (N) :: displaymanager (N) ::DisplayManager_int_get____
SPECIAL::set (V) | fold painter (N) ++ :: void (N) :: gutter (N) ::Gutter_void_setFoldPainter__FoldPainter__
BASE_VERB::buffer (V) | loaded (N) ++ :: void (N) :: gutter (N) ::Gutter_void_bufferLoaded__JEditBuffer__
BASE_VERB::content (V) | inserted (N) ++ :: void (N) :: gutter (N) ::Gutter_void_contentInserted__JEditBuffer-int-int-int-int__
BASE_VERB::content (V) | removed (N) ++ :: void (N) :: gutter (N) ::Gutter_void_contentRemoved__JEditBuffer-int-int-int-int__
CONSTRUCTOR::create (V) | value (N) ++ :: Gutter (N) :: gutter (N) ::Gutter_Gutter_Gutter__TextArea__
BASE_VERB::paint (V) | component (N) ++ :: void (N) :: gutter (N) ::Gutter_void_paintComponent__Graphics__
BASE_VERB::add (V) | extension (N) ++ :: void (N) :: gutter (N) ::Gutter_void_addExtension__TextAreaExtension__
BASE_VERB::add (V) | extension (N) ++ :: void (N) :: gutter (N) ::Gutter_void_addExtension__int-TextAreaExtension__
BASE_VERB::remove (V) | extension (N) ++ :: void (N) :: gutter (N) ::Gutter_void_removeExtension__TextAreaExtension__
SPECIAL::get (V) | extensions (N) ++ :: TextAreaExtensionArray (N) :: gutter (N) ::Gutter_TextAreaExtensionArray_getExtensions____
SPECIAL::get (V) | tool tip text (N) ++ :: String (N) :: gutter (N) ::Gutter_String_getToolTipText__MouseEvent__
SPECIAL::set (V) | border (N) ++ :: void (N) :: gutter (N) ::Gutter_void_setBorder__int-Color-Color-Color__
BASE_VERB::update (V) | border (N) ++ :: void (N) :: gutter (N) ::Gutter_void_updateBorder____
SPECIAL::set (V) | border (N) ++ :: void (N) :: gutter (N) ::Gutter_void_setBorder__Border__
SPECIAL::set (V) | min line number digit count (N) ++ :: void (N) :: gutter (N) ::Gutter_void_setMinLineNumberDigitCount__int__
SPECIAL::get (V) | min line number digit count (N) ++ :: int (N) :: gutter (N) ::Gutter_int_getMinLineNumberDigitCount____
SPECIAL::get (V) | line number digit count (N) ++ :: int (N) :: gutter (N) ::Gutter_int_getLineNumberDigitCount____
SPECIAL::set (V) | buffer (N) ++ :: void (N) :: gutter (N) ::Gutter_void_setBuffer__JEditBuffer__
BASE_VERB::update (V) | line number width (N) ++ :: void (N) :: gutter (N) ::Gutter_void_updateLineNumberWidth____
BASE_VERB::dispose (V) | value (N) ++ :: void (N) :: gutter (N) ::Gutter_void_dispose____
SPECIAL::set (V) | font (N) ++ :: void (N) :: gutter (N) ::Gutter_void_setFont__Font__
SPECIAL::set (V) | gutter enabled (N) ++ :: void (N) :: gutter (N) ::Gutter_void_setGutterEnabled__boolean__
SPECIAL::is (V) | selection area enabled (N) ++ :: boolean (N) :: gutter (N) ::Gutter_boolean_isSelectionAreaEnabled____
SPECIAL::set (V) | selection area enabled (N) ++ :: void (N) :: gutter (N) ::Gutter_void_setSelectionAreaEnabled__boolean__
SPECIAL::set (V) | selection area background (N) ++ :: void (N) :: gutter (N) ::Gutter_void_setSelectionAreaBackground__Color__
SPECIAL::set (V) | selection area width (N) ++ :: void (N) :: gutter (N) ::Gutter_void_setSelectionAreaWidth__int__
SPECIAL::get (V) | highlighted foreground (N) ++ :: Color (N) :: gutter (N) ::Gutter_Color_getHighlightedForeground____
SPECIAL::set (V) | highlighted foreground (N) ++ :: void (N) :: gutter (N) ::Gutter_void_setHighlightedForeground__Color__
SPECIAL::get (V) | current line foreground (N) ++ :: Color (N) :: gutter (N) ::Gutter_Color_getCurrentLineForeground____
SPECIAL::set (V) | current line foreground (N) ++ :: void (N) :: gutter (N) ::Gutter_void_setCurrentLineForeground__Color__
SPECIAL::get (V) | fold color (N) ++ :: Color (N) :: gutter (N) ::Gutter_Color_getFoldColor____
SPECIAL::set (V) | fold color (N) ++ :: void (N) :: gutter (N) ::Gutter_void_setFoldColor__Color__
SPECIAL::get (V) | preferred size (N) ++ :: Dimension (N) :: gutter (N) ::Gutter_Dimension_getPreferredSize____
SPECIAL::get (V) | minimum size (N) ++ :: Dimension (N) :: gutter (N) ::Gutter_Dimension_getMinimumSize____
SPECIAL::get (V) | line number alignment (N) ++ :: int (N) :: gutter (N) ::Gutter_int_getLineNumberAlignment____
SPECIAL::set (V) | line number alignment (N) ++ :: void (N) :: gutter (N) ::Gutter_void_setLineNumberAlignment__int__
SPECIAL::is (V) | expanded (N) ++ :: boolean (N) :: gutter (N) ::Gutter_boolean_isExpanded____
SPECIAL::set (V) | expanded (N) ++ :: void (N) :: gutter (N) ::Gutter_void_setExpanded__boolean__
BASE_VERB::toggle (V) | expanded (N) ++ :: void (N) :: gutter (N) ::Gutter_void_toggleExpanded____
SPECIAL::get (V) | highlight interval (N) ++ :: int (N) :: gutter (N) ::Gutter_int_getHighlightInterval____
SPECIAL::set (V) | highlight interval (N) ++ :: void (N) :: gutter (N) ::Gutter_void_setHighlightInterval__int__
SPECIAL::is (V) | current line highlight enabled (N) ++ :: boolean (N) :: gutter (N) ::Gutter_boolean_isCurrentLineHighlightEnabled____
SPECIAL::set (V) | current line highlight enabled (N) ++ :: void (N) :: gutter (N) ::Gutter_void_setCurrentLineHighlightEnabled__boolean__
SPECIAL::get (V) | structure highlight color (N) ++ :: Color (N) :: gutter (N) ::Gutter_Color_getStructureHighlightColor____
SPECIAL::set (V) | structure highlight color (N) ++ :: void (N) :: gutter (N) ::Gutter_void_setStructureHighlightColor__Color__
SPECIAL::is (V) | structure highlight enabled (N) ++ :: boolean (N) :: gutter (N) ::Gutter_boolean_isStructureHighlightEnabled____
SPECIAL::set (V) | structure highlight enabled (N) ++ :: void (N) :: gutter (N) ::Gutter_void_setStructureHighlightEnabled__boolean__
SPECIAL::set (V) | selection popup handler (N) ++ :: void (N) :: gutter (N) ::Gutter_void_setSelectionPopupHandler__GutterPopupHandler__
SPECIAL::get (V) | selection popup handler (N) ++ :: GutterPopupHandler (N) :: gutter (N) ::Gutter_GutterPopupHandler_getSelectionPopupHandler____
SPECIAL::set (V) | mouse actions provider (N) ++ :: void (N) :: gutter (N) ::Gutter_void_setMouseActionsProvider__MouseActionsProvider__
BASE_VERB::paint (V) | line (N) ++ :: void (N) :: gutter (N) ::Gutter_void_paintLine__Graphics2D-int-int__
BASE_VERB::mouse (V) | entered (N) ++ :: void (N) :: gutter (N) ::Gutter_void_mouseEntered__MouseEvent__
BASE_VERB::mouse (V) | exited (N) ++ :: void (N) :: gutter (N) ::Gutter_void_mouseExited__MouseEvent__
BASE_VERB::mouse (V) | pressed (N) ++ :: void (N) :: gutter (N) ::Gutter_void_mousePressed__MouseEvent__
BASE_VERB::mouse (V) | dragged (N) ++ :: void (N) :: gutter (N) ::Gutter_void_mouseDragged__MouseEvent__
SPECIAL::get (V) | fold end offset (N) ++ :: int (N) :: gutter (N) ::Gutter_int_getFoldEndOffset__int__
BASE_VERB::mouse (V) | released (N) ++ :: void (N) :: gutter (N) ::Gutter_void_mouseReleased__MouseEvent__
CONSTRUCTOR::create (V) | text area (N) ++ :: JEditTextArea (N) :: jedittextarea (N) ::JEditTextArea_JEditTextArea_JEditTextArea__View__
BASE_VERB::dispose (V) | value (N) ++ :: void (N) :: jedittextarea (N) ::JEditTextArea_void_dispose____
SPECIAL::get (V) | fold painter (N) ++ :: FoldPainter (N) :: jedittextarea (N) ::JEditTextArea_FoldPainter_getFoldPainter____
BASE_VERB::home (V) | value (N) ++ :: void (N) :: jedittextarea (N) ::JEditTextArea_void_home__boolean__
BASE_VERB::end (V) | value (N) ++ :: void (N) :: jedittextarea (N) ::JEditTextArea_void_end__boolean__
BASE_VERB::smart (V) | home (N) ++ :: void (N) :: jedittextarea (N) ::JEditTextArea_void_smartHome__boolean__
BASE_VERB::smart (V) | end (N) ++ :: void (N) :: jedittextarea (N) ::JEditTextArea_void_smartEnd__boolean__
BASE_VERB::go (V) | to buffer end (N) ++ :: void (N) :: jedittextarea (N) ::JEditTextArea_void_goToBufferEnd__boolean__
BASE_VERB::go (V) | to matching bracket (N) ++ :: void (N) :: jedittextarea (N) ::JEditTextArea_void_goToMatchingBracket____
BASE_VERB::go (V) | to buffer start (N) ++ :: void (N) :: jedittextarea (N) ::JEditTextArea_void_goToBufferStart__boolean__
BASE_VERB::replace (V) | selection (N) ++ :: int (N) :: jedittextarea (N) ::JEditTextArea_int_replaceSelection__String__
BASE_VERB::show (V) | go to line dialog (N) ++ :: void (N) :: jedittextarea (N) ::JEditTextArea_void_showGoToLineDialog____
BASE_VERB::user (V) | input (N) ++ :: void (N) :: jedittextarea (N) ::JEditTextArea_void_userInput__char__
BASE_VERB::add (V) | explicit fold (N) ++ :: void (N) :: jedittextarea (N) ::JEditTextArea_void_addExplicitFold____
BASE_VERB::format (V) | paragraph (N) ++ :: void (N) :: jedittextarea (N) ::JEditTextArea_void_formatParagraph____
BASE_VERB::do (V) | word count (N) ++ :: void (N) :: jedittextarea (N) ::JEditTextArea_void_doWordCount__View-String__
BASE_VERB::show (V) | word count dialog (N) ++ :: void (N) :: jedittextarea (N) ::JEditTextArea_void_showWordCountDialog____
SPECIAL::get (V) | view (N) ++ :: View (N) :: jedittextarea (N) ::JEditTextArea_View_getView____
SPECIAL::get (V) | fold painter name (N) ++ :: String (N) :: jedittextarea (N) ::JEditTextArea_String_getFoldPainterName____
BASE_VERB::handle (V) | popup trigger (N) ++ :: void (N) :: jedittextarea (N) ::JEditTextArea_void_handlePopupTrigger__MouseEvent__
BASE_VERB::action (V) | performed (N) ++ :: void (N) :: jedittextarea (N) ::JEditTextArea_void_actionPerformed__ActionEvent__
BASE_VERB::create (V) | popup menu (N) ++ :: void (N) :: jedittextarea (N) ::JEditTextArea_void_createPopupMenu__MouseEvent__
BASE_VERB::handle (V) | properties changed (N) ++ :: void (N) :: jedittextarea (N) ::JEditTextArea_void_handlePropertiesChanged__PropertiesChanged__
CONSTRUCTOR::create (V) | map (N) ++ :: RangeMap (N) :: rangemap (N) ::RangeMap_RangeMap_RangeMap____
CONSTRUCTOR::create (V) | map (N) ++ :: RangeMap (N) :: rangemap (N) ::RangeMap_RangeMap_RangeMap__RangeMap__
BASE_VERB::reset (V) | value (N) ++ :: void (N) :: rangemap (N) ::RangeMap_void_reset__int__
BASE_VERB::first (V) | value (N) ++ :: int (N) :: rangemap (N) ::RangeMap_int_first____
BASE_VERB::last (V) | value (N) ++ :: int (N) :: rangemap (N) ::RangeMap_int_last____
BASE_VERB::lookup (V) | value (N) ++ :: int (N) :: rangemap (N) ::RangeMap_int_lookup__int__
BASE_VERB::search (V) | value (N) ++ :: int (N) :: rangemap (N) ::RangeMap_int_search__int__
BASE_VERB::put (V) | value (N) ++ :: void (N) :: rangemap (N) ::RangeMap_void_put__int-int-intArray__
BASE_VERB::put2 (V) | value (N) ++ :: void (N) :: rangemap (N) ::RangeMap_void_put2__int-int-int-int__
BASE_VERB::next (V) | value (N) ++ :: int (N) :: rangemap (N) ::RangeMap_int_next__int__
BASE_VERB::prev (V) | value (N) ++ :: int (N) :: rangemap (N) ::RangeMap_int_prev__int__
BASE_VERB::show (V) | value (N) ++ :: void (N) :: rangemap (N) ::RangeMap_void_show__int-int__
BASE_VERB::hide (V) | value (N) ++ :: void (N) :: rangemap (N) ::RangeMap_void_hide__int-int__
BASE_VERB::count (V) | value (N) ++ :: int (N) :: rangemap (N) ::RangeMap_int_count____
BASE_VERB::dump (V) | value (N) ++ :: void (N) :: rangemap (N) ::RangeMap_void_dump____
BASE_VERB::content (V) | inserted (N) ++ :: void (N) :: rangemap (N) ::RangeMap_void_contentInserted__int-int__
BASE_VERB::pre (V) | content removed (N) ++ :: boolean (N) :: rangemap (N) ::RangeMap_boolean_preContentRemoved__int-int__
CONSTRUCTOR::create (V) | line manager (N) ++ :: ScreenLineManager (N) :: screenlinemanager (N) ::ScreenLineManager_ScreenLineManager_ScreenLineManager__JEditBuffer__
SPECIAL::is (V) | screen line count valid (N) ++ :: boolean (N) :: screenlinemanager (N) ::ScreenLineManager_boolean_isScreenLineCountValid__int__
SPECIAL::get (V) | screen line count (N) ++ :: int (N) :: screenlinemanager (N) ::ScreenLineManager_int_getScreenLineCount__int__
SPECIAL::set (V) | screen line count (N) ++ :: void (N) :: screenlinemanager (N) ::ScreenLineManager_void_setScreenLineCount__int-int__
BASE_VERB::invalidate (V) | screen line counts (N) ++ :: void (N) :: screenlinemanager (N) ::ScreenLineManager_void_invalidateScreenLineCounts____
BASE_VERB::reset (V) | value (N) ++ :: void (N) :: screenlinemanager (N) ::ScreenLineManager_void_reset____
BASE_VERB::content (V) | inserted (N) ++ :: void (N) :: screenlinemanager (N) ::ScreenLineManager_void_contentInserted__int-int__
BASE_VERB::content (V) | removed (N) ++ :: void (N) :: screenlinemanager (N) ::ScreenLineManager_void_contentRemoved__int-int__
SPECIAL::get (V) | start (N) ++ :: int (N) :: selection (N) ::Selection_int_getStart____
SPECIAL::get (V) | end (N) ++ :: int (N) :: selection (N) ::Selection_int_getEnd____
SPECIAL::get (V) | start (N) ++ :: int (N) :: selection (N) ::Selection_int_getStart__JEditBuffer-int__
SPECIAL::get (V) | end (N) ++ :: int (N) :: selection (N) ::Selection_int_getEnd__JEditBuffer-int__
SPECIAL::get (V) | start line (N) ++ :: int (N) :: selection (N) ::Selection_int_getStartLine____
SPECIAL::get (V) | end line (N) ++ :: int (N) :: selection (N) ::Selection_int_getEndLine____
BASE_VERB::overlaps (V) | value (N) ++ :: boolean (N) :: selection (N) ::Selection_boolean_overlaps__Selection__
BASE_VERB::to (V) | string (N) ++ :: String (N) :: selection (N) ::Selection_String_toString____
BASE_VERB::clone (V) | value (N) ++ :: Object (N) :: selection (N) ::Selection_Object_clone____
CONSTRUCTOR::create (V) | value (N) ++ :: Selection (N) :: selection (N) ::Selection_Selection_Selection____
CONSTRUCTOR::create (V) | value (N) ++ :: Selection (N) :: selection (N) ::Selection_Selection_Selection__Selection__
CONSTRUCTOR::create (V) | value (N) ++ :: Selection (N) :: selection (N) ::Selection_Selection_Selection__int-int__
SPECIAL::get (V) | text (N) ++ :: void (N) :: selection (N) ::Selection_void_getText__JEditBuffer-StringBuilder__
SPECIAL::set (V) | text (N) ++ :: int (N) :: selection (N) ::Selection_int_setText__JEditBuffer-String__
BASE_VERB::content (V) | inserted (N) ++ :: boolean (N) :: selection (N) ::Selection_boolean_contentInserted__JEditBuffer-int-int-int-int__
BASE_VERB::content (V) | removed (N) ++ :: boolean (N) :: selection (N) ::Selection_boolean_contentRemoved__JEditBuffer-int-int-int-int__
CONSTRUCTOR::create (V) | value (N) ++ :: Selection (N) :: selection (N) ::Selection_Selection_Range____
CONSTRUCTOR::create (V) | value (N) ++ :: Selection (N) :: selection (N) ::Selection_Selection_Range__Selection__
CONSTRUCTOR::create (V) | value (N) ++ :: Selection (N) :: selection (N) ::Selection_Selection_Range__int-int__
SPECIAL::get (V) | start (N) ++ :: int (N) :: selection (N) ::Selection_int_getStart__JEditBuffer-int__
SPECIAL::get (V) | end (N) ++ :: int (N) :: selection (N) ::Selection_int_getEnd__JEditBuffer-int__
SPECIAL::get (V) | text (N) ++ :: void (N) :: selection (N) ::Selection_void_getText__JEditBuffer-StringBuilder__
SPECIAL::set (V) | text (N) ++ :: int (N) :: selection (N) ::Selection_int_setText__JEditBuffer-String__
BASE_VERB::content (V) | inserted (N) ++ :: boolean (N) :: selection (N) ::Selection_boolean_contentInserted__JEditBuffer-int-int-int-int__
BASE_VERB::content (V) | removed (N) ++ :: boolean (N) :: selection (N) ::Selection_boolean_contentRemoved__JEditBuffer-int-int-int-int__
CONSTRUCTOR::create (V) | value (N) ++ :: Selection (N) :: selection (N) ::Selection_Selection_Rect____
CONSTRUCTOR::create (V) | value (N) ++ :: Selection (N) :: selection (N) ::Selection_Selection_Rect__Selection__
CONSTRUCTOR::create (V) | value (N) ++ :: Selection (N) :: selection (N) ::Selection_Selection_Rect__int-int__
CONSTRUCTOR::create (V) | value (N) ++ :: Selection (N) :: selection (N) ::Selection_Selection_Rect__int-int-int-int__
CONSTRUCTOR::create (V) | value (N) ++ :: Selection (N) :: selection (N) ::Selection_Selection_Rect__JEditBuffer-int-int-int-int__
SPECIAL::get (V) | start column (N) ++ :: int (N) :: selection (N) ::Selection_int_getStartColumn__JEditBuffer__
SPECIAL::get (V) | end column (N) ++ :: int (N) :: selection (N) ::Selection_int_getEndColumn__JEditBuffer__
SPECIAL::get (V) | start (N) ++ :: int (N) :: selection (N) ::Selection_int_getStart__JEditBuffer-int__
SPECIAL::get (V) | end (N) ++ :: int (N) :: selection (N) ::Selection_int_getEnd__JEditBuffer-int__
SPECIAL::get (V) | text (N) ++ :: void (N) :: selection (N) ::Selection_void_getText__JEditBuffer-StringBuilder__
SPECIAL::set (V) | text (N) ++ :: int (N) :: selection (N) ::Selection_int_setText__JEditBuffer-String__
BASE_VERB::content (V) | inserted (N) ++ :: boolean (N) :: selection (N) ::Selection_boolean_contentInserted__JEditBuffer-int-int-int-int__
BASE_VERB::content (V) | removed (N) ++ :: boolean (N) :: selection (N) ::Selection_boolean_contentRemoved__JEditBuffer-int-int-int-int__
SPECIAL::get (V) | column on other line (N) ++ :: int (N) :: selection (N) ::Selection_int_getColumnOnOtherLine__JEditBuffer-int-int__
CONSTRUCTOR::create (V) | manager (N) ++ :: SelectionManager (N) :: selectionmanager (N) ::SelectionManager_SelectionManager_SelectionManager__TextArea__
SPECIAL::get (V) | selection count (N) ++ :: int (N) :: selectionmanager (N) ::SelectionManager_int_getSelectionCount____
SPECIAL::get (V) | selection (N) ++ :: SelectionArray (N) :: selectionmanager (N) ::SelectionManager_SelectionArray_getSelection____
SPECIAL::set (V) | selection (N) ++ :: void (N) :: selectionmanager (N) ::SelectionManager_void_setSelection__SelectionArray__
BASE_VERB::add (V) | to selection (N) ++ :: void (N) :: selectionmanager (N) ::SelectionManager_void_addToSelection__SelectionArray__
BASE_VERB::add (V) | to selection (N) ++ :: void (N) :: selectionmanager (N) ::SelectionManager_void_addToSelection__Selection__
SPECIAL::set (V) | selection (N) ++ :: void (N) :: selectionmanager (N) ::SelectionManager_void_setSelection__Selection__
SPECIAL::get (V) | selection at offset (N) ++ :: Selection (N) :: selectionmanager (N) ::SelectionManager_Selection_getSelectionAtOffset__int__
BASE_VERB::remove (V) | from selection (N) ++ :: void (N) :: selectionmanager (N) ::SelectionManager_void_removeFromSelection__Selection__
BASE_VERB::resize (V) | selection (N) ++ :: void (N) :: selectionmanager (N) ::SelectionManager_void_resizeSelection__int-int-int-boolean__
SPECIAL::get (V) | selected lines (N) ++ :: intArray (N) :: selectionmanager (N) ::SelectionManager_intArray_getSelectedLines____
BASE_VERB::invert (V) | selection (N) ++ :: void (N) :: selectionmanager (N) ::SelectionManager_void_invertSelection____
SPECIAL::get (V) | selection start and end (N) ++ :: intArray (N) :: selectionmanager (N) ::SelectionManager_intArray_getSelectionStartAndEnd__int-int-Selection__
BASE_VERB::inside (V) | selection (N) ++ :: boolean (N) :: selectionmanager (N) ::SelectionManager_boolean_insideSelection__int-int__
CONSTRUCTOR::create (V) | text area (N) ++ :: StandaloneTextArea (N) :: standalonetextarea (N) ::StandaloneTextArea_StandaloneTextArea_StandaloneTextArea__IPropertyManager__
BASE_VERB::init (V) | text area (N) ++ :: void (N) :: standalonetextarea (N) ::StandaloneTextArea_void_initTextArea____
BASE_VERB::init (V) | gutter (N) ++ :: void (N) :: standalonetextarea (N) ::StandaloneTextArea_void_initGutter____
BASE_VERB::init (V) | painter (N) ++ :: void (N) :: standalonetextarea (N) ::StandaloneTextArea_void_initPainter____
SPECIAL::get (V) | property (N) ++ :: String (N) :: standalonetextarea (N) ::StandaloneTextArea_String_getProperty__String__
SPECIAL::get (V) | boolean property (N) ++ :: boolean (N) :: standalonetextarea (N) ::StandaloneTextArea_boolean_getBooleanProperty__String__
SPECIAL::get (V) | boolean property (N) ++ :: boolean (N) :: standalonetextarea (N) ::StandaloneTextArea_boolean_getBooleanProperty__String-boolean__
SPECIAL::get (V) | integer property (N) ++ :: int (N) :: standalonetextarea (N) ::StandaloneTextArea_int_getIntegerProperty__String-int__
SPECIAL::get (V) | font property (N) ++ :: Font (N) :: standalonetextarea (N) ::StandaloneTextArea_Font_getFontProperty__String__
SPECIAL::get (V) | font property (N) ++ :: Font (N) :: standalonetextarea (N) ::StandaloneTextArea_Font_getFontProperty__String-Font__
SPECIAL::get (V) | color property (N) ++ :: Color (N) :: standalonetextarea (N) ::StandaloneTextArea_Color_getColorProperty__String__
SPECIAL::get (V) | color property (N) ++ :: Color (N) :: standalonetextarea (N) ::StandaloneTextArea_Color_getColorProperty__String-Color__
BASE_VERB::properties (V) | changed (N) ++ :: void (N) :: standalonetextarea (N) ::StandaloneTextArea_void_propertiesChanged____
BASE_VERB::init (V) | buffer (N) ++ :: void (N) :: standalonetextarea (N) ::StandaloneTextArea_void_initBuffer____
BASE_VERB::action (V) | performed (N) ++ :: void (N) :: standalonetextarea (N) ::StandaloneTextArea_void_actionPerformed__ActionEvent__
BASE_VERB::add (V) | menu item (N) ++ :: JMenuItem (N) :: standalonetextarea (N) ::StandaloneTextArea_JMenuItem_addMenuItem__String-String__
SPECIAL::get (V) | property (N) ++ :: String (N) :: standalonetextarea (N) ::StandaloneTextArea_String_getProperty__String__
BASE_VERB::create (V) | text area (N) ++ :: StandaloneTextArea (N) :: standalonetextarea (N) ::StandaloneTextArea_StandaloneTextArea_createTextArea____
BASE_VERB::load (V) | properties (N) ++ :: Properties (N) :: standalonetextarea (N) ::StandaloneTextArea_Properties_loadProperties__String__
CONSTRUCTOR::create (V) | action set (N) ++ :: StandaloneTextArea (N) :: standalonetextarea (N) ::StandaloneTextArea_StandaloneTextArea_StandaloneActionSet__IPropertyManager-TextArea-URL__
SPECIAL::get (V) | array (N) ++ :: JEditBeanShellActionArray (N) :: standalonetextarea (N) ::StandaloneTextArea_JEditBeanShellActionArray_getArray__int__
SPECIAL::get (V) | property (N) ++ :: String (N) :: standalonetextarea (N) ::StandaloneTextArea_String_getProperty__String__
SPECIAL::get (V) | input handler (N) ++ :: AbstractInputHandler (N) :: standalonetextarea (N) ::StandaloneTextArea_AbstractInputHandler_getInputHandler____
BASE_VERB::create (V) | bean shell action (N) ++ :: JEditBeanShellAction (N) :: standalonetextarea (N) ::StandaloneTextArea_JEditBeanShellAction_createBeanShellAction__String-String-String-boolean-boolean-boolean__
BASE_VERB::main (V) | value (N) ++ :: void (N) :: standalonetextarea (N) ::StandaloneTextArea_void_main__StringArray__
CONSTRUCTOR::create (V) | area (N) ++ :: TextArea (N) :: textarea (N) ::TextArea_TextArea_TextArea__IPropertyManager-InputHandlerProvider__
SPECIAL::get (V) | fold painter (N) ++ :: FoldPainter (N) :: textarea (N) ::TextArea_FoldPainter_getFoldPainter____
BASE_VERB::invoke (V) | action (N) ++ :: void (N) :: textarea (N) ::TextArea_void_invokeAction__EventObject-JEditBeanShellAction__
SPECIAL::get (V) | action (N) ++ :: JEditBeanShellAction (N) :: textarea (N) ::TextArea_JEditBeanShellAction_getAction__String__
BASE_VERB::init (V) | input handler (N) ++ :: void (N) :: textarea (N) ::TextArea_void_initInputHandler____
SPECIAL::get (V) | action context (N) ++ :: JEditActionContextJEditBeanShellAction,JEditActionSetJEditBeanShellAction (N) :: textarea (N) ::TextArea_JEditActionContextJEditBeanShellAction,JEditActionSetJEditBeanShellAction_getActionContext____
SPECIAL::set (V) | mouse handler (N) ++ :: void (N) :: textarea (N) ::TextArea_void_setMouseHandler__MouseInputAdapter__
SPECIAL::set (V) | transfer handler (N) ++ :: void (N) :: textarea (N) ::TextArea_void_setTransferHandler__TransferHandler__
BASE_VERB::to (V) | string (N) ++ :: String (N) :: textarea (N) ::TextArea_String_toString____
BASE_VERB::dispose (V) | value (N) ++ :: void (N) :: textarea (N) ::TextArea_void_dispose____
SPECIAL::get (V) | input handler (N) ++ :: AbstractInputHandler (N) :: textarea (N) ::TextArea_AbstractInputHandler_getInputHandler____
SPECIAL::get (V) | painter (N) ++ :: TextAreaPainter (N) :: textarea (N) ::TextArea_TextAreaPainter_getPainter____
SPECIAL::get (V) | gutter (N) ++ :: Gutter (N) :: textarea (N) ::TextArea_Gutter_getGutter____
SPECIAL::get (V) | display manager (N) ++ :: DisplayManager (N) :: textarea (N) ::TextArea_DisplayManager_getDisplayManager____
SPECIAL::is (V) | caret blink enabled (N) ++ :: boolean (N) :: textarea (N) ::TextArea_boolean_isCaretBlinkEnabled____
SPECIAL::set (V) | caret blink enabled (N) ++ :: void (N) :: textarea (N) ::TextArea_void_setCaretBlinkEnabled__boolean__
SPECIAL::get (V) | electric scroll (N) ++ :: int (N) :: textarea (N) ::TextArea_int_getElectricScroll____
SPECIAL::set (V) | electric scroll (N) ++ :: void (N) :: textarea (N) ::TextArea_void_setElectricScroll__int__
SPECIAL::is (V) | quick copy enabled (N) ++ :: boolean (N) :: textarea (N) ::TextArea_boolean_isQuickCopyEnabled____
SPECIAL::set (V) | quick copy enabled (N) ++ :: void (N) :: textarea (N) ::TextArea_void_setQuickCopyEnabled__boolean__
SPECIAL::get (V) | buffer (N) ++ :: JEditBuffer (N) :: textarea (N) ::TextArea_JEditBuffer_getBuffer____
SPECIAL::set (V) | buffer (N) ++ :: void (N) :: textarea (N) ::TextArea_void_setBuffer__JEditBuffer__
SPECIAL::is (V) | editable (N) ++ :: boolean (N) :: textarea (N) ::TextArea_boolean_isEditable____
SPECIAL::is (V) | drag enabled (N) ++ :: boolean (N) :: textarea (N) ::TextArea_boolean_isDragEnabled____
SPECIAL::set (V) | drag enabled (N) ++ :: void (N) :: textarea (N) ::TextArea_void_setDragEnabled__boolean__
SPECIAL::get (V) | join non word chars (N) ++ :: boolean (N) :: textarea (N) ::TextArea_boolean_getJoinNonWordChars____
SPECIAL::set (V) | join non word chars (N) ++ :: void (N) :: textarea (N) ::TextArea_void_setJoinNonWordChars__boolean__
SPECIAL::is (V) | ctrl for rectangular selection (N) ++ :: boolean (N) :: textarea (N) ::TextArea_boolean_isCtrlForRectangularSelection____
SPECIAL::set (V) | ctrl for rectangular selection (N) ++ :: void (N) :: textarea (N) ::TextArea_void_setCtrlForRectangularSelection__boolean__
SPECIAL::get (V) | first line (N) ++ :: int (N) :: textarea (N) ::TextArea_int_getFirstLine____
SPECIAL::set (V) | first line (N) ++ :: void (N) :: textarea (N) ::TextArea_void_setFirstLine__int__
SPECIAL::get (V) | first physical line (N) ++ :: int (N) :: textarea (N) ::TextArea_int_getFirstPhysicalLine____
SPECIAL::set (V) | first physical line (N) ++ :: void (N) :: textarea (N) ::TextArea_void_setFirstPhysicalLine__int__
SPECIAL::set (V) | first physical line (N) ++ :: void (N) :: textarea (N) ::TextArea_void_setFirstPhysicalLine__int-int__
SPECIAL::get (V) | last physical line (N) ++ :: int (N) :: textarea (N) ::TextArea_int_getLastPhysicalLine____
SPECIAL::get (V) | last screen line (N) ++ :: int (N) :: textarea (N) ::TextArea_int_getLastScreenLine____
SPECIAL::get (V) | visible lines (N) ++ :: int (N) :: textarea (N) ::TextArea_int_getVisibleLines____
SPECIAL::get (V) | horizontal offset (N) ++ :: int (N) :: textarea (N) ::TextArea_int_getHorizontalOffset____
SPECIAL::set (V) | horizontal offset (N) ++ :: void (N) :: textarea (N) ::TextArea_void_setHorizontalOffset__int__
BASE_VERB::scroll (V) | up line (N) ++ :: void (N) :: textarea (N) ::TextArea_void_scrollUpLine____
BASE_VERB::scroll (V) | up page (N) ++ :: void (N) :: textarea (N) ::TextArea_void_scrollUpPage____
BASE_VERB::scroll (V) | down line (N) ++ :: void (N) :: textarea (N) ::TextArea_void_scrollDownLine____
BASE_VERB::scroll (V) | down page (N) ++ :: void (N) :: textarea (N) ::TextArea_void_scrollDownPage____
BASE_VERB::scroll (V) | to caret (N) ++ :: void (N) :: textarea (N) ::TextArea_void_scrollToCaret__boolean__
BASE_VERB::scroll (V) | to (N) ++ :: void (N) :: textarea (N) ::TextArea_void_scrollTo__int-boolean__
BASE_VERB::scroll (V) | to (N) ++ :: void (N) :: textarea (N) ::TextArea_void_scrollTo__int-int-boolean__
BASE_VERB::add (V) | scroll listener (N) ++ :: void (N) :: textarea (N) ::TextArea_void_addScrollListener__ScrollListener__
BASE_VERB::remove (V) | scroll listener (N) ++ :: void (N) :: textarea (N) ::TextArea_void_removeScrollListener__ScrollListener__
SPECIAL::get (V) | physical line of screen line (N) ++ :: int (N) :: textarea (N) ::TextArea_int_getPhysicalLineOfScreenLine__int__
SPECIAL::get (V) | screen line of offset (N) ++ :: int (N) :: textarea (N) ::TextArea_int_getScreenLineOfOffset__int__
SPECIAL::get (V) | screen line start offset (N) ++ :: int (N) :: textarea (N) ::TextArea_int_getScreenLineStartOffset__int__
SPECIAL::get (V) | screen line end offset (N) ++ :: int (N) :: textarea (N) ::TextArea_int_getScreenLineEndOffset__int__
BASE_VERB::xy (V) | to offset (N) ++ :: int (N) :: textarea (N) ::TextArea_int_xyToOffset__int-int__
BASE_VERB::xy (V) | to offset (N) ++ :: int (N) :: textarea (N) ::TextArea_int_xyToOffset__int-int-boolean__
BASE_VERB::x (V) | to screen line offset (N) ++ :: int (N) :: textarea (N) ::TextArea_int_xToScreenLineOffset__int-int-boolean__
BASE_VERB::offset (V) | to xy (N) ++ :: Point (N) :: textarea (N) ::TextArea_Point_offsetToXY__int__
BASE_VERB::offset (V) | to xy (N) ++ :: Point (N) :: textarea (N) ::TextArea_Point_offsetToXY__int-int__
BASE_VERB::offset (V) | to xy (N) ++ :: Point (N) :: textarea (N) ::TextArea_Point_offsetToXY__int-int-Point__
BASE_VERB::invalidate (V) | screen line range (N) ++ :: void (N) :: textarea (N) ::TextArea_void_invalidateScreenLineRange__int-int__
BASE_VERB::invalidate (V) | line (N) ++ :: void (N) :: textarea (N) ::TextArea_void_invalidateLine__int__
BASE_VERB::invalidate (V) | line range (N) ++ :: void (N) :: textarea (N) ::TextArea_void_invalidateLineRange__int-int__
SPECIAL::get (V) | buffer length (N) ++ :: int (N) :: textarea (N) ::TextArea_int_getBufferLength____
SPECIAL::get (V) | line count (N) ++ :: int (N) :: textarea (N) ::TextArea_int_getLineCount____
SPECIAL::get (V) | line of offset (N) ++ :: int (N) :: textarea (N) ::TextArea_int_getLineOfOffset__int__
SPECIAL::get (V) | line start offset (N) ++ :: int (N) :: textarea (N) ::TextArea_int_getLineStartOffset__int__
SPECIAL::get (V) | line end offset (N) ++ :: int (N) :: textarea (N) ::TextArea_int_getLineEndOffset__int__
SPECIAL::get (V) | line length (N) ++ :: int (N) :: textarea (N) ::TextArea_int_getLineLength__int__
SPECIAL::get (V) | text (N) ++ :: String (N) :: textarea (N) ::TextArea_String_getText__int-int__
SPECIAL::get (V) | text (N) ++ :: void (N) :: textarea (N) ::TextArea_void_getText__int-int-Segment__
SPECIAL::get (V) | text (N) ++ :: String (N) :: textarea (N) ::TextArea_String_getText____
SPECIAL::get (V) | line text (N) ++ :: String (N) :: textarea (N) ::TextArea_String_getLineText__int__
SPECIAL::get (V) | line text (N) ++ :: void (N) :: textarea (N) ::TextArea_void_getLineText__int-Segment__
SPECIAL::get (V) | visible line text (N) ++ :: String (N) :: textarea (N) ::TextArea_String_getVisibleLineText__int__
SPECIAL::get (V) | visible line text (N) ++ :: void (N) :: textarea (N) ::TextArea_void_getVisibleLineText__int-Segment__
SPECIAL::get (V) | visible line segment (N) ++ :: CharSequence (N) :: textarea (N) ::TextArea_CharSequence_getVisibleLineSegment__int__
SPECIAL::set (V) | text (N) ++ :: void (N) :: textarea (N) ::TextArea_void_setText__String__
BASE_VERB::select (V) | all (N) ++ :: void (N) :: textarea (N) ::TextArea_void_selectAll____
BASE_VERB::select (V) | line (N) ++ :: void (N) :: textarea (N) ::TextArea_void_selectLine____
BASE_VERB::select (V) | paragraph (N) ++ :: void (N) :: textarea (N) ::TextArea_void_selectParagraph____
BASE_VERB::select (V) | word (N) ++ :: void (N) :: textarea (N) ::TextArea_void_selectWord____
BASE_VERB::select (V) | to matching bracket (N) ++ :: Selection (N) :: textarea (N) ::TextArea_Selection_selectToMatchingBracket__int-boolean__
BASE_VERB::select (V) | to matching bracket (N) ++ :: void (N) :: textarea (N) ::TextArea_void_selectToMatchingBracket____
BASE_VERB::select (V) | block (N) ++ :: void (N) :: textarea (N) ::TextArea_void_selectBlock____
BASE_VERB::line (V) | in structure scope (N) ++ :: boolean (N) :: textarea (N) ::TextArea_boolean_lineInStructureScope__int__
BASE_VERB::invert (V) | selection (N) ++ :: void (N) :: textarea (N) ::TextArea_void_invertSelection____
SPECIAL::get (V) | selection count (N) ++ :: int (N) :: textarea (N) ::TextArea_int_getSelectionCount____
SPECIAL::get (V) | selection (N) ++ :: SelectionArray (N) :: textarea (N) ::TextArea_SelectionArray_getSelection____
SPECIAL::get (V) | selection (N) ++ :: Selection (N) :: textarea (N) ::TextArea_Selection_getSelection__int__
SPECIAL::get (V) | selection iterator (N) ++ :: IteratorSelection (N) :: textarea (N) ::TextArea_IteratorSelection_getSelectionIterator____
BASE_VERB::select (V) | none (N) ++ :: void (N) :: textarea (N) ::TextArea_void_selectNone____
SPECIAL::set (V) | selection (N) ++ :: void (N) :: textarea (N) ::TextArea_void_setSelection__SelectionArray__
SPECIAL::set (V) | selection (N) ++ :: void (N) :: textarea (N) ::TextArea_void_setSelection__Selection__
BASE_VERB::add (V) | to selection (N) ++ :: void (N) :: textarea (N) ::TextArea_void_addToSelection__SelectionArray__
BASE_VERB::add (V) | to selection (N) ++ :: void (N) :: textarea (N) ::TextArea_void_addToSelection__Selection__
SPECIAL::get (V) | selection at offset (N) ++ :: Selection (N) :: textarea (N) ::TextArea_Selection_getSelectionAtOffset__int__
BASE_VERB::remove (V) | from selection (N) ++ :: void (N) :: textarea (N) ::TextArea_void_removeFromSelection__Selection__
BASE_VERB::remove (V) | from selection (N) ++ :: void (N) :: textarea (N) ::TextArea_void_removeFromSelection__int__
BASE_VERB::resize (V) | selection (N) ++ :: void (N) :: textarea (N) ::TextArea_void_resizeSelection__int-int-int-boolean__
BASE_VERB::extend (V) | selection (N) ++ :: void (N) :: textarea (N) ::TextArea_void_extendSelection__int-int__
BASE_VERB::extend (V) | selection (N) ++ :: void (N) :: textarea (N) ::TextArea_void_extendSelection__int-int-int-int__
SPECIAL::get (V) | selected text (N) ++ :: String (N) :: textarea (N) ::TextArea_String_getSelectedText__Selection__
SPECIAL::get (V) | selected text (N) ++ :: String (N) :: textarea (N) ::TextArea_String_getSelectedText__String__
SPECIAL::get (V) | selected text (N) ++ :: String (N) :: textarea (N) ::TextArea_String_getSelectedText____
SPECIAL::set (V) | selected text (N) ++ :: void (N) :: textarea (N) ::TextArea_void_setSelectedText__Selection-String__
SPECIAL::set (V) | selected text (N) ++ :: void (N) :: textarea (N) ::TextArea_void_setSelectedText__String__
SPECIAL::set (V) | selected text (N) ++ :: void (N) :: textarea (N) ::TextArea_void_setSelectedText__String-boolean__
BASE_VERB::replace (V) | selection (N) ++ :: int (N) :: textarea (N) ::TextArea_int_replaceSelection__String__
SPECIAL::get (V) | selected lines (N) ++ :: intArray (N) :: textarea (N) ::TextArea_intArray_getSelectedLines____
BASE_VERB::caret (V) | auto scroll (N) ++ :: boolean (N) :: textarea (N) ::TextArea_boolean_caretAutoScroll____
BASE_VERB::add (V) | structure matcher (N) ++ :: void (N) :: textarea (N) ::TextArea_void_addStructureMatcher__StructureMatcher__
BASE_VERB::remove (V) | structure matcher (N) ++ :: void (N) :: textarea (N) ::TextArea_void_removeStructureMatcher__StructureMatcher__
SPECIAL::get (V) | structure match (N) ++ :: StructureMatcher.Match (N) :: textarea (N) ::TextArea_StructureMatcher.Match_getStructureMatch____
BASE_VERB::blink (V) | caret (N) ++ :: void (N) :: textarea (N) ::TextArea_void_blinkCaret____
BASE_VERB::center (V) | caret (N) ++ :: void (N) :: textarea (N) ::TextArea_void_centerCaret____
BASE_VERB::scroll (V) | and center caret (N) ++ :: void (N) :: textarea (N) ::TextArea_void_scrollAndCenterCaret____
SPECIAL::set (V) | caret position (N) ++ :: void (N) :: textarea (N) ::TextArea_void_setCaretPosition__int__
SPECIAL::set (V) | caret position (N) ++ :: void (N) :: textarea (N) ::TextArea_void_setCaretPosition__int-boolean__
BASE_VERB::move (V) | caret position (N) ++ :: void (N) :: textarea (N) ::TextArea_void_moveCaretPosition__int__
BASE_VERB::move (V) | caret position (N) ++ :: void (N) :: textarea (N) ::TextArea_void_moveCaretPosition__int-boolean__
BASE_VERB::move (V) | caret position (N) ++ :: void (N) :: textarea (N) ::TextArea_void_moveCaretPosition__int-int__
SPECIAL::get (V) | caret position (N) ++ :: int (N) :: textarea (N) ::TextArea_int_getCaretPosition____
SPECIAL::get (V) | caret line (N) ++ :: int (N) :: textarea (N) ::TextArea_int_getCaretLine____
SPECIAL::get (V) | magic caret position (N) ++ :: int (N) :: textarea (N) ::TextArea_int_getMagicCaretPosition____
SPECIAL::set (V) | magic caret position (N) ++ :: void (N) :: textarea (N) ::TextArea_void_setMagicCaretPosition__int__
BASE_VERB::add (V) | caret listener (N) ++ :: void (N) :: textarea (N) ::TextArea_void_addCaretListener__CaretListener__
BASE_VERB::remove (V) | caret listener (N) ++ :: void (N) :: textarea (N) ::TextArea_void_removeCaretListener__CaretListener__
BASE_VERB::go (V) | to next bracket (N) ++ :: void (N) :: textarea (N) ::TextArea_void_goToNextBracket__boolean__
BASE_VERB::go (V) | to next character (N) ++ :: void (N) :: textarea (N) ::TextArea_void_goToNextCharacter__boolean__
BASE_VERB::go (V) | to next line (N) ++ :: void (N) :: textarea (N) ::TextArea_void_goToNextLine__boolean__
BASE_VERB::go (V) | to next page (N) ++ :: void (N) :: textarea (N) ::TextArea_void_goToNextPage__boolean__
BASE_VERB::go (V) | to next paragraph (N) ++ :: void (N) :: textarea (N) ::TextArea_void_goToNextParagraph__boolean__
BASE_VERB::go (V) | to next word (N) ++ :: void (N) :: textarea (N) ::TextArea_void_goToNextWord__boolean__
BASE_VERB::go (V) | to next word (N) ++ :: void (N) :: textarea (N) ::TextArea_void_goToNextWord__boolean-boolean__
BASE_VERB::go (V) | to prev bracket (N) ++ :: void (N) :: textarea (N) ::TextArea_void_goToPrevBracket__boolean__
BASE_VERB::go (V) | to prev character (N) ++ :: void (N) :: textarea (N) ::TextArea_void_goToPrevCharacter__boolean__
BASE_VERB::go (V) | to prev line (N) ++ :: void (N) :: textarea (N) ::TextArea_void_goToPrevLine__boolean__
BASE_VERB::go (V) | to prev page (N) ++ :: void (N) :: textarea (N) ::TextArea_void_goToPrevPage__boolean__
BASE_VERB::go (V) | to prev paragraph (N) ++ :: void (N) :: textarea (N) ::TextArea_void_goToPrevParagraph__boolean__
BASE_VERB::go (V) | to prev word (N) ++ :: void (N) :: textarea (N) ::TextArea_void_goToPrevWord__boolean__
BASE_VERB::go (V) | to prev word (N) ++ :: void (N) :: textarea (N) ::TextArea_void_goToPrevWord__boolean-boolean__
BASE_VERB::go (V) | to prev word (N) ++ :: void (N) :: textarea (N) ::TextArea_void_goToPrevWord__boolean-boolean-boolean__
BASE_VERB::home (V) | value (N) ++ :: void (N) :: textarea (N) ::TextArea_void_home__boolean__
BASE_VERB::end (V) | value (N) ++ :: void (N) :: textarea (N) ::TextArea_void_end__boolean__
BASE_VERB::smart (V) | home (N) ++ :: void (N) :: textarea (N) ::TextArea_void_smartHome__boolean__
BASE_VERB::smart (V) | end (N) ++ :: void (N) :: textarea (N) ::TextArea_void_smartEnd__boolean__
BASE_VERB::go (V) | to start of line (N) ++ :: void (N) :: textarea (N) ::TextArea_void_goToStartOfLine__boolean__
BASE_VERB::go (V) | to end of line (N) ++ :: void (N) :: textarea (N) ::TextArea_void_goToEndOfLine__boolean__
BASE_VERB::go (V) | to end of code (N) ++ :: void (N) :: textarea (N) ::TextArea_void_goToEndOfCode__boolean__
BASE_VERB::go (V) | to start of white space (N) ++ :: void (N) :: textarea (N) ::TextArea_void_goToStartOfWhiteSpace__boolean__
BASE_VERB::go (V) | to end of white space (N) ++ :: void (N) :: textarea (N) ::TextArea_void_goToEndOfWhiteSpace__boolean__
BASE_VERB::go (V) | to first visible line (N) ++ :: void (N) :: textarea (N) ::TextArea_void_goToFirstVisibleLine__boolean__
BASE_VERB::go (V) | to last visible line (N) ++ :: void (N) :: textarea (N) ::TextArea_void_goToLastVisibleLine__boolean__
BASE_VERB::go (V) | to buffer start (N) ++ :: void (N) :: textarea (N) ::TextArea_void_goToBufferStart__boolean__
BASE_VERB::go (V) | to buffer end (N) ++ :: void (N) :: textarea (N) ::TextArea_void_goToBufferEnd__boolean__
BASE_VERB::go (V) | to matching bracket (N) ++ :: void (N) :: textarea (N) ::TextArea_void_goToMatchingBracket____
BASE_VERB::user (V) | input (N) ++ :: void (N) :: textarea (N) ::TextArea_void_userInput__char__
SPECIAL::is (V) | overwrite enabled (N) ++ :: boolean (N) :: textarea (N) ::TextArea_boolean_isOverwriteEnabled____
SPECIAL::set (V) | overwrite enabled (N) ++ :: void (N) :: textarea (N) ::TextArea_void_setOverwriteEnabled__boolean__
BASE_VERB::toggle (V) | overwrite enabled (N) ++ :: void (N) :: textarea (N) ::TextArea_void_toggleOverwriteEnabled____
BASE_VERB::backspace (V) | value (N) ++ :: void (N) :: textarea (N) ::TextArea_void_backspace____
BASE_VERB::backspace (V) | word (N) ++ :: void (N) :: textarea (N) ::TextArea_void_backspaceWord____
BASE_VERB::backspace (V) | word (N) ++ :: void (N) :: textarea (N) ::TextArea_void_backspaceWord__boolean__
BASE_VERB::backspace (V) | word (N) ++ :: void (N) :: textarea (N) ::TextArea_void_backspaceWord__boolean-boolean__
BASE_VERB::delete (V) | value (N) ++ :: void (N) :: textarea (N) ::TextArea_void_delete____
BASE_VERB::delete (V) | to end of line (N) ++ :: void (N) :: textarea (N) ::TextArea_void_deleteToEndOfLine____
BASE_VERB::delete (V) | line (N) ++ :: void (N) :: textarea (N) ::TextArea_void_deleteLine____
BASE_VERB::delete (V) | paragraph (N) ++ :: void (N) :: textarea (N) ::TextArea_void_deleteParagraph____
BASE_VERB::delete (V) | to start of line (N) ++ :: void (N) :: textarea (N) ::TextArea_void_deleteToStartOfLine____
BASE_VERB::delete (V) | word (N) ++ :: void (N) :: textarea (N) ::TextArea_void_deleteWord____
BASE_VERB::delete (V) | word (N) ++ :: void (N) :: textarea (N) ::TextArea_void_deleteWord__boolean__
SPECIAL::is (V) | multiple selection enabled (N) ++ :: boolean (N) :: textarea (N) ::TextArea_boolean_isMultipleSelectionEnabled____
BASE_VERB::toggle (V) | multiple selection enabled (N) ++ :: void (N) :: textarea (N) ::TextArea_void_toggleMultipleSelectionEnabled____
SPECIAL::set (V) | multiple selection enabled (N) ++ :: void (N) :: textarea (N) ::TextArea_void_setMultipleSelectionEnabled__boolean__
SPECIAL::is (V) | rectangular selection enabled (N) ++ :: boolean (N) :: textarea (N) ::TextArea_boolean_isRectangularSelectionEnabled____
BASE_VERB::toggle (V) | rectangular selection enabled (N) ++ :: void (N) :: textarea (N) ::TextArea_void_toggleRectangularSelectionEnabled____
SPECIAL::set (V) | rectangular selection enabled (N) ++ :: void (N) :: textarea (N) ::TextArea_void_setRectangularSelectionEnabled__boolean__
BASE_VERB::go (V) | to parent fold (N) ++ :: void (N) :: textarea (N) ::TextArea_void_goToParentFold____
BASE_VERB::go (V) | to next fold (N) ++ :: void (N) :: textarea (N) ::TextArea_void_goToNextFold__boolean__
BASE_VERB::go (V) | to prev fold (N) ++ :: void (N) :: textarea (N) ::TextArea_void_goToPrevFold__boolean__
BASE_VERB::collapse (V) | fold (N) ++ :: void (N) :: textarea (N) ::TextArea_void_collapseFold____
BASE_VERB::collapse (V) | fold (N) ++ :: void (N) :: textarea (N) ::TextArea_void_collapseFold__int__
BASE_VERB::expand (V) | fold (N) ++ :: void (N) :: textarea (N) ::TextArea_void_expandFold__boolean__
BASE_VERB::select (V) | fold (N) ++ :: void (N) :: textarea (N) ::TextArea_void_selectFold____
BASE_VERB::select (V) | fold (N) ++ :: void (N) :: textarea (N) ::TextArea_void_selectFold__int__
BASE_VERB::narrow (V) | to fold (N) ++ :: void (N) :: textarea (N) ::TextArea_void_narrowToFold____
BASE_VERB::narrow (V) | to selection (N) ++ :: void (N) :: textarea (N) ::TextArea_void_narrowToSelection____
BASE_VERB::add (V) | explicit fold (N) ++ :: void (N) :: textarea (N) ::TextArea_void_addExplicitFold____
BASE_VERB::line (V) | comment (N) ++ :: void (N) :: textarea (N) ::TextArea_void_lineComment____
BASE_VERB::range (V) | comment (N) ++ :: void (N) :: textarea (N) ::TextArea_void_rangeComment____
BASE_VERB::format (V) | paragraph (N) ++ :: void (N) :: textarea (N) ::TextArea_void_formatParagraph____
BASE_VERB::spaces (V) | to tabs (N) ++ :: void (N) :: textarea (N) ::TextArea_void_spacesToTabs____
BASE_VERB::tabs (V) | to spaces (N) ++ :: void (N) :: textarea (N) ::TextArea_void_tabsToSpaces____
BASE_VERB::to (V) | upper case (N) ++ :: void (N) :: textarea (N) ::TextArea_void_toUpperCase____
BASE_VERB::to (V) | lower case (N) ++ :: void (N) :: textarea (N) ::TextArea_void_toLowerCase____
BASE_VERB::remove (V) | trailing white space (N) ++ :: void (N) :: textarea (N) ::TextArea_void_removeTrailingWhiteSpace____
BASE_VERB::insert (V) | enter and indent (N) ++ :: void (N) :: textarea (N) ::TextArea_void_insertEnterAndIndent____
BASE_VERB::insert (V) | tab and indent (N) ++ :: void (N) :: textarea (N) ::TextArea_void_insertTabAndIndent____
BASE_VERB::indent (V) | selected lines (N) ++ :: void (N) :: textarea (N) ::TextArea_void_indentSelectedLines____
BASE_VERB::turn (V) | on elastic tabstops (N) ++ :: void (N) :: textarea (N) ::TextArea_void_turnOnElasticTabstops____
BASE_VERB::shift (V) | indent left (N) ++ :: void (N) :: textarea (N) ::TextArea_void_shiftIndentLeft____
BASE_VERB::shift (V) | indent right (N) ++ :: void (N) :: textarea (N) ::TextArea_void_shiftIndentRight____
BASE_VERB::join (V) | lines (N) ++ :: void (N) :: textarea (N) ::TextArea_void_joinLines____
BASE_VERB::add (V) | left of scroll bar (N) ++ :: void (N) :: textarea (N) ::TextArea_void_addLeftOfScrollBar__Component__
BASE_VERB::remove (V) | left of scroll bar (N) ++ :: void (N) :: textarea (N) ::TextArea_void_removeLeftOfScrollBar__Component__
BASE_VERB::add (V) | notify (N) ++ :: void (N) :: textarea (N) ::TextArea_void_addNotify____
BASE_VERB::remove (V) | notify (N) ++ :: void (N) :: textarea (N) ::TextArea_void_removeNotify____
SPECIAL::get (V) | focus traversal keys enabled (N) ++ :: boolean (N) :: textarea (N) ::TextArea_boolean_getFocusTraversalKeysEnabled____
SPECIAL::get (V) | focus cycle root (N) ++ :: boolean (N) :: textarea (N) ::TextArea_boolean_getFocusCycleRoot____
BASE_VERB::process (V) | key event (N) ++ :: void (N) :: textarea (N) ::TextArea_void_processKeyEvent__KeyEvent__
BASE_VERB::add (V) | top component (N) ++ :: void (N) :: textarea (N) ::TextArea_void_addTopComponent__Component__
BASE_VERB::remove (V) | top component (N) ++ :: void (N) :: textarea (N) ::TextArea_void_removeTopComponent__Component__
SPECIAL::get (V) | input method requests (N) ++ :: InputMethodRequests (N) :: textarea (N) ::TextArea_InputMethodRequests_getInputMethodRequests____
BASE_VERB::add (V) | status listener (N) ++ :: void (N) :: textarea (N) ::TextArea_void_addStatusListener__StatusListener__
BASE_VERB::remove (V) | status listener (N) ++ :: void (N) :: textarea (N) ::TextArea_void_removeStatusListener__StatusListener__
BASE_VERB::properties (V) | changed (N) ++ :: void (N) :: textarea (N) ::TextArea_void_propertiesChanged____
BASE_VERB::add (V) | action set (N) ++ :: void (N) :: textarea (N) ::TextArea_void_addActionSet__JEditActionSetJEditBeanShellAction__
SPECIAL::get (V) | mark position (N) ++ :: int (N) :: textarea (N) ::TextArea_int_getMarkPosition____
SPECIAL::is (V) | caret visible (N) ++ :: boolean (N) :: textarea (N) ::TextArea_boolean_isCaretVisible____
SPECIAL::is (V) | structure highlight visible (N) ++ :: boolean (N) :: textarea (N) ::TextArea_boolean_isStructureHighlightVisible____
BASE_VERB::update (V) | max horizontal scroll width (N) ++ :: void (N) :: textarea (N) ::TextArea_void_updateMaxHorizontalScrollWidth____
BASE_VERB::recalculate (V) | visible lines (N) ++ :: void (N) :: textarea (N) ::TextArea_void_recalculateVisibleLines____
BASE_VERB::fold (V) | structure changed (N) ++ :: void (N) :: textarea (N) ::TextArea_void_foldStructureChanged____
BASE_VERB::run (V) | value (N) ++ :: void (N) :: textarea (N) ::TextArea_void_run____
BASE_VERB::update (V) | scroll bar (N) ++ :: void (N) :: textarea (N) ::TextArea_void_updateScrollBar____
BASE_VERB::finish (V) | caret update (N) ++ :: void (N) :: textarea (N) ::TextArea_void__finishCaretUpdate____
BASE_VERB::invalidate (V) | structure match (N) ++ :: void (N) :: textarea (N) ::TextArea_void_invalidateStructureMatch____
BASE_VERB::start (V) | drag and drop (N) ++ :: void (N) :: textarea (N) ::TextArea_void_startDragAndDrop__InputEvent-boolean__
BASE_VERB::fire (V) | narrow active (N) ++ :: void (N) :: textarea (N) ::TextArea_void_fireNarrowActive____
BASE_VERB::set (V) | horizontal offset (N) ++ :: void (N) :: textarea (N) ::TextArea_void__setHorizontalOffset__int__
BASE_VERB::invalidate (V) | selected lines (N) ++ :: void (N) :: textarea (N) ::TextArea_void_invalidateSelectedLines____
BASE_VERB::finish (V) | caret update (N) ++ :: void (N) :: textarea (N) ::TextArea_void_finishCaretUpdate__int-int-boolean__
BASE_VERB::fire (V) | caret event (N) ++ :: void (N) :: textarea (N) ::TextArea_void_fireCaretEvent____
BASE_VERB::fire (V) | scroll event (N) ++ :: void (N) :: textarea (N) ::TextArea_void_fireScrollEvent__boolean__
BASE_VERB::fire (V) | status changed (N) ++ :: void (N) :: textarea (N) ::TextArea_void_fireStatusChanged__int-boolean__
BASE_VERB::fire (V) | bracket selected (N) ++ :: void (N) :: textarea (N) ::TextArea_void_fireBracketSelected__int-String__
BASE_VERB::change (V) | line (N) ++ :: void (N) :: textarea (N) ::TextArea_void__changeLine__boolean-int__
BASE_VERB::line (V) | contains space and tabs (N) ++ :: boolean (N) :: textarea (N) ::TextArea_boolean_lineContainsSpaceAndTabs__int__
BASE_VERB::insert (V) | value (N) ++ :: void (N) :: textarea (N) ::TextArea_void_insert__String-boolean__
BASE_VERB::insert (V) | tab (N) ++ :: void (N) :: textarea (N) ::TextArea_void_insertTab____
BASE_VERB::user (V) | input tab (N) ++ :: void (N) :: textarea (N) ::TextArea_void_userInputTab____
BASE_VERB::do (V) | word wrap (N) ++ :: boolean (N) :: textarea (N) ::TextArea_boolean_doWordWrap__boolean__
BASE_VERB::update (V) | bracket highlight with delay (N) ++ :: void (N) :: textarea (N) ::TextArea_void_updateBracketHighlightWithDelay____
BASE_VERB::update (V) | structure highlight (N) ++ :: void (N) :: textarea (N) ::TextArea_void_updateStructureHighlight____
BASE_VERB::show (V) | structure status message (N) ++ :: void (N) :: textarea (N) ::TextArea_void_showStructureStatusMessage__boolean__
BASE_VERB::recalculate (V) | last physical line (N) ++ :: void (N) :: textarea (N) ::TextArea_void_recalculateLastPhysicalLine____
CONSTRUCTOR::create (V) | params (N) ++ :: TextArea (N) :: textarea (N) ::TextArea_TextArea_RectParams__int-int-int__
SPECIAL::get (V) | rect params (N) ++ :: RectParams (N) :: textarea (N) ::TextArea_RectParams_getRectParams__int-int__
BASE_VERB::delete (V) | next character (N) ++ :: void (N) :: textarea (N) ::TextArea_void_deleteNextCharacter__int__
BASE_VERB::delete (V) | prev code point (N) ++ :: void (N) :: textarea (N) ::TextArea_void_deletePrevCodePoint__int__
BASE_VERB::delete (V) | value (N) ++ :: void (N) :: textarea (N) ::TextArea_void_delete__boolean__
BASE_VERB::tall (V) | caret delete (N) ++ :: void (N) :: textarea (N) ::TextArea_void_tallCaretDelete__Selection.Rect-boolean__
BASE_VERB::shift (V) | tall caret left (N) ++ :: void (N) :: textarea (N) ::TextArea_void_shiftTallCaretLeft__Selection.Rect__
SPECIAL::set (V) | max line length (N) ++ :: void (N) :: textarea (N) ::TextArea_void_setMaxLineLength__int__
BASE_VERB::add (V) | explicit fold (N) ++ :: int (N) :: textarea (N) ::TextArea_int_addExplicitFold__int-int-int-int__
BASE_VERB::range (V) | line comment (N) ++ :: void (N) :: textarea (N) ::TextArea_void_rangeLineComment____
BASE_VERB::join (V) | line at (N) ++ :: void (N) :: textarea (N) ::TextArea_void_joinLineAt__int__
SPECIAL::is (V) | right click popup enabled (N) ++ :: boolean (N) :: textarea (N) ::TextArea_boolean_isRightClickPopupEnabled____
SPECIAL::set (V) | right click popup enabled (N) ++ :: void (N) :: textarea (N) ::TextArea_void_setRightClickPopupEnabled__boolean__
SPECIAL::get (V) | right click popup (N) ++ :: JPopupMenu (N) :: textarea (N) ::TextArea_JPopupMenu_getRightClickPopup____
SPECIAL::set (V) | right click popup (N) ++ :: void (N) :: textarea (N) ::TextArea_void_setRightClickPopup__JPopupMenu__
BASE_VERB::handle (V) | popup trigger (N) ++ :: void (N) :: textarea (N) ::TextArea_void_handlePopupTrigger__MouseEvent__
BASE_VERB::create (V) | popup menu (N) ++ :: void (N) :: textarea (N) ::TextArea_void_createPopupMenu__MouseEvent__
BASE_VERB::show (V) | popup menu (N) ++ :: void (N) :: textarea (N) ::TextArea_void_showPopupMenu____
BASE_VERB::show (V) | popup menu (N) ++ :: void (N) :: textarea (N) ::TextArea_void_showPopupMenu__JPopupMenu-Component-int-int-boolean__
CONSTRUCTOR::create (V) | character breaker (N) ++ :: TextArea (N) :: textarea (N) ::TextArea_TextArea_LineCharacterBreaker__TextArea-int__
BASE_VERB::offset (V) | is boundary (N) ++ :: boolean (N) :: textarea (N) ::TextArea_boolean_offsetIsBoundary__int__
BASE_VERB::next (V) | of (N) ++ :: int (N) :: textarea (N) ::TextArea_int_nextOf__int__
BASE_VERB::previous (V) | of (N) ++ :: int (N) :: textarea (N) ::TextArea_int_previousOf__int__
CONSTRUCTOR::create (V) | iterator (N) ++ :: TextArea (N) :: textarea (N) ::TextArea_TextArea_CharIterator__CharSequence__
BASE_VERB::first (V) | value (N) ++ :: char (N) :: textarea (N) ::TextArea_char_first____
BASE_VERB::last (V) | value (N) ++ :: char (N) :: textarea (N) ::TextArea_char_last____
BASE_VERB::current (V) | value (N) ++ :: char (N) :: textarea (N) ::TextArea_char_current____
BASE_VERB::next (V) | value (N) ++ :: char (N) :: textarea (N) ::TextArea_char_next____
BASE_VERB::previous (V) | value (N) ++ :: char (N) :: textarea (N) ::TextArea_char_previous____
SPECIAL::set (V) | index (N) ++ :: char (N) :: textarea (N) ::TextArea_char_setIndex__int__
SPECIAL::get (V) | begin index (N) ++ :: int (N) :: textarea (N) ::TextArea_int_getBeginIndex____
SPECIAL::get (V) | end index (N) ++ :: int (N) :: textarea (N) ::TextArea_int_getEndIndex____
SPECIAL::get (V) | index (N) ++ :: int (N) :: textarea (N) ::TextArea_int_getIndex____
BASE_VERB::clone (V) | value (N) ++ :: Object (N) :: textarea (N) ::TextArea_Object_clone____
SPECIAL::get (V) | prev character offset (N) ++ :: int (N) :: textarea (N) ::TextArea_int_getPrevCharacterOffset__int__
SPECIAL::get (V) | next character offset (N) ++ :: int (N) :: textarea (N) ::TextArea_int_getNextCharacterOffset__int__
SPECIAL::get (V) | character boundary at (N) ++ :: int (N) :: textarea (N) ::TextArea_int_getCharacterBoundaryAt__int__
BASE_VERB::action (V) | performed (N) ++ :: void (N) :: textarea (N) ::TextArea_void_actionPerformed__ActionEvent__
CONSTRUCTOR::create (V) | caret event (N) ++ :: TextArea (N) :: textarea (N) ::TextArea_TextArea_MutableCaretEvent____
SPECIAL::get (V) | dot (N) ++ :: int (N) :: textarea (N) ::TextArea_int_getDot____
SPECIAL::get (V) | mark (N) ++ :: int (N) :: textarea (N) ::TextArea_int_getMark____
BASE_VERB::adjustment (V) | value changed (N) ++ :: void (N) :: textarea (N) ::TextArea_void_adjustmentValueChanged__AdjustmentEvent__
BASE_VERB::focus (V) | gained (N) ++ :: void (N) :: textarea (N) ::TextArea_void_focusGained__FocusEvent__
BASE_VERB::focus (V) | lost (N) ++ :: void (N) :: textarea (N) ::TextArea_void_focusLost__FocusEvent__
BASE_VERB::mouse (V) | wheel moved (N) ++ :: void (N) :: textarea (N) ::TextArea_void_mouseWheelMoved__MouseWheelEvent__
BASE_VERB::action (V) | performed (N) ++ :: void (N) :: textarea (N) ::TextArea_void_actionPerformed__ActionEvent__
SPECIAL::get (V) | tab expander (N) ++ :: TabExpander (N) :: textarea (N) ::TextArea_TabExpander_getTabExpander____
CONSTRUCTOR::create (V) | area mouse handler (N) ++ :: TextAreaMouseHandler (N) :: textareamousehandler (N) ::TextAreaMouseHandler_TextAreaMouseHandler_TextAreaMouseHandler__TextArea__
BASE_VERB::mouse (V) | pressed (N) ++ :: void (N) :: textareamousehandler (N) ::TextAreaMouseHandler_void_mousePressed__MouseEvent__
BASE_VERB::do (V) | single click (N) ++ :: void (N) :: textareamousehandler (N) ::TextAreaMouseHandler_void_doSingleClick__MouseEvent__
BASE_VERB::do (V) | double click (N) ++ :: void (N) :: textareamousehandler (N) ::TextAreaMouseHandler_void_doDoubleClick____
BASE_VERB::do (V) | triple click (N) ++ :: void (N) :: textareamousehandler (N) ::TextAreaMouseHandler_void_doTripleClick____
BASE_VERB::mouse (V) | moved (N) ++ :: void (N) :: textareamousehandler (N) ::TextAreaMouseHandler_void_mouseMoved__MouseEvent__
BASE_VERB::mouse (V) | dragged (N) ++ :: void (N) :: textareamousehandler (N) ::TextAreaMouseHandler_void_mouseDragged__MouseEvent__
BASE_VERB::do (V) | single drag (N) ++ :: void (N) :: textareamousehandler (N) ::TextAreaMouseHandler_void_doSingleDrag__MouseEvent__
BASE_VERB::do (V) | double drag (N) ++ :: void (N) :: textareamousehandler (N) ::TextAreaMouseHandler_void_doDoubleDrag__MouseEvent__
BASE_VERB::do (V) | triple drag (N) ++ :: void (N) :: textareamousehandler (N) ::TextAreaMouseHandler_void_doTripleDrag__MouseEvent__
BASE_VERB::mouse (V) | released (N) ++ :: void (N) :: textareamousehandler (N) ::TextAreaMouseHandler_void_mouseReleased__MouseEvent__
SPECIAL::is (V) | popup trigger (N) ++ :: boolean (N) :: textareamousehandler (N) ::TextAreaMouseHandler_boolean_isPopupTrigger__MouseEvent__
SPECIAL::is (V) | middle button (N) ++ :: boolean (N) :: textareamousehandler (N) ::TextAreaMouseHandler_boolean_isMiddleButton__int__
SPECIAL::is (V) | right button (N) ++ :: boolean (N) :: textareamousehandler (N) ::TextAreaMouseHandler_boolean_isRightButton__int__
SPECIAL::get (V) | selection pivot caret (N) ++ :: int (N) :: textareamousehandler (N) ::TextAreaMouseHandler_int_getSelectionPivotCaret____
SPECIAL::get (V) | selection pivot line (N) ++ :: int (N) :: textareamousehandler (N) ::TextAreaMouseHandler_int_getSelectionPivotLine____
BASE_VERB::show (V) | cursor (N) ++ :: void (N) :: textareamousehandler (N) ::TextAreaMouseHandler_void_showCursor____
SPECIAL::set (V) | bounds (N) ++ :: void (N) :: textareapainter (N) ::TextAreaPainter_void_setBounds__int-int-int-int__
BASE_VERB::add (V) | notify (N) ++ :: void (N) :: textareapainter (N) ::TextAreaPainter_void_addNotify____
SPECIAL::set (V) | cursor (N) ++ :: void (N) :: textareapainter (N) ::TextAreaPainter_void_setCursor__Cursor__
BASE_VERB::reset (V) | cursor (N) ++ :: void (N) :: textareapainter (N) ::TextAreaPainter_void_resetCursor____
BASE_VERB::show (V) | cursor (N) ++ :: void (N) :: textareapainter (N) ::TextAreaPainter_void_showCursor____
BASE_VERB::hide (V) | cursor (N) ++ :: void (N) :: textareapainter (N) ::TextAreaPainter_void_hideCursor____
SPECIAL::get (V) | focus traversal keys enabled (N) ++ :: boolean (N) :: textareapainter (N) ::TextAreaPainter_boolean_getFocusTraversalKeysEnabled____
SPECIAL::get (V) | styles (N) ++ :: SyntaxStyleArray (N) :: textareapainter (N) ::TextAreaPainter_SyntaxStyleArray_getStyles____
SPECIAL::set (V) | styles (N) ++ :: void (N) :: textareapainter (N) ::TextAreaPainter_void_setStyles__SyntaxStyleArray__
SPECIAL::get (V) | caret color (N) ++ :: Color (N) :: textareapainter (N) ::TextAreaPainter_Color_getCaretColor____
SPECIAL::set (V) | caret color (N) ++ :: void (N) :: textareapainter (N) ::TextAreaPainter_void_setCaretColor__Color__
SPECIAL::get (V) | selection color (N) ++ :: Color (N) :: textareapainter (N) ::TextAreaPainter_Color_getSelectionColor____
SPECIAL::set (V) | selection color (N) ++ :: void (N) :: textareapainter (N) ::TextAreaPainter_void_setSelectionColor__Color__
SPECIAL::get (V) | multiple selection color (N) ++ :: Color (N) :: textareapainter (N) ::TextAreaPainter_Color_getMultipleSelectionColor____
SPECIAL::set (V) | multiple selection color (N) ++ :: void (N) :: textareapainter (N) ::TextAreaPainter_void_setMultipleSelectionColor__Color__
SPECIAL::get (V) | line highlight color (N) ++ :: Color (N) :: textareapainter (N) ::TextAreaPainter_Color_getLineHighlightColor____
SPECIAL::set (V) | line highlight color (N) ++ :: void (N) :: textareapainter (N) ::TextAreaPainter_void_setLineHighlightColor__Color__
SPECIAL::is (V) | line highlight enabled (N) ++ :: boolean (N) :: textareapainter (N) ::TextAreaPainter_boolean_isLineHighlightEnabled____
SPECIAL::set (V) | line highlight enabled (N) ++ :: void (N) :: textareapainter (N) ::TextAreaPainter_void_setLineHighlightEnabled__boolean__
SPECIAL::get (V) | selection fg color (N) ++ :: Color (N) :: textareapainter (N) ::TextAreaPainter_Color_getSelectionFgColor____
SPECIAL::set (V) | selection fg color (N) ++ :: void (N) :: textareapainter (N) ::TextAreaPainter_void_setSelectionFgColor__Color__
SPECIAL::is (V) | selection fg color enabled (N) ++ :: boolean (N) :: textareapainter (N) ::TextAreaPainter_boolean_isSelectionFgColorEnabled____
SPECIAL::set (V) | selection fg color enabled (N) ++ :: void (N) :: textareapainter (N) ::TextAreaPainter_void_setSelectionFgColorEnabled__boolean__
SPECIAL::get (V) | structure highlight color (N) ++ :: Color (N) :: textareapainter (N) ::TextAreaPainter_Color_getStructureHighlightColor____
SPECIAL::set (V) | structure highlight color (N) ++ :: void (N) :: textareapainter (N) ::TextAreaPainter_void_setStructureHighlightColor__Color__
SPECIAL::is (V) | structure highlight enabled (N) ++ :: boolean (N) :: textareapainter (N) ::TextAreaPainter_boolean_isStructureHighlightEnabled____
SPECIAL::set (V) | structure highlight enabled (N) ++ :: void (N) :: textareapainter (N) ::TextAreaPainter_void_setStructureHighlightEnabled__boolean__
SPECIAL::is (V) | block caret enabled (N) ++ :: boolean (N) :: textareapainter (N) ::TextAreaPainter_boolean_isBlockCaretEnabled____
SPECIAL::set (V) | block caret enabled (N) ++ :: void (N) :: textareapainter (N) ::TextAreaPainter_void_setBlockCaretEnabled__boolean__
SPECIAL::is (V) | thick caret enabled (N) ++ :: boolean (N) :: textareapainter (N) ::TextAreaPainter_boolean_isThickCaretEnabled____
SPECIAL::set (V) | thick caret enabled (N) ++ :: void (N) :: textareapainter (N) ::TextAreaPainter_void_setThickCaretEnabled__boolean__
SPECIAL::get (V) | eolmarker color (N) ++ :: Color (N) :: textareapainter (N) ::TextAreaPainter_Color_getEOLMarkerColor____
SPECIAL::set (V) | eolmarker color (N) ++ :: void (N) :: textareapainter (N) ::TextAreaPainter_void_setEOLMarkerColor__Color__
SPECIAL::get (V) | eolmarkers painted (N) ++ :: boolean (N) :: textareapainter (N) ::TextAreaPainter_boolean_getEOLMarkersPainted____
SPECIAL::set (V) | eolmarkers painted (N) ++ :: void (N) :: textareapainter (N) ::TextAreaPainter_void_setEOLMarkersPainted__boolean__
SPECIAL::get (V) | wrap guide color (N) ++ :: Color (N) :: textareapainter (N) ::TextAreaPainter_Color_getWrapGuideColor____
SPECIAL::set (V) | wrap guide color (N) ++ :: void (N) :: textareapainter (N) ::TextAreaPainter_void_setWrapGuideColor__Color__
SPECIAL::is (V) | wrap guide painted (N) ++ :: boolean (N) :: textareapainter (N) ::TextAreaPainter_boolean_isWrapGuidePainted____
SPECIAL::set (V) | wrap guide painted (N) ++ :: void (N) :: textareapainter (N) ::TextAreaPainter_void_setWrapGuidePainted__boolean__
SPECIAL::get (V) | fold line style (N) ++ :: SyntaxStyleArray (N) :: textareapainter (N) ::TextAreaPainter_SyntaxStyleArray_getFoldLineStyle____
SPECIAL::set (V) | fold line style (N) ++ :: void (N) :: textareapainter (N) ::TextAreaPainter_void_setFoldLineStyle__SyntaxStyleArray__
SPECIAL::set (V) | anti alias (N) ++ :: void (N) :: textareapainter (N) ::TextAreaPainter_void_setAntiAlias__AntiAlias__
SPECIAL::get (V) | anti alias (N) ++ :: AntiAlias (N) :: textareapainter (N) ::TextAreaPainter_AntiAlias_getAntiAlias____
SPECIAL::set (V) | fractional font metrics enabled (N) ++ :: void (N) :: textareapainter (N) ::TextAreaPainter_void_setFractionalFontMetricsEnabled__boolean__
SPECIAL::is (V) | fractional font metrics enabled (N) ++ :: boolean (N) :: textareapainter (N) ::TextAreaPainter_boolean_isFractionalFontMetricsEnabled____
SPECIAL::get (V) | font render context (N) ++ :: FontRenderContext (N) :: textareapainter (N) ::TextAreaPainter_FontRenderContext_getFontRenderContext____
BASE_VERB::add (V) | extension (N) ++ :: void (N) :: textareapainter (N) ::TextAreaPainter_void_addExtension__TextAreaExtension__
BASE_VERB::add (V) | extension (N) ++ :: void (N) :: textareapainter (N) ::TextAreaPainter_void_addExtension__int-TextAreaExtension__
BASE_VERB::remove (V) | extension (N) ++ :: void (N) :: textareapainter (N) ::TextAreaPainter_void_removeExtension__TextAreaExtension__
SPECIAL::get (V) | extensions (N) ++ :: TextAreaExtensionArray (N) :: textareapainter (N) ::TextAreaPainter_TextAreaExtensionArray_getExtensions____
SPECIAL::get (V) | tool tip text (N) ++ :: String (N) :: textareapainter (N) ::TextAreaPainter_String_getToolTipText__MouseEvent__
SPECIAL::get (V) | font metrics (N) ++ :: FontMetrics (N) :: textareapainter (N) ::TextAreaPainter_FontMetrics_getFontMetrics____
SPECIAL::get (V) | line height (N) ++ :: int (N) :: textareapainter (N) ::TextAreaPainter_int_getLineHeight____
SPECIAL::get (V) | font height (N) ++ :: int (N) :: textareapainter (N) ::TextAreaPainter_int_getFontHeight____
SPECIAL::get (V) | line extra spacing (N) ++ :: int (N) :: textareapainter (N) ::TextAreaPainter_int_getLineExtraSpacing____
SPECIAL::set (V) | line extra spacing (N) ++ :: void (N) :: textareapainter (N) ::TextAreaPainter_void_setLineExtraSpacing__int__
SPECIAL::set (V) | font (N) ++ :: void (N) :: textareapainter (N) ::TextAreaPainter_void_setFont__Font__
SPECIAL::get (V) | string width (N) ++ :: float (N) :: textareapainter (N) ::TextAreaPainter_float_getStringWidth__String__
SPECIAL::get (V) | rendering hints (N) ++ :: RenderingHints (N) :: textareapainter (N) ::TextAreaPainter_RenderingHints_getRenderingHints____
BASE_VERB::update (V) | value (N) ++ :: void (N) :: textareapainter (N) ::TextAreaPainter_void_update__Graphics__
BASE_VERB::paint (V) | value (N) ++ :: void (N) :: textareapainter (N) ::TextAreaPainter_void_paint__Graphics__
BASE_VERB::next (V) | tab stop (N) ++ :: float (N) :: textareapainter (N) ::TextAreaPainter_float_nextTabStop__float-int__
SPECIAL::get (V) | preferred size (N) ++ :: Dimension (N) :: textareapainter (N) ::TextAreaPainter_Dimension_getPreferredSize____
SPECIAL::get (V) | minimum size (N) ++ :: Dimension (N) :: textareapainter (N) ::TextAreaPainter_Dimension_getMinimumSize____
CONSTRUCTOR::create (V) | area painter (N) ++ :: TextAreaPainter (N) :: textareapainter (N) ::TextAreaPainter_TextAreaPainter_TextAreaPainter__TextArea__
BASE_VERB::update (V) | rendering hints (N) ++ :: void (N) :: textareapainter (N) ::TextAreaPainter_void_updateRenderingHints____
BASE_VERB::should (V) | paint line highlight (N) ++ :: boolean (N) :: textareapainter (N) ::TextAreaPainter_boolean_shouldPaintLineHighlight__int-int-int__
BASE_VERB::paint (V) | valid line (N) ++ :: void (N) :: textareapainter (N) ::TextAreaPainter_void_paintValidLine__Graphics2D-int-int-int-int-int__
BASE_VERB::paint (V) | valid line (N) ++ :: void (N) :: textareapainter (N) ::TextAreaPainter_void_paintValidLine__Graphics2D-int-int-int-int-int__
BASE_VERB::paint (V) | selection (N) ++ :: void (N) :: textareapainter (N) ::TextAreaPainter_void_paintSelection__Graphics2D-int-int-int-Selection__
BASE_VERB::paint (V) | valid line (N) ++ :: void (N) :: textareapainter (N) ::TextAreaPainter_void_paintValidLine__Graphics2D-int-int-int-int-int__
BASE_VERB::paint (V) | selection (N) ++ :: void (N) :: textareapainter (N) ::TextAreaPainter_void_paintSelection__Graphics2D-int-int-int-Selection__
BASE_VERB::next (V) | x (N) ++ :: float (N) :: textareapainter (N) ::TextAreaPainter_float_nextX__float-SyntaxStyle-String-int-int__
BASE_VERB::paint (V) | screen line range (N) ++ :: void (N) :: textareapainter (N) ::TextAreaPainter_void_paintScreenLineRange__Graphics2D-int-int-intArray-intArray-intArray-int-int__
SPECIAL::get (V) | tool tip text (N) ++ :: String (N) :: textareapainter (N) ::TextAreaPainter_String_getToolTipText__int-int__
BASE_VERB::paint (V) | valid line (N) ++ :: void (N) :: textareapainter (N) ::TextAreaPainter_void_paintValidLine__Graphics2D-int-int-int-int-int__
BASE_VERB::paint (V) | valid line (N) ++ :: void (N) :: textareapainter (N) ::TextAreaPainter_void_paintValidLine__Graphics2D-int-int-int-int-int__
CONSTRUCTOR::create (V) | thread (N) ++ :: WorkThread (N) :: workthread (N) ::WorkThread_WorkThread_WorkThread__WorkThreadPool-ThreadGroup-String__
SPECIAL::set (V) | abortable (N) ++ :: void (N) :: workthread (N) ::WorkThread_void_setAbortable__boolean__
SPECIAL::is (V) | request running (N) ++ :: boolean (N) :: workthread (N) ::WorkThread_boolean_isRequestRunning____
SPECIAL::is (V) | aborted (N) ++ :: boolean (N) :: workthread (N) ::WorkThread_boolean_isAborted____
SPECIAL::get (V) | status (N) ++ :: String (N) :: workthread (N) ::WorkThread_String_getStatus____
SPECIAL::set (V) | status (N) ++ :: void (N) :: workthread (N) ::WorkThread_void_setStatus__String__
SPECIAL::get (V) | progress value (N) ++ :: int (N) :: workthread (N) ::WorkThread_int_getProgressValue____
SPECIAL::set (V) | progress value (N) ++ :: void (N) :: workthread (N) ::WorkThread_void_setProgressValue__int__
SPECIAL::get (V) | progress maximum (N) ++ :: int (N) :: workthread (N) ::WorkThread_int_getProgressMaximum____
SPECIAL::set (V) | progress maximum (N) ++ :: void (N) :: workthread (N) ::WorkThread_void_setProgressMaximum__int__
BASE_VERB::abort (V) | current request (N) ++ :: void (N) :: workthread (N) ::WorkThread_void_abortCurrentRequest____
BASE_VERB::run (V) | value (N) ++ :: void (N) :: workthread (N) ::WorkThread_void_run____
BASE_VERB::do (V) | requests (N) ++ :: void (N) :: workthread (N) ::WorkThread_void_doRequests____
BASE_VERB::do (V) | request (N) ++ :: void (N) :: workthread (N) ::WorkThread_void_doRequest__WorkThreadPool.Request__
CONSTRUCTOR::create (V) | value (N) ++ :: WorkThread (N) :: workthread (N) ::WorkThread_WorkThread_Abort____
CONSTRUCTOR::create (V) | thread pool (N) ++ :: WorkThreadPool (N) :: workthreadpool (N) ::WorkThreadPool_WorkThreadPool_WorkThreadPool__String-int__
BASE_VERB::start (V) | value (N) ++ :: void (N) :: workthreadpool (N) ::WorkThreadPool_void_start____
BASE_VERB::add (V) | work request (N) ++ :: void (N) :: workthreadpool (N) ::WorkThreadPool_void_addWorkRequest__Runnable-boolean__
BASE_VERB::wait (V) | for requests (N) ++ :: void (N) :: workthreadpool (N) ::WorkThreadPool_void_waitForRequests____
SPECIAL::get (V) | request count (N) ++ :: int (N) :: workthreadpool (N) ::WorkThreadPool_int_getRequestCount____
SPECIAL::get (V) | thread count (N) ++ :: int (N) :: workthreadpool (N) ::WorkThreadPool_int_getThreadCount____
SPECIAL::get (V) | thread (N) ++ :: WorkThread (N) :: workthreadpool (N) ::WorkThreadPool_WorkThread_getThread__int__
BASE_VERB::add (V) | progress listener (N) ++ :: void (N) :: workthreadpool (N) ::WorkThreadPool_void_addProgressListener__WorkThreadProgressListener__
BASE_VERB::remove (V) | progress listener (N) ++ :: void (N) :: workthreadpool (N) ::WorkThreadPool_void_removeProgressListener__WorkThreadProgressListener__
BASE_VERB::fire (V) | status changed (N) ++ :: void (N) :: workthreadpool (N) ::WorkThreadPool_void_fireStatusChanged__WorkThread__
BASE_VERB::fire (V) | progress changed (N) ++ :: void (N) :: workthreadpool (N) ::WorkThreadPool_void_fireProgressChanged__WorkThread__
BASE_VERB::request (V) | done (N) ++ :: void (N) :: workthreadpool (N) ::WorkThreadPool_void_requestDone____
SPECIAL::get (V) | next request (N) ++ :: Request (N) :: workthreadpool (N) ::WorkThreadPool_Request_getNextRequest____
BASE_VERB::do (V) | awtrequests (N) ++ :: void (N) :: workthreadpool (N) ::WorkThreadPool_void_doAWTRequests____
BASE_VERB::do (V) | awtrequest (N) ++ :: void (N) :: workthreadpool (N) ::WorkThreadPool_void_doAWTRequest__Request__
BASE_VERB::queue (V) | awtrunner (N) ++ :: void (N) :: workthreadpool (N) ::WorkThreadPool_void_queueAWTRunner____
SPECIAL::get (V) | next awtrequest (N) ++ :: Request (N) :: workthreadpool (N) ::WorkThreadPool_Request_getNextAWTRequest____
CONSTRUCTOR::create (V) | value (N) ++ :: WorkThreadPool (N) :: workthreadpool (N) ::WorkThreadPool_WorkThreadPool_Request__Runnable__
BASE_VERB::to (V) | string (N) ++ :: String (N) :: workthreadpool (N) ::WorkThreadPool_String_toString____
BASE_VERB::run (V) | value (N) ++ :: void (N) :: workthreadpool (N) ::WorkThreadPool_void_run____
